{
"type": "FeatureCollection",
"name": "SWVPO2902",
"crs": { "type": "name", "properties": { "name": "urn:ogc:def:crs:OGC:1.3:CRS84" } },
"features": [
{ "type": "Feature", "properties": { "PO SWV": "PO2902", "strokeColor": "#A9A9A9", "strokeWidth": 2, "fillColor": "#ADD8E6" }, "geometry": { "type": "MultiPolygon", "coordinates": [ [ [ [ 3.432070683024183, 51.529530485952449 ], [ 3.433279285568361, 51.529532635318731 ], [ 3.433382792030546, 51.530279058658742 ], [ 3.432192693492174, 51.530359769719468 ], [ 3.432112017973245, 51.530484715493792 ], [ 3.432241009574658, 51.530612731014081 ], [ 3.433418689142695, 51.530538097403003 ], [ 3.433536192040633, 51.531189215381417 ], [ 3.432397323677844, 51.531268742424174 ], [ 3.432323506824482, 51.53143440662523 ], [ 3.433588488322652, 51.531440362823666 ], [ 3.435883169869971, 51.539741306470638 ], [ 3.436349769369444, 51.540714132899794 ], [ 3.438253826086561, 51.542529667099352 ], [ 3.442855836901978, 51.544530718978201 ], [ 3.442268773779813, 51.545140198666061 ], [ 3.442311844786405, 51.545303519404285 ], [ 3.442526593736138, 51.54528006135056 ], [ 3.443138819293811, 51.544632382290871 ], [ 3.444085286300723, 51.544982010141972 ], [ 3.443506054730545, 51.545605818539421 ], [ 3.443671449174527, 51.545781429576678 ], [ 3.444371591169059, 51.545085424102361 ], [ 3.445340376018037, 51.545447435970516 ], [ 3.444731569154316, 51.546109701910446 ], [ 3.444802137615312, 51.546266747568431 ], [ 3.445599376414609, 51.545553462871318 ], [ 3.446600748062759, 51.54594604256723 ], [ 3.446008408585485, 51.546531656608551 ], [ 3.446062807044169, 51.546734812889589 ], [ 3.446275390038561, 51.546712903142016 ], [ 3.446940958268798, 51.54608882520607 ], [ 3.447808764420262, 51.546432480853674 ], [ 3.447328305736247, 51.546946274956305 ], [ 3.447377747465956, 51.547090666400059 ], [ 3.447589514086547, 51.547102051163307 ], [ 3.448145014601959, 51.546566112696034 ], [ 3.449172268660794, 51.546983076418854 ], [ 3.448590074625884, 51.547512900165536 ], [ 3.448720821665228, 51.547699055284426 ], [ 3.44948656456683, 51.547097977450981 ], [ 3.450565017828005, 51.547572066536418 ], [ 3.450039877798563, 51.548088089856698 ], [ 3.450144915945648, 51.548283284643297 ], [ 3.450866476946993, 51.547697556326867 ], [ 3.451768978927327, 51.548079812491956 ], [ 3.451369937669371, 51.548451799872268 ], [ 3.451500009336316, 51.548621159330516 ], [ 3.452076291681831, 51.548209940741479 ], [ 3.453384449335795, 51.548708932741093 ], [ 3.452956450688366, 51.549189371102457 ], [ 3.45304167422231, 51.54934891825355 ], [ 3.453217645914747, 51.549351696511444 ], [ 3.453711022745384, 51.548810150578433 ], [ 3.455061048805065, 51.549183119635202 ], [ 3.454494730771096, 51.549685713019286 ], [ 3.454572519610487, 51.54987486849604 ], [ 3.455429000410126, 51.549272199590007 ], [ 3.456701300195923, 51.549547248459554 ], [ 3.456373304054294, 51.549839138750919 ], [ 3.456494931349025, 51.550034175901388 ], [ 3.457054263233909, 51.549627320746822 ], [ 3.458235475732121, 51.549941789051708 ], [ 3.457637213506343, 51.550430844624564 ], [ 3.457715637327311, 51.550620584875837 ], [ 3.458557779304305, 51.550036281080359 ], [ 3.460179628127277, 51.550493497730294 ], [ 3.460678694280579, 51.550774129245021 ], [ 3.459568967556078, 51.551740904189415 ], [ 3.459631519080851, 51.551949068453602 ], [ 3.46096318403422, 51.550903602670672 ], [ 3.462753878465374, 51.55161455232755 ], [ 3.461820720744213, 51.552406224540775 ], [ 3.46186870072075, 51.552616553866891 ], [ 3.463015442150753, 51.551744158247629 ], [ 3.464361050788153, 51.552276890708718 ], [ 3.465073713038319, 51.552690238988582 ], [ 3.464004392778445, 51.553633281988809 ], [ 3.46402792581602, 51.553817718439731 ], [ 3.464202847143585, 51.553821929124517 ], [ 3.465319142167184, 51.552827840870627 ], [ 3.467286797516004, 51.55382691277488 ], [ 3.465868770725072, 51.555047153972083 ], [ 3.465928526779901, 51.555275268993164 ], [ 3.467562609116051, 51.5539388007479 ], [ 3.469745851819813, 51.554757659662918 ], [ 3.4684012930955, 51.555926010517787 ], [ 3.468411204193977, 51.556155652211864 ], [ 3.469951796007383, 51.554936106243552 ], [ 3.472076350408844, 51.555911593278218 ], [ 3.47037043503606, 51.557424905106288 ], [ 3.470403991100293, 51.557616401384145 ], [ 3.47061659142802, 51.557577486714251 ], [ 3.472319281737882, 51.556062496892082 ], [ 3.473220379461817, 51.556515221355134 ], [ 3.472328597627093, 51.557299304904269 ], [ 3.472362581736715, 51.557499498980647 ], [ 3.472568468964897, 51.557477291529544 ], [ 3.47348848539668, 51.55665063331687 ], [ 3.474364979703104, 51.557092945714949 ], [ 3.473358917980629, 51.557983810422627 ], [ 3.473398071008993, 51.558167375794767 ], [ 3.47463525249788, 51.557222200155564 ], [ 3.475559192780232, 51.557639894676178 ], [ 3.474513695929608, 51.558558788604934 ], [ 3.474585017706423, 51.558766814441967 ], [ 3.475860939112316, 51.557767841839265 ], [ 3.476736789762798, 51.558126070725244 ], [ 3.474877236385809, 51.559794171105544 ], [ 3.474896293707539, 51.559993464905524 ], [ 3.475083098009286, 51.559978955414167 ], [ 3.47701938485637, 51.558244111571142 ], [ 3.479273264047981, 51.559087810302081 ], [ 3.477909728039944, 51.560292649015508 ], [ 3.477938747989927, 51.560492997270515 ], [ 3.478112719263866, 51.560484134534995 ], [ 3.47954743179041, 51.559200125865615 ], [ 3.481631888103155, 51.560207310553061 ], [ 3.479575567307185, 51.561970284280079 ], [ 3.479618559458871, 51.562179434493672 ], [ 3.479805585830321, 51.562163631402228 ], [ 3.481915832924554, 51.560339915086011 ], [ 3.483974628311083, 51.561306160742937 ], [ 3.482627256549468, 51.562492107934048 ], [ 3.482681334797954, 51.562693339107348 ], [ 3.484241159943693, 51.561446027347301 ], [ 3.48628664378766, 51.562467803267324 ], [ 3.484376011449063, 51.564134396758313 ], [ 3.484409647055396, 51.56432666041902 ], [ 3.484632714827157, 51.564276529625552 ], [ 3.486551049150377, 51.562594392440793 ], [ 3.488673980376146, 51.563499252425153 ], [ 3.487294432036697, 51.564734943657676 ], [ 3.487310504951753, 51.564958299528193 ], [ 3.487510506575037, 51.564959822297233 ], [ 3.488944197508857, 51.563633435603961 ], [ 3.490055511872533, 51.564178129317007 ], [ 3.490236049677236, 51.564570013164648 ], [ 3.490799926425256, 51.564802250778108 ], [ 3.489194372932581, 51.56622819169354 ], [ 3.489286308018312, 51.566426725188784 ], [ 3.491180998918856, 51.564933665512477 ], [ 3.493296082869251, 51.565793914409667 ], [ 3.492204348611244, 51.566752116799407 ], [ 3.492239720551618, 51.56695434914505 ], [ 3.492444130877367, 51.566948131691248 ], [ 3.493553151265329, 51.565922763948322 ], [ 3.495596148795331, 51.566977032718448 ], [ 3.49453231386074, 51.568095032952705 ], [ 3.494590123602469, 51.568301187240927 ], [ 3.495826448920605, 51.567139866875934 ], [ 3.496531787714988, 51.567474890648306 ], [ 3.498207787259543, 51.567860844594961 ], [ 3.497483862263674, 51.568611029439111 ], [ 3.497594869547907, 51.568832568474946 ], [ 3.498513161628716, 51.567931409471612 ], [ 3.500293233898659, 51.56839677315434 ], [ 3.500793884098057, 51.568725352950409 ], [ 3.499606710073766, 51.569929989149237 ], [ 3.499673421561836, 51.570138932803339 ], [ 3.501140375841756, 51.568769945828784 ], [ 3.501827065259302, 51.568860713255908 ], [ 3.503581558366673, 51.569469699160585 ], [ 3.50272487520879, 51.570354993159427 ], [ 3.50278409153034, 51.57058071384894 ], [ 3.502952628782531, 51.570564424549957 ], [ 3.50396020906187, 51.569507421615917 ], [ 3.506207845689153, 51.570330334325767 ], [ 3.505536447752623, 51.571055410351114 ], [ 3.505608997224032, 51.571256224615546 ], [ 3.506515028964936, 51.570436952789422 ], [ 3.508839801764148, 51.571300780677305 ], [ 3.508070266318602, 51.572090070072171 ], [ 3.508131176905839, 51.572277176655618 ], [ 3.508321928102058, 51.572269722207579 ], [ 3.509142504575337, 51.571425350536586 ], [ 3.511387588616868, 51.572310039912047 ], [ 3.510639406764557, 51.573027283117256 ], [ 3.51071302628901, 51.573231212670642 ], [ 3.511694547356532, 51.572420707499994 ], [ 3.513925713414568, 51.573209045736675 ], [ 3.513031478467014, 51.574029640131066 ], [ 3.513134320357615, 51.574236082995739 ], [ 3.514233924712289, 51.57331998247502 ], [ 3.516525347044032, 51.573986290539906 ], [ 3.515456497715991, 51.574973566940542 ], [ 3.515511699801499, 51.575166008521663 ], [ 3.516831934386145, 51.574075963235266 ], [ 3.517448554072887, 51.57431099889957 ], [ 3.51895274031456, 51.575062894852316 ], [ 3.51804984419127, 51.575943511649129 ], [ 3.518091419714036, 51.5761047327833 ], [ 3.51828491619397, 51.576119693646341 ], [ 3.519253214658249, 51.57517437320508 ], [ 3.520335941387234, 51.575401409175093 ], [ 3.521397837532933, 51.575897474862536 ], [ 3.520363300310338, 51.577057974239828 ], [ 3.520491822152886, 51.577253257445619 ], [ 3.521703577819257, 51.575972641753957 ], [ 3.523047726123131, 51.576342144819243 ], [ 3.523826999368023, 51.576955311393689 ], [ 3.522623082539995, 51.578204191198317 ], [ 3.522645892642688, 51.578351789095521 ], [ 3.522854206468848, 51.578368469410407 ], [ 3.524118422339134, 51.577073631051732 ], [ 3.524897046490185, 51.577364072632861 ], [ 3.526086901191719, 51.578128444650304 ], [ 3.524772476009675, 51.579318810989136 ], [ 3.52490418593929, 51.579512656730593 ], [ 3.526448437109344, 51.578177553279794 ], [ 3.527799990185793, 51.578283277972929 ], [ 3.531030570639479, 51.579198051520756 ], [ 3.531618221531377, 51.579453828678012 ], [ 3.53033564592645, 51.580669052380763 ], [ 3.530360047359807, 51.580828100419481 ], [ 3.530540602592324, 51.580848263938343 ], [ 3.531899458061623, 51.579576646159119 ], [ 3.535845246792177, 51.581041494553894 ], [ 3.536559152231132, 51.581391113584345 ], [ 3.535219841757243, 51.582545403802165 ], [ 3.535242394944193, 51.58270002033295 ], [ 3.535437502252667, 51.582735830003188 ], [ 3.536836444774748, 51.581547527531526 ], [ 3.53888346926159, 51.582454203983268 ], [ 3.537561227150626, 51.583616190875205 ], [ 3.537563310874362, 51.583756074417209 ], [ 3.537786992348068, 51.583803444879955 ], [ 3.539161786591466, 51.582605948580785 ], [ 3.540915582776303, 51.583718875038997 ], [ 3.539849625669993, 51.584705666111361 ], [ 3.539878075843821, 51.584858728556249 ], [ 3.540138227429344, 51.58485049201682 ], [ 3.541196851797979, 51.583855162595022 ], [ 3.543234244234882, 51.584787093753746 ], [ 3.542207156015296, 51.585823372253515 ], [ 3.542248230453673, 51.58597670562397 ], [ 3.542435591366925, 51.585997980762862 ], [ 3.543518444417826, 51.584909962427325 ], [ 3.545671968068787, 51.585800857068946 ], [ 3.54448815029122, 51.586956906972254 ], [ 3.544527459240034, 51.587112435663386 ], [ 3.544741457358827, 51.587139270844979 ], [ 3.545962296593636, 51.585939253961151 ], [ 3.547910435997339, 51.586973349565447 ], [ 3.54688822226485, 51.587986692459239 ], [ 3.546930107315545, 51.588139377193279 ], [ 3.547114131195389, 51.588159174031404 ], [ 3.548197448789285, 51.587099322864567 ], [ 3.550184432320724, 51.58789770274835 ], [ 3.550095420259006, 51.588179575539023 ], [ 3.550489918215463, 51.588011108785643 ], [ 3.552893286565436, 51.588815267235688 ], [ 3.551770822386973, 51.589933295635177 ], [ 3.551904212278178, 51.590124993211873 ], [ 3.553200502924348, 51.588905353168457 ], [ 3.555729218565664, 51.589398118496028 ], [ 3.554701722756068, 51.590461269554254 ], [ 3.554777212713945, 51.590634003530944 ], [ 3.556080439524095, 51.589437058317628 ], [ 3.558579727758482, 51.589950608752247 ], [ 3.556737622386435, 51.5918613750597 ], [ 3.556776709921021, 51.592022767989299 ], [ 3.556968721216933, 51.592029486287018 ], [ 3.558884879129748, 51.590042119830279 ], [ 3.561244628273464, 51.590687206028832 ], [ 3.560098814643082, 51.591800340568142 ], [ 3.560253169459041, 51.591981484780227 ], [ 3.561568305044395, 51.59076699033826 ], [ 3.564094830400124, 51.591278000734874 ], [ 3.561950114332033, 51.593503686107802 ], [ 3.562090047275436, 51.593696587505264 ], [ 3.564406188068518, 51.591348157205317 ], [ 3.566870215468256, 51.591856415324337 ], [ 3.565701308192433, 51.593155633728081 ], [ 3.565836406086665, 51.593338564436877 ], [ 3.567189231410597, 51.591927031474661 ], [ 3.57536033292683, 51.593634903279352 ], [ 3.577748990152929, 51.594274972379694 ], [ 3.581631629218615, 51.594736218999159 ], [ 3.582406823143756, 51.594763431077133 ], [ 3.583460121938504, 51.594310207648419 ], [ 3.587176693284222, 51.594178581336841 ], [ 3.589640593550611, 51.593836547737013 ], [ 3.594367651996472, 51.593924060884461 ], [ 3.60185918461206, 51.593346021164152 ], [ 3.60363319113934, 51.593404538315326 ], [ 3.605341827663961, 51.593182632547254 ], [ 3.607948541129102, 51.593137112188778 ], [ 3.609180082959086, 51.59302786128881 ], [ 3.613126298069927, 51.592061979272316 ], [ 3.618402917105988, 51.589981890449344 ], [ 3.619260833068781, 51.589777211312402 ], [ 3.62220475516331, 51.589407689506409 ], [ 3.626993738204356, 51.589691225137386 ], [ 3.628392677858091, 51.589546205290532 ], [ 3.629665137950269, 51.58909371510714 ], [ 3.636343640102639, 51.589816807818387 ], [ 3.64279410484252, 51.59079782368061 ], [ 3.666757588386134, 51.595326783541836 ], [ 3.678634837986138, 51.599163832165225 ], [ 3.680657854544456, 51.600129027535104 ], [ 3.680774159420879, 51.600679595218743 ], [ 3.680973376824403, 51.60088518046868 ], [ 3.681900065040277, 51.601103275577394 ], [ 3.683023519554933, 51.600944162889284 ], [ 3.683897532372344, 51.600160590857641 ], [ 3.686091165123225, 51.600555178457689 ], [ 3.686295284866696, 51.6004439498669 ], [ 3.686222959116265, 51.600162789358293 ], [ 3.683481192406496, 51.599509303663901 ], [ 3.684212431921114, 51.59809143495675 ], [ 3.684579228807102, 51.597886570828095 ], [ 3.687901087462927, 51.598530943205645 ], [ 3.688094688519875, 51.59915102329925 ], [ 3.68777319859813, 51.599220508341098 ], [ 3.687825622935657, 51.599695735030657 ], [ 3.688164433931373, 51.599762690592712 ], [ 3.688489531851813, 51.600700672790467 ], [ 3.688768148171321, 51.600627993183487 ], [ 3.688676142733679, 51.600213885501923 ], [ 3.689308789220589, 51.600250136048494 ], [ 3.689807269094227, 51.599930158208245 ], [ 3.68960657828045, 51.598075055658839 ], [ 3.691482149039639, 51.597754241343196 ], [ 3.69368312106173, 51.598009577674198 ], [ 3.697941833003096, 51.59934732570877 ], [ 3.699187108698705, 51.599462764159135 ], [ 3.699450548425968, 51.600446383577612 ], [ 3.699734440339358, 51.600606738728821 ], [ 3.699946378863701, 51.600412057339945 ], [ 3.699571015880461, 51.599441427835458 ], [ 3.6996241606961, 51.598632793944432 ], [ 3.700400837834616, 51.598192856242818 ], [ 3.708471316745926, 51.595030063289677 ], [ 3.711167526076741, 51.594882889091124 ], [ 3.714850160008607, 51.595169179459845 ], [ 3.71929820356367, 51.595756084326844 ], [ 3.719714103863276, 51.595664233797159 ], [ 3.719769070621341, 51.595354088217775 ], [ 3.718934674559108, 51.595110823031789 ], [ 3.719001069918885, 51.594789024198313 ], [ 3.718887810933811, 51.594679296604667 ], [ 3.718035191910915, 51.594988580301113 ], [ 3.713362276381384, 51.594278440086697 ], [ 3.713726026327184, 51.593669239091525 ], [ 3.713975298824506, 51.593679565939887 ], [ 3.714204015648424, 51.593327805969047 ], [ 3.714036423079779, 51.59314130208503 ], [ 3.714769408572951, 51.592006664901199 ], [ 3.716754277393895, 51.591506785774236 ], [ 3.718380689160454, 51.591726564430083 ], [ 3.718416994746017, 51.591939911512377 ], [ 3.718993063292662, 51.592025517914543 ], [ 3.719161655639476, 51.591806619016701 ], [ 3.720413339877241, 51.59197634401098 ], [ 3.719916659546235, 51.593677139986646 ], [ 3.719067369970401, 51.594253697558941 ], [ 3.719128142709311, 51.594469040873129 ], [ 3.719969951893247, 51.594121809785825 ], [ 3.720335140860176, 51.593660521375618 ], [ 3.720529728761683, 51.59308451984203 ], [ 3.721618919736177, 51.593174882826631 ], [ 3.722804717177122, 51.592675535345457 ], [ 3.725393682168825, 51.592395287809204 ], [ 3.72664557447934, 51.592397855210187 ], [ 3.730028818610029, 51.592776840928217 ], [ 3.73592395838391, 51.594673933013731 ], [ 3.736854882159768, 51.595516816530207 ], [ 3.737115300645246, 51.595392635741817 ], [ 3.737070571097181, 51.595067213383707 ], [ 3.741711942994741, 51.59450899755366 ], [ 3.74409940938118, 51.59549599153528 ], [ 3.74530657381699, 51.596258212003484 ], [ 3.745374714104719, 51.596576972167455 ], [ 3.744791076546325, 51.596752254657808 ], [ 3.744772717827678, 51.596984666931711 ], [ 3.745019267584054, 51.597153036550537 ], [ 3.746580151518106, 51.596971533952392 ], [ 3.748340272944802, 51.597662342348464 ], [ 3.74862384468223, 51.597552656367561 ], [ 3.748869762158119, 51.597040963269663 ], [ 3.751774352724075, 51.597094461724886 ], [ 3.751649396023009, 51.598883469802502 ], [ 3.751284085890437, 51.59907923657893 ], [ 3.751357552261696, 51.599354469527569 ], [ 3.751632841562863, 51.599309402431594 ], [ 3.751803307321618, 51.599532259329671 ], [ 3.752407636170085, 51.599403410459978 ], [ 3.752055962333644, 51.599175224470201 ], [ 3.752186123112706, 51.597109117711177 ], [ 3.759251483436998, 51.597189358644592 ], [ 3.760299549628106, 51.597712311516666 ], [ 3.760469415378484, 51.598487177102186 ], [ 3.761376073293064, 51.598933935027048 ], [ 3.76148076263801, 51.599244395570942 ], [ 3.760960803696489, 51.599479287178511 ], [ 3.761282615704963, 51.599714241233677 ], [ 3.771531634188565, 51.597987139528989 ], [ 3.774457790634408, 51.597290902433016 ], [ 3.775449153470772, 51.597586782368907 ], [ 3.776411652774806, 51.598234768119056 ], [ 3.776852264892827, 51.59886828739026 ], [ 3.777596242006211, 51.599537477717575 ], [ 3.778820822268403, 51.601263738727702 ], [ 3.780397497574532, 51.601992625784845 ], [ 3.781690672567906, 51.602124641367674 ], [ 3.789114714812651, 51.602133052538512 ], [ 3.791259381644645, 51.602386569803784 ], [ 3.791233353541565, 51.602933997063658 ], [ 3.791365672610403, 51.603051490604798 ], [ 3.791560901809554, 51.60293407179887 ], [ 3.79160113916787, 51.602426361389924 ], [ 3.793608000284304, 51.602642457538501 ], [ 3.794932338008441, 51.602903348555827 ], [ 3.796590763497597, 51.604345773718485 ], [ 3.796969240421192, 51.604266975793045 ], [ 3.79710526405534, 51.60403330120041 ], [ 3.796680235290172, 51.603463964661756 ], [ 3.796781400139155, 51.603317314398325 ], [ 3.796510776355158, 51.602813228352524 ], [ 3.797948638398508, 51.602735247259218 ], [ 3.797547715817582, 51.603035548116445 ], [ 3.798146522331033, 51.603746009046802 ], [ 3.798670746576138, 51.603683732058506 ], [ 3.798840282093706, 51.603506321915887 ], [ 3.799150277273006, 51.603397111512422 ], [ 3.798281643460604, 51.603979344995174 ], [ 3.797313790264712, 51.603818829354054 ], [ 3.797259343763267, 51.604139241603342 ], [ 3.798928351110865, 51.60481609964431 ], [ 3.799220100956744, 51.605026871831477 ], [ 3.799138143927379, 51.605378799929198 ], [ 3.799411771327579, 51.605535588739549 ], [ 3.803815156209304, 51.605353055643278 ], [ 3.804596908838598, 51.605491196646199 ], [ 3.804977984794536, 51.605338630861397 ], [ 3.804982229063988, 51.605059673316745 ], [ 3.807798345073184, 51.604902185314899 ], [ 3.808553318613038, 51.604925473927175 ], [ 3.807452161625461, 51.605193494565867 ], [ 3.807355957022871, 51.605429976507317 ], [ 3.807492814399857, 51.605584221020095 ], [ 3.809752319397061, 51.605116818840571 ], [ 3.811127989800214, 51.605531657574744 ], [ 3.812677289527134, 51.605571304471226 ], [ 3.813983446228376, 51.605162871773373 ], [ 3.818641683712301, 51.602869969302581 ], [ 3.819829467454898, 51.602611306315204 ], [ 3.82108121681405, 51.602583421367051 ], [ 3.83481890036554, 51.605807634191414 ], [ 3.835157196142045, 51.605627716477748 ], [ 3.835225089625113, 51.605172079680592 ], [ 3.838833348729714, 51.605116087976334 ], [ 3.838546450566124, 51.605729424356042 ], [ 3.838939673160775, 51.605957598312123 ], [ 3.840612679141953, 51.603949423422293 ], [ 3.841321328908736, 51.60363388620668 ], [ 3.84669098565418, 51.603558936990787 ], [ 3.848804401844013, 51.604323071422456 ], [ 3.850204949024339, 51.604164582614906 ], [ 3.850807420597649, 51.60387924431739 ], [ 3.850678868862934, 51.603712159899572 ], [ 3.850071905270916, 51.603677629493518 ], [ 3.848748257991526, 51.603826671045354 ], [ 3.846860353773343, 51.603089032694726 ], [ 3.842707931693567, 51.603141533425799 ], [ 3.841544189432291, 51.602755752554167 ], [ 3.84211728997225, 51.601984489928853 ], [ 3.842654596514024, 51.601958374834595 ], [ 3.842974825133586, 51.602226626332531 ], [ 3.844858809975185, 51.602170981738659 ], [ 3.845104006830937, 51.60232730216471 ], [ 3.845260695599991, 51.602196929117518 ], [ 3.84643063673135, 51.602611230454571 ], [ 3.848742971907854, 51.602572484142179 ], [ 3.850366944500013, 51.602358865891702 ], [ 3.850886256280294, 51.603526801691096 ], [ 3.850832416944854, 51.603715034859214 ], [ 3.851049074514825, 51.60383865222569 ], [ 3.851147708940243, 51.603641707908018 ], [ 3.851468819101995, 51.603716029878115 ], [ 3.851606749762752, 51.603485701708614 ], [ 3.851274444650203, 51.602440784159874 ], [ 3.851441246865148, 51.60208525735024 ], [ 3.851852848419254, 51.601832483187124 ], [ 3.85481947570101, 51.601261246337955 ], [ 3.861767579011291, 51.600319699602203 ], [ 3.863102006875524, 51.599684786652304 ], [ 3.866910021408899, 51.597195644994656 ], [ 3.873177275776163, 51.592519921720346 ], [ 3.874270016379926, 51.592780929900911 ], [ 3.874247001703595, 51.592597939811768 ], [ 3.873410820747679, 51.592293301012177 ], [ 3.873798926129926, 51.591830699487502 ], [ 3.874243889443253, 51.592101020296226 ], [ 3.874423028384831, 51.592053604939196 ], [ 3.874425624877875, 51.591896802431648 ], [ 3.87399077793548, 51.591612934267538 ], [ 3.874541125416838, 51.591700906052651 ], [ 3.874564854947754, 51.591499242874541 ], [ 3.874200597526193, 51.591358302246782 ], [ 3.874320090295753, 51.591215542993169 ], [ 3.874814641997222, 51.59127047210778 ], [ 3.874806894987787, 51.591088427375929 ], [ 3.874522202492803, 51.590977654069569 ], [ 3.874682380459052, 51.590798798212766 ], [ 3.875161296716513, 51.590818693355452 ], [ 3.875143265032023, 51.590664148683537 ], [ 3.874881143185043, 51.590570696050655 ], [ 3.876693984855248, 51.58844477684633 ], [ 3.877826594433429, 51.586498703049273 ], [ 3.878241650740805, 51.58616229201003 ], [ 3.878818004108348, 51.585161557926277 ], [ 3.87895928041968, 51.584422435519691 ], [ 3.881060211309368, 51.581086895371612 ], [ 3.885100242537513, 51.577988556901516 ], [ 3.885540621638159, 51.577353206337897 ], [ 3.888876585614352, 51.574552608093988 ], [ 3.890391479035868, 51.574737975667617 ], [ 3.891207063884603, 51.576276014840928 ], [ 3.89143725872635, 51.576399775021812 ], [ 3.891883728795134, 51.57623525888895 ], [ 3.892468699366938, 51.575023822260945 ], [ 3.894493648318936, 51.575300687465564 ], [ 3.894420133947012, 51.575125243028161 ], [ 3.892601364543626, 51.574776027099631 ], [ 3.894418258596212, 51.574590075652345 ], [ 3.894248195955792, 51.574246918960647 ], [ 3.892958259286311, 51.574179563969047 ], [ 3.893227327885757, 51.573679333975747 ], [ 3.893143336466079, 51.573506291859424 ], [ 3.892982581302275, 51.573524720142672 ], [ 3.892637020321679, 51.57418545521881 ], [ 3.889348580289429, 51.573643584977674 ], [ 3.888998327995731, 51.57351693802493 ], [ 3.888893748650276, 51.573303928757404 ], [ 3.889093821274237, 51.573186477710429 ], [ 3.888991233645782, 51.573038787426533 ], [ 3.889357596501847, 51.572319927694785 ], [ 3.892827488025851, 51.572855848974143 ], [ 3.893609972817082, 51.573319399654054 ], [ 3.894018491529857, 51.573116146198537 ], [ 3.893762809816203, 51.572645018022349 ], [ 3.894358424689782, 51.572680303579475 ], [ 3.894339461679349, 51.572518553382118 ], [ 3.893891853458494, 51.572363882859975 ], [ 3.89410019282977, 51.571814463970462 ], [ 3.8938831775148, 51.571518254554334 ], [ 3.893464563419388, 51.571556580799296 ], [ 3.893037033017196, 51.572311076248717 ], [ 3.892481117113482, 51.572134171386736 ], [ 3.892746889629484, 51.570191687476161 ], [ 3.893529130369504, 51.568116249791316 ], [ 3.894546731255792, 51.566590612088902 ], [ 3.896935326011166, 51.567058598711938 ], [ 3.896904707739856, 51.566812016273772 ], [ 3.894732224510109, 51.566333148973428 ], [ 3.895977234273231, 51.564979530879903 ], [ 3.897514908808111, 51.563713399559035 ], [ 3.89819333514156, 51.563936585474991 ], [ 3.898289779910662, 51.564301174444154 ], [ 3.898709676546091, 51.564413184213997 ], [ 3.898986839660018, 51.564270973817749 ], [ 3.899502930034156, 51.563457794539687 ], [ 3.899399864125004, 51.563085384755503 ], [ 3.898965145670386, 51.562803536824958 ], [ 3.898268132476092, 51.562744372209487 ], [ 3.897595818278304, 51.56298170896806 ], [ 3.897040997676001, 51.562613815455144 ], [ 3.896936927612791, 51.560258277454096 ], [ 3.897555121582859, 51.560458154019386 ], [ 3.897673047694834, 51.560215969788594 ], [ 3.89290107912239, 51.558084978536847 ], [ 3.887014433970127, 51.557194692480422 ], [ 3.886719450673445, 51.556824634004251 ], [ 3.885943870104389, 51.556697439506756 ], [ 3.886846084459051, 51.555079401028337 ], [ 3.886732119611992, 51.554907034123602 ], [ 3.885643193176868, 51.556656993649653 ], [ 3.885176255929814, 51.556584537898161 ], [ 3.884381246369164, 51.556835199620259 ], [ 3.873128751122008, 51.555241436013837 ], [ 3.872172057328155, 51.554914183665218 ], [ 3.871698714802648, 51.554487454172126 ], [ 3.871503560298714, 51.554069863093694 ], [ 3.871728842944201, 51.552925422665375 ], [ 3.871520925807415, 51.552000040318511 ], [ 3.870853675028719, 51.551843268912158 ], [ 3.869374166123453, 51.550795079243748 ], [ 3.866430554296461, 51.548383830877391 ], [ 3.864742186811819, 51.54678322969076 ], [ 3.865529658356978, 51.544963270076259 ], [ 3.868013117532366, 51.545035791990884 ], [ 3.871171297309763, 51.544652704871474 ], [ 3.871125658481787, 51.544411273367281 ], [ 3.87091736281092, 51.544315391334159 ], [ 3.868015669436259, 51.544620380419865 ], [ 3.866082042321603, 51.544440345998773 ], [ 3.865520323821067, 51.544212069202459 ], [ 3.865510284641554, 51.54400985448143 ], [ 3.866236624750099, 51.543902395292697 ], [ 3.868417972083781, 51.543988823581479 ], [ 3.868613116275447, 51.543859755892498 ], [ 3.868457289107555, 51.543636211894047 ], [ 3.86720263632037, 51.543593255274288 ], [ 3.866307394893043, 51.543276281643898 ], [ 3.866699557106934, 51.542317815028184 ], [ 3.86636622565271, 51.542181257509206 ], [ 3.866811900312128, 51.542073687721519 ], [ 3.867253083215314, 51.541010491933619 ], [ 3.867249292957171, 51.540216328932573 ], [ 3.868467692608575, 51.540200264672379 ], [ 3.869860102189194, 51.540528648086728 ], [ 3.870079939296797, 51.540758099957287 ], [ 3.869700200657278, 51.541484042788042 ], [ 3.86981639115057, 51.541710244445284 ], [ 3.870104782997737, 51.541773326352548 ], [ 3.870413091306857, 51.54161719205797 ], [ 3.870689748966107, 51.540634504498151 ], [ 3.871313934888187, 51.540524140880727 ], [ 3.878243439885667, 51.541898153041359 ], [ 3.878536676068698, 51.542017046555799 ], [ 3.877751317510438, 51.543505443535473 ], [ 3.87786330908755, 51.543677175408426 ], [ 3.878021783964418, 51.543638318947174 ], [ 3.878846962887267, 51.542080282234615 ], [ 3.879899295076395, 51.542300272293424 ], [ 3.879669398487948, 51.542723157022543 ], [ 3.879801381803072, 51.542852987544521 ], [ 3.880199971926982, 51.542366337707001 ], [ 3.88123959716588, 51.542584819353401 ], [ 3.881071800111233, 51.542976825054282 ], [ 3.881231340420307, 51.543094595869981 ], [ 3.881546969931716, 51.54264715592749 ], [ 3.882469402496757, 51.54282462963652 ], [ 3.886657359499617, 51.542912059467653 ], [ 3.891366626008248, 51.541418071250803 ], [ 3.891982034914842, 51.541417543646652 ], [ 3.892204520812126, 51.541625821134929 ], [ 3.892396009786177, 51.541438143225427 ], [ 3.892824597109497, 51.541392533987896 ], [ 3.893459487361208, 51.541596415883397 ], [ 3.894383645190176, 51.541291960393309 ], [ 3.898206838836805, 51.54122711067896 ], [ 3.898688612171331, 51.541374045809832 ], [ 3.898796486743782, 51.541608773532658 ], [ 3.899335068199481, 51.541667041442054 ], [ 3.900479850484184, 51.542263884262148 ], [ 3.900998088696149, 51.54290509202211 ], [ 3.900978134128836, 51.543606695408776 ], [ 3.901294779575843, 51.543764645144094 ], [ 3.903990289234931, 51.543728732384857 ], [ 3.904314219786062, 51.543886058720624 ], [ 3.904461735799227, 51.543721199345164 ], [ 3.905349955554932, 51.543699017345965 ], [ 3.905545365880462, 51.54385939099253 ], [ 3.906918713291418, 51.543763456804498 ], [ 3.91037961749517, 51.545423194500906 ], [ 3.912376815938551, 51.545795478148115 ], [ 3.918396248856705, 51.544099170678869 ], [ 3.919931550453953, 51.543993453167488 ], [ 3.921306926281786, 51.544268942734902 ], [ 3.921397290275117, 51.544968815964388 ], [ 3.921997511652076, 51.545434570900582 ], [ 3.922089091282076, 51.545252731955728 ], [ 3.921722312536261, 51.544875982706685 ], [ 3.921618767504767, 51.544146466699765 ], [ 3.922415002156485, 51.543880578735468 ], [ 3.923407698842871, 51.543820582612689 ], [ 3.924134048177678, 51.543940832292755 ], [ 3.923608161672338, 51.544131879010159 ], [ 3.923524133182721, 51.543949054389728 ], [ 3.923314913122779, 51.543978706870902 ], [ 3.923209094780297, 51.544309505349922 ], [ 3.923396127072102, 51.544479086351423 ], [ 3.924491481038742, 51.544091948162858 ], [ 3.925121537282752, 51.544175040014487 ], [ 3.925225221354347, 51.544383712788346 ], [ 3.924542233236858, 51.544562878078509 ], [ 3.9242858684155, 51.544903966566565 ], [ 3.923820607756902, 51.545141124348326 ], [ 3.923840982531416, 51.545571244459197 ], [ 3.924255006248627, 51.545319087488181 ], [ 3.924538357708011, 51.545559289336815 ], [ 3.924876612000833, 51.545122945097937 ], [ 3.925142153650134, 51.545108357030998 ], [ 3.924935232107583, 51.544725007841599 ], [ 3.927848986130587, 51.54424080012312 ], [ 3.927798683860687, 51.544028923784893 ], [ 3.927201916563347, 51.544037313466632 ], [ 3.927675538600109, 51.542832014379357 ], [ 3.928089572557442, 51.54246801878206 ], [ 3.928348862926935, 51.542424038602533 ], [ 3.92898791401719, 51.542846202788816 ], [ 3.929294284932191, 51.542820472859162 ], [ 3.929147757430736, 51.542447396143125 ], [ 3.928493882410073, 51.542156030787112 ], [ 3.928722544692512, 51.541651361280749 ], [ 3.928971801118698, 51.541534464977055 ], [ 3.928934467953904, 51.541293456650855 ], [ 3.929231267937491, 51.541213200511308 ], [ 3.929053716196208, 51.54101768339978 ], [ 3.929208906686402, 51.540724379235414 ], [ 3.929690835919886, 51.540292368686742 ], [ 3.930683032987361, 51.540456341289023 ], [ 3.930950969537331, 51.540288666522478 ], [ 3.930883454095263, 51.540035327863187 ], [ 3.929995826667422, 51.539719655888078 ], [ 3.930306808641242, 51.539431447391642 ], [ 3.931227863906353, 51.539983142917066 ], [ 3.931584980699938, 51.539800897518795 ], [ 3.930604191346954, 51.539000025068212 ], [ 3.930450483449616, 51.53833727061285 ], [ 3.931297602758674, 51.538458285193506 ], [ 3.931470839193425, 51.538322137879852 ], [ 3.931393249841376, 51.538151793875137 ], [ 3.929617904346929, 51.537898246105541 ], [ 3.926485875244814, 51.537778977957082 ], [ 3.926533831021708, 51.537349128843928 ], [ 3.928227097016269, 51.537321876330068 ], [ 3.929030355031477, 51.536568112612457 ], [ 3.931851435943634, 51.537472884086796 ], [ 3.93189096409036, 51.537185507928022 ], [ 3.929307875496195, 51.536266056781983 ], [ 3.932789896187746, 51.532310747712202 ], [ 3.933326827249464, 51.532264057353892 ], [ 3.933555590902518, 51.535032463142841 ], [ 3.933808136880899, 51.53508791554404 ], [ 3.933569930040566, 51.531560421340536 ], [ 3.940490062517294, 51.525577258514929 ], [ 3.94121034913209, 51.525513725167805 ], [ 3.942742728955859, 51.526189465351429 ], [ 3.943753640250355, 51.526332545194428 ], [ 3.948615469348089, 51.528078607312935 ], [ 3.94835586632566, 51.528463803129156 ], [ 3.949131758442781, 51.528971363258712 ], [ 3.949892778823153, 51.528768153895442 ], [ 3.950960926007684, 51.529044032931409 ], [ 3.952586171031354, 51.529153104758947 ], [ 3.95241358017178, 51.530633846766257 ], [ 3.952651158453129, 51.53057145548221 ], [ 3.952903116522336, 51.529170220725646 ], [ 3.954341711398208, 51.529285516056817 ], [ 3.954260449395113, 51.529879936236185 ], [ 3.954513082948494, 51.529975808391775 ], [ 3.954477662557286, 51.530788445249783 ], [ 3.954717760169319, 51.530731221121385 ], [ 3.954842577206866, 51.530007009503684 ], [ 3.956706399646563, 51.53014916138639 ], [ 3.956970050067555, 51.530824708529046 ], [ 3.957871056867043, 51.530783352811881 ], [ 3.960557107760448, 51.530239522226324 ], [ 3.961805066947795, 51.530161114540334 ], [ 3.96310583123427, 51.52964082514724 ], [ 3.965196194342099, 51.530031026035559 ], [ 3.966396153372091, 51.529771243225547 ], [ 3.966460980332904, 51.529533632242185 ], [ 3.966166519502123, 51.529474097182408 ], [ 3.967506187390579, 51.5291607768673 ], [ 3.968184541848077, 51.529364092171193 ], [ 3.968421598191896, 51.52929740484646 ], [ 3.968393488910961, 51.529111833387425 ], [ 3.969114705016771, 51.529235778715943 ], [ 3.96925462897682, 51.529064566890206 ], [ 3.969059045060333, 51.52891259813439 ], [ 3.969472381703211, 51.528834706545304 ], [ 3.969657895558365, 51.528620212442185 ], [ 3.969648774459091, 51.52813151299015 ], [ 3.969841316761778, 51.528144145717491 ], [ 3.970140518739089, 51.528538300535786 ], [ 3.971758534466637, 51.528500034362416 ], [ 3.971721848992172, 51.528236827835869 ], [ 3.970422055707221, 51.528194812407911 ], [ 3.97037925937039, 51.527986194385207 ], [ 3.973776428607724, 51.527157154821467 ], [ 3.974004370416293, 51.527494109006177 ], [ 3.973310681007144, 51.52777227858796 ], [ 3.973316332906556, 51.527939663246819 ], [ 3.975193532923071, 51.527647522624193 ], [ 3.97708188916541, 51.527106738295565 ], [ 3.977521551162318, 51.527156379249604 ], [ 3.97899301839387, 51.526418405954779 ], [ 3.979234141373243, 51.526669716672536 ], [ 3.983381556858577, 51.525738495290888 ], [ 3.983423698735095, 51.525461339090981 ], [ 3.982390276629531, 51.525676738181566 ], [ 3.982219368860493, 51.525407199389839 ], [ 3.984624979160874, 51.524847597309282 ], [ 3.984912438976498, 51.525215913857295 ], [ 3.987158105097186, 51.524632930535951 ], [ 3.986960103979051, 51.524815342836938 ], [ 3.987074830510291, 51.525008558919026 ], [ 3.987426323149407, 51.524918626339762 ], [ 3.98764318763002, 51.5246626081546 ], [ 3.988591063049772, 51.524425645498852 ], [ 3.98917912110694, 51.524558155212787 ], [ 3.99097547809075, 51.523714983324716 ], [ 3.992499306662956, 51.523221552302203 ], [ 3.992762531316303, 51.52296232956396 ], [ 3.993916749355549, 51.522651130663505 ], [ 3.994010317476291, 51.522480323841883 ], [ 3.993874918611801, 51.522384841939093 ], [ 3.992884781673375, 51.522571412376777 ], [ 3.993718148772475, 51.522204907503038 ], [ 3.995489324832831, 51.521876840619122 ], [ 3.996626460590666, 51.52220060145271 ], [ 3.997212148391285, 51.522190779456956 ], [ 3.999375541697074, 51.521017790815186 ], [ 4.002582033475331, 51.521511251876426 ], [ 4.002607026885695, 51.521631413226082 ], [ 4.00190884882514, 51.521757166949065 ], [ 4.001967661160544, 51.521984092027722 ], [ 4.003165002721429, 51.521802308256248 ], [ 4.003318106207407, 51.521594305619786 ], [ 4.003440819980744, 51.519979044811201 ], [ 4.002575620331379, 51.518901995572726 ], [ 4.002540176177924, 51.518092752424529 ], [ 4.002604625676807, 51.518013350678352 ], [ 4.002933391689212, 51.518405528357761 ], [ 4.004256284091336, 51.51829397095311 ], [ 4.004400187209306, 51.518553343299516 ], [ 4.004901463701221, 51.51860184007117 ], [ 4.005179852048054, 51.518447288471805 ], [ 4.005387265358229, 51.515974167235854 ], [ 4.005966814663567, 51.515594946910902 ], [ 4.005822910733725, 51.515246782110147 ], [ 4.006010778847951, 51.514035381626641 ], [ 4.005822210116484, 51.513947023118114 ], [ 4.005824806468352, 51.513759482605629 ], [ 4.006245895079347, 51.513753362229849 ], [ 4.006247407510736, 51.513947892701808 ], [ 4.00604333519621, 51.514059424359473 ], [ 4.006175528295588, 51.514406206486072 ], [ 4.005998996459217, 51.515619709943614 ], [ 4.006630176357096, 51.51613703923671 ], [ 4.006511531736333, 51.518733186461411 ], [ 4.006353415196452, 51.518891470506773 ], [ 4.006463447956607, 51.519062205785588 ], [ 4.005305556020198, 51.520474392943122 ], [ 4.004303210300521, 51.520980539045098 ], [ 4.004234457762917, 51.521359244408018 ], [ 4.004459939718283, 51.521636451214569 ], [ 4.005726445110113, 51.52144194993771 ], [ 4.005830071520562, 51.521043712559639 ], [ 4.006390950473374, 51.520413471727764 ], [ 4.008047838676348, 51.520295675350219 ], [ 4.009387053374119, 51.520017064044737 ], [ 4.012973915478119, 51.51834567727537 ], [ 4.013466233750591, 51.519703468455141 ], [ 4.013698276937495, 51.51986848837344 ], [ 4.014122187608643, 51.51987109029043 ], [ 4.016879942535656, 51.51902364351178 ], [ 4.017405120601554, 51.519023014992193 ], [ 4.017721676437667, 51.518872327332133 ], [ 4.017761466949008, 51.518346605945922 ], [ 4.018555029704484, 51.517331144221728 ], [ 4.018954489724567, 51.516510948831439 ], [ 4.020548170118444, 51.514587961424724 ], [ 4.020575758290477, 51.513901751009165 ], [ 4.02128768251326, 51.512528488401777 ], [ 4.024417641348185, 51.511956031311911 ], [ 4.024868252378615, 51.511694295676946 ], [ 4.025092226796455, 51.511107662937455 ], [ 4.026186279492043, 51.510589509802308 ], [ 4.034079708879776, 51.507073263958056 ], [ 4.038031444060393, 51.505744868397727 ], [ 4.042489693342143, 51.502730791320687 ], [ 4.045231338629464, 51.502239588854529 ], [ 4.047283724462415, 51.502287004980523 ], [ 4.049297937850987, 51.502645233356475 ], [ 4.050828996925794, 51.503405730590103 ], [ 4.051590050803169, 51.503434809219456 ], [ 4.053727618963171, 51.50287571138881 ], [ 4.056865649201945, 51.500347806389314 ], [ 4.057791772649842, 51.499014478583298 ], [ 4.05744769001971, 51.498491223327598 ], [ 4.057248813868876, 51.498568589089679 ], [ 4.057304327930062, 51.498796924597301 ], [ 4.056914557083432, 51.499009924419198 ], [ 4.056679082705761, 51.498905756660754 ], [ 4.055273693055073, 51.499467785997879 ], [ 4.055239165746949, 51.4998253780984 ], [ 4.055391752256723, 51.499900920827727 ], [ 4.055315399288625, 51.500776886579729 ], [ 4.05351168376709, 51.50222517066284 ], [ 4.052864824951492, 51.501916373413529 ], [ 4.053588201017834, 51.500688886929559 ], [ 4.053727868811333, 51.499347236548211 ], [ 4.05399997536891, 51.499292156787519 ], [ 4.054067612397629, 51.4986055304418 ], [ 4.055307394311767, 51.498584338795517 ], [ 4.056665387712479, 51.498014863012031 ], [ 4.05792747439321, 51.497147398984787 ], [ 4.057262435799406, 51.496703272654017 ], [ 4.056832029633715, 51.496986261237147 ], [ 4.057057005349554, 51.49725909655718 ], [ 4.055964733594452, 51.497884117688528 ], [ 4.055136829280093, 51.49813102638975 ], [ 4.05427898991885, 51.49816836422184 ], [ 4.05430084867726, 51.497786288418226 ], [ 4.053998141806389, 51.497731374799073 ], [ 4.054117690772234, 51.496970717254818 ], [ 4.055354659053437, 51.496263265638717 ], [ 4.056422782740047, 51.496888357918529 ], [ 4.05664699722948, 51.49682307905826 ], [ 4.056663065514264, 51.496664062310593 ], [ 4.055053127235055, 51.495681129297786 ], [ 4.054664251901693, 51.495891345666763 ], [ 4.05470640322953, 51.496097032790274 ], [ 4.053625845171294, 51.496766556791563 ], [ 4.053312567680008, 51.496773724661551 ], [ 4.052233470326637, 51.496073106020518 ], [ 4.052424672470118, 51.495959309738588 ], [ 4.052939960569801, 51.496208463997441 ], [ 4.05373910491914, 51.495565734461337 ], [ 4.05437580854548, 51.495894540373236 ], [ 4.05462593951218, 51.495816528870542 ], [ 4.054585759298138, 51.495599905694561 ], [ 4.053873885888037, 51.495258529946682 ], [ 4.053609538653371, 51.495303175609102 ], [ 4.054492238631254, 51.493304522799001 ], [ 4.054696515192986, 51.493296499752674 ], [ 4.05481515701115, 51.492997952381955 ], [ 4.054631225891367, 51.49287125882249 ], [ 4.054695117084819, 51.49251359026848 ], [ 4.05443108954093, 51.492320618587044 ], [ 4.054646642653191, 51.492191739863934 ], [ 4.054701657006252, 51.491917500497927 ], [ 4.054301453695247, 51.490861267291535 ], [ 4.055307204203361, 51.490852845971098 ], [ 4.056142340785865, 51.490523806775585 ], [ 4.057697029179843, 51.489030512724995 ], [ 4.058413648508937, 51.487700463402696 ], [ 4.058524287194367, 51.486583465148755 ], [ 4.057848777063461, 51.484069760461395 ], [ 4.056578099946625, 51.48269579474168 ], [ 4.056154519455104, 51.482597854694497 ], [ 4.056430752046147, 51.482344783402503 ], [ 4.056371323702544, 51.482078386530816 ], [ 4.055016280676591, 51.481519061639361 ], [ 4.057050374767212, 51.479675285657066 ], [ 4.058306123301108, 51.476933738527535 ], [ 4.058782761759081, 51.476918148593739 ], [ 4.058769070957469, 51.476726845682791 ], [ 4.058415682254478, 51.476667688853901 ], [ 4.058680983979088, 51.476076785113008 ], [ 4.059096580691586, 51.476032807254747 ], [ 4.059062924121028, 51.4758704342713 ], [ 4.058794964644598, 51.475815218134386 ], [ 4.05901949917829, 51.475338516576258 ], [ 4.062490461506369, 51.473763543920349 ], [ 4.069578219085035, 51.467360371058689 ], [ 4.070121878031818, 51.467569323242436 ], [ 4.070383846714639, 51.467488866339721 ], [ 4.070783158614643, 51.466919002197976 ], [ 4.070516001353999, 51.466621327104249 ], [ 4.078802703588777, 51.458987379710152 ], [ 4.079474517926849, 51.458737600400049 ], [ 4.083829340362615, 51.458584248246808 ], [ 4.084216345331543, 51.45839258232602 ], [ 4.093065706363806, 51.446536263064147 ], [ 4.094084330467751, 51.446195977339286 ], [ 4.101328809637855, 51.445142968268428 ], [ 4.104115732265042, 51.444317567683818 ], [ 4.106486243655781, 51.4431088451649 ], [ 4.12396118039594, 51.436047819446983 ], [ 4.126472882815195, 51.436324289191994 ], [ 4.127252538463304, 51.436677642979824 ], [ 4.12748120979377, 51.436499580141238 ], [ 4.127090360440607, 51.436239233994215 ], [ 4.127699045357042, 51.436453748558989 ], [ 4.128441251858942, 51.436122454942492 ], [ 4.128788036760819, 51.43615633341286 ], [ 4.128816034022693, 51.43629938348402 ], [ 4.129782617993646, 51.436782611012141 ], [ 4.130255056415833, 51.436805402508881 ], [ 4.131476240820132, 51.435790238237153 ], [ 4.130076430940298, 51.434952733704776 ], [ 4.130554545657175, 51.434589352600533 ], [ 4.13193738844783, 51.432769085446225 ], [ 4.132463750267489, 51.432487711693668 ], [ 4.132530875908696, 51.43197920417488 ], [ 4.13314506443555, 51.431497923940952 ], [ 4.133398510582543, 51.43144675013481 ], [ 4.133243652697438, 51.431737673529085 ], [ 4.133885075469968, 51.432072638201582 ], [ 4.134301939284008, 51.431881924435473 ], [ 4.13462427175037, 51.431919514908984 ], [ 4.134885997884926, 51.431626029161976 ], [ 4.135519322210402, 51.431685869839413 ], [ 4.13567939248727, 51.431490570294258 ], [ 4.136584368844416, 51.431232437218988 ], [ 4.136863616603899, 51.431406029604155 ], [ 4.13742451201437, 51.43106950524637 ], [ 4.137632988148368, 51.431250376400094 ], [ 4.138302413922207, 51.43103239199381 ], [ 4.138864881428161, 51.431370937505982 ], [ 4.139260366556374, 51.430994158257988 ], [ 4.13986378997849, 51.431707756158872 ], [ 4.140296368752927, 51.431954589157002 ], [ 4.140743374894709, 51.431830915940367 ], [ 4.143126306813883, 51.432298535198548 ], [ 4.144533056027577, 51.43192237524395 ], [ 4.144714515432554, 51.432236730650637 ], [ 4.145120795888094, 51.43234239840443 ], [ 4.145962537484641, 51.431808347681987 ], [ 4.148873431384527, 51.432128935896237 ], [ 4.150195511911147, 51.431771213419424 ], [ 4.150073302484204, 51.432152014879961 ], [ 4.150587043687579, 51.432749844492399 ], [ 4.151759285468052, 51.432975892131985 ], [ 4.152463947849305, 51.432858442804729 ], [ 4.152686112718023, 51.433067053833604 ], [ 4.153440192785263, 51.433116041253712 ], [ 4.158776787615705, 51.435916053818119 ], [ 4.166019219026992, 51.437839859491739 ], [ 4.166234530646427, 51.438237110373763 ], [ 4.166649788446723, 51.43825634201972 ], [ 4.167059819254505, 51.438604736091143 ], [ 4.168227987798681, 51.438669618929289 ], [ 4.168149488580079, 51.43886455368547 ], [ 4.168412596788035, 51.439210059724203 ], [ 4.169098642582712, 51.439454157183562 ], [ 4.169217897453509, 51.439649447194753 ], [ 4.169447411897823, 51.439654354904953 ], [ 4.169662165369496, 51.439414208346655 ], [ 4.170377060810347, 51.4397761714742 ], [ 4.171570382549651, 51.439845522906502 ], [ 4.172485875864384, 51.44029928230988 ], [ 4.173760493473792, 51.441290111102887 ], [ 4.173913281846771, 51.441583090862935 ], [ 4.175775824787033, 51.441940760088499 ], [ 4.175951081071045, 51.442180974087641 ], [ 4.176425328951002, 51.442084530348943 ], [ 4.17670064582308, 51.442296527080053 ], [ 4.178954501569958, 51.442120534455903 ], [ 4.179965513038602, 51.442262104824849 ], [ 4.179645321886971, 51.442597372360225 ], [ 4.179552177157356, 51.442974053267548 ], [ 4.179740152873989, 51.443082042302755 ], [ 4.179636058240535, 51.44334988109167 ], [ 4.179967734409372, 51.44342794177323 ], [ 4.180273545593101, 51.443276514967017 ], [ 4.179985507863024, 51.443462084021725 ], [ 4.180003054979353, 51.443626423302533 ], [ 4.18048208694322, 51.443572828040558 ], [ 4.180528361516652, 51.443804761540406 ], [ 4.181438775709674, 51.444089394180729 ], [ 4.182160857477239, 51.444071908235891 ], [ 4.182486894203532, 51.443783707707389 ], [ 4.18332082622391, 51.443655274967092 ], [ 4.18395475364907, 51.443904173036366 ], [ 4.184896896702975, 51.443451372479174 ], [ 4.185733943068715, 51.443400130384269 ], [ 4.185905193639955, 51.44317859006658 ], [ 4.185853421985678, 51.442797265416971 ], [ 4.186470554614045, 51.442603464659534 ], [ 4.187412759185279, 51.443142241522303 ], [ 4.188238379314166, 51.442923037474593 ], [ 4.188965021455824, 51.443522892466284 ], [ 4.189527233714398, 51.443611753397562 ], [ 4.190072804779407, 51.442770629756787 ], [ 4.190983239713789, 51.441999455752196 ], [ 4.191461133153895, 51.441825769055946 ], [ 4.191854054039299, 51.441973337068916 ], [ 4.192558511580788, 51.441915649186029 ], [ 4.192947693781399, 51.442174971863857 ], [ 4.193173018651388, 51.441997656078435 ], [ 4.194652313720198, 51.441631397822071 ], [ 4.195002460912652, 51.441700497743 ], [ 4.195246146734971, 51.441510128836285 ], [ 4.195647904217814, 51.441600927128981 ], [ 4.195811311003344, 51.441425170356247 ], [ 4.196515880185092, 51.441328465589478 ], [ 4.197280956346538, 51.441384053246644 ], [ 4.198105156972846, 51.441878997566029 ], [ 4.198326693256821, 51.441746876916056 ], [ 4.199574795913316, 51.441910309212481 ], [ 4.199694530137685, 51.441759144029035 ], [ 4.200424671023529, 51.441788120866704 ], [ 4.201548009291422, 51.441192901900024 ], [ 4.198469899194548, 51.436904943845924 ], [ 4.200448802442865, 51.439312510065449 ], [ 4.200668815106894, 51.439331726550222 ], [ 4.200983150495655, 51.438933321781612 ], [ 4.200817892209953, 51.438410744831053 ], [ 4.200939804210923, 51.438422274696336 ], [ 4.201166353368346, 51.438734291120674 ], [ 4.200851464298484, 51.439144334005192 ], [ 4.200796498575191, 51.439525732715275 ], [ 4.201686502970753, 51.440466931084359 ], [ 4.201906473991204, 51.44105822256936 ], [ 4.202516920866732, 51.440476027288241 ], [ 4.202418809079121, 51.440243015046867 ], [ 4.203041102065702, 51.439481177519781 ], [ 4.204441104399772, 51.438597747140257 ], [ 4.207007032290991, 51.43855046244618 ], [ 4.209713806746721, 51.437894896199559 ], [ 4.210119897214978, 51.437596284169437 ], [ 4.213411155099992, 51.438848749889651 ], [ 4.214848564125651, 51.437114432184394 ], [ 4.214710397603906, 51.435048394961278 ], [ 4.21491824013121, 51.434670686684633 ], [ 4.214886957128302, 51.435558386560466 ], [ 4.21542109452553, 51.437185715718215 ], [ 4.215787681352166, 51.437136810897385 ], [ 4.217496721533047, 51.437636216505616 ], [ 4.218152719768917, 51.437198726588292 ], [ 4.219111005147448, 51.436987296630328 ], [ 4.21928201620067, 51.436729611641233 ], [ 4.219379198236178, 51.436886238617191 ], [ 4.219826688972233, 51.43691734822675 ], [ 4.220001332126137, 51.437158525534194 ], [ 4.220639310746127, 51.436972290790628 ], [ 4.220586355487415, 51.437184414280949 ], [ 4.220781394948989, 51.437294461821516 ], [ 4.2212937065209, 51.437015247453608 ], [ 4.222858025376103, 51.438488872804072 ], [ 4.223001783904711, 51.439000925185439 ], [ 4.219541757675788, 51.455681122999543 ], [ 4.219446864947223, 51.456697241126513 ], [ 4.219843185835316, 51.458365358214515 ], [ 4.222166385054142, 51.462581033088689 ], [ 4.222337969356277, 51.463836095000815 ], [ 4.217499038404965, 51.487737295064015 ], [ 4.217197010713412, 51.488891733361029 ], [ 4.216815105633279, 51.489652819540424 ], [ 4.215675537555609, 51.490842837082255 ], [ 4.214787811545032, 51.491433913021559 ], [ 4.213336586164307, 51.492040527865591 ], [ 4.177318025923996, 51.501564919926636 ], [ 4.174884668294212, 51.502601220205172 ], [ 4.173440598582842, 51.503742418935801 ], [ 4.172467287308182, 51.505051177608287 ], [ 4.172058071301077, 51.506408904423623 ], [ 4.172166690618833, 51.507947116989804 ], [ 4.171754741556081, 51.508630402924226 ], [ 4.165848816149322, 51.510304235913459 ], [ 4.165221031557717, 51.510882053810263 ], [ 4.162936599407982, 51.511725116401955 ], [ 4.161751584532207, 51.512626297515347 ], [ 4.160551896528645, 51.514521571499415 ], [ 4.16051918812832, 51.514744870465044 ], [ 4.160696504080312, 51.514915133789373 ], [ 4.161261228469602, 51.514851374169019 ], [ 4.162557045672363, 51.51285805253233 ], [ 4.163925124246788, 51.511944110942565 ], [ 4.170142977405582, 51.510240834589816 ], [ 4.173033468489745, 51.510123314741072 ], [ 4.173312656815178, 51.510541560821892 ], [ 4.170722657597428, 51.511338997235953 ], [ 4.170084443070737, 51.512172573379488 ], [ 4.167378091145231, 51.512939965848098 ], [ 4.165934670339374, 51.512637258878122 ], [ 4.165654090710964, 51.512814336941361 ], [ 4.165701114947756, 51.513063835580297 ], [ 4.168100328308333, 51.513792263585245 ], [ 4.174003515998311, 51.512162568746582 ], [ 4.175119507647972, 51.51306593363298 ], [ 4.175620552463202, 51.513770052951791 ], [ 4.176001536422564, 51.515033489108262 ], [ 4.173609747842647, 51.516051943465023 ], [ 4.16846874059045, 51.518983931703339 ], [ 4.166486139435043, 51.520363266080778 ], [ 4.164953022866708, 51.522020266122105 ], [ 4.164195813230565, 51.522598996633938 ], [ 4.163239551537072, 51.522895196626216 ], [ 4.154890533956969, 51.523265809744728 ], [ 4.154407971243011, 51.523221617310497 ], [ 4.155049555516996, 51.52304833622 ], [ 4.15496535205221, 51.522860058810132 ], [ 4.154493744253801, 51.522725604863204 ], [ 4.152797869874551, 51.523062947407013 ], [ 4.150628993760221, 51.523936121790733 ], [ 4.150213369057941, 51.523963567232393 ], [ 4.149696105248153, 51.523813003702195 ], [ 4.148547374667104, 51.522828038232781 ], [ 4.147222718032817, 51.52207842430699 ], [ 4.146815697892586, 51.521387142179883 ], [ 4.146576000525521, 51.521534260001758 ], [ 4.146752914268768, 51.521917587983232 ], [ 4.144302437046156, 51.521301807424486 ], [ 4.141628148790423, 51.521268266772715 ], [ 4.140663091124386, 51.521576053556757 ], [ 4.139052952886029, 51.522910885491768 ], [ 4.136538029176095, 51.524315929419899 ], [ 4.136293635570545, 51.524574073273214 ], [ 4.136407992038476, 51.524858793693994 ], [ 4.135700789655516, 51.525778481099437 ], [ 4.135024600786235, 51.526035248844515 ], [ 4.13408106666047, 51.525924975235363 ], [ 4.126175688308146, 51.523841414837996 ], [ 4.117854729930561, 51.523667139365841 ], [ 4.111710446928895, 51.524237378437071 ], [ 4.11148933245127, 51.524090071013411 ], [ 4.111268187630271, 51.524324616551006 ], [ 4.110985485187377, 51.524145598527866 ], [ 4.110852320819648, 51.524317609245038 ], [ 4.108281523140578, 51.524534339275974 ], [ 4.102538135723718, 51.524320246971364 ], [ 4.102153707533863, 51.524467970968239 ], [ 4.100978785660221, 51.52554062906195 ], [ 4.098707156883655, 51.52496776821873 ], [ 4.093338731500112, 51.524806986038257 ], [ 4.092267328875538, 51.525005870702095 ], [ 4.092189664341803, 51.52629573202826 ], [ 4.091726236477005, 51.526644437555319 ], [ 4.086062352116505, 51.526967370569167 ], [ 4.085820605674335, 51.525090981257435 ], [ 4.085634936014526, 51.524990512419436 ], [ 4.085470600958381, 51.525155935368964 ], [ 4.085729781564372, 51.526983340906519 ], [ 4.083021314628011, 51.527103838951241 ], [ 4.08282174766817, 51.525158288303309 ], [ 4.082696287865339, 51.525054298165479 ], [ 4.082464709718268, 51.525195037160486 ], [ 4.082653032215546, 51.527129966465388 ], [ 4.079780189066623, 51.52726369290319 ], [ 4.079536886345807, 51.524971435520449 ], [ 4.079254787846094, 51.52504796245799 ], [ 4.079271591513732, 51.525541063610014 ], [ 4.077663983557164, 51.525651792854077 ], [ 4.077429393108305, 51.526155834108273 ], [ 4.076380492010654, 51.526289440668442 ], [ 4.076626267100331, 51.525690044444097 ], [ 4.077483980964662, 51.525209261985168 ], [ 4.077351294190486, 51.524996332802004 ], [ 4.076770601216197, 51.525004413048457 ], [ 4.076243184880734, 51.525332211241846 ], [ 4.075962390818977, 51.525983394642822 ], [ 4.075624121204123, 51.526297680369645 ], [ 4.074862632525425, 51.526812935096956 ], [ 4.073767335108679, 51.527231781828448 ], [ 4.071223637293673, 51.529353490669799 ], [ 4.071293006108189, 51.529826069342661 ], [ 4.072548288025073, 51.530511866514956 ], [ 4.073119740774921, 51.531063811803435 ], [ 4.073006667188079, 51.531263450809575 ], [ 4.070521205564366, 51.53163916501336 ], [ 4.070213716430492, 51.531929637204755 ], [ 4.068496827694881, 51.53256547534501 ], [ 4.067946374624026, 51.53332032478216 ], [ 4.066606331994394, 51.533210898111406 ], [ 4.065478363958975, 51.533444413808219 ], [ 4.06407667456256, 51.534485949665928 ], [ 4.059694296988254, 51.541018456541217 ], [ 4.059666521859828, 51.541806979424585 ], [ 4.061063822355191, 51.543211960972997 ], [ 4.060476972319539, 51.544203822403553 ], [ 4.056015350263717, 51.546414541097235 ], [ 4.053208420910615, 51.546697009706719 ], [ 4.052241002859939, 51.547148978361861 ], [ 4.050999357696174, 51.548495493974443 ], [ 4.050455029382144, 51.549612939529581 ], [ 4.050173465870341, 51.550987770796368 ], [ 4.049347049188034, 51.551339319930598 ], [ 4.049090911346282, 51.552228884974369 ], [ 4.048707227694121, 51.552238091672287 ], [ 4.048468971127845, 51.552565061772313 ], [ 4.045661714281813, 51.552875278755046 ], [ 4.045460326545708, 51.5527804064074 ], [ 4.045339733194485, 51.552915255361633 ], [ 4.041610713198602, 51.553355518712578 ], [ 4.03425422809613, 51.554101201419257 ], [ 4.033193638702434, 51.554426805025003 ], [ 4.031759113084731, 51.555345462325555 ], [ 4.027818769575877, 51.556194698412817 ], [ 4.02743723477548, 51.556597412711362 ], [ 4.027649021612629, 51.557319593055823 ], [ 4.029775671022448, 51.559799973309623 ], [ 4.030301793049788, 51.560937760391852 ], [ 4.030034704369649, 51.562763335430766 ], [ 4.02938650028063, 51.562997738158927 ], [ 4.028885855442599, 51.563557134781895 ], [ 4.028544203451339, 51.563655356556225 ], [ 4.028488482959077, 51.563893449430864 ], [ 4.028857320027743, 51.564042512364111 ], [ 4.028031395810808, 51.564330605234645 ], [ 4.027677543214392, 51.564805083162362 ], [ 4.027307703378479, 51.564638078215161 ], [ 4.027005491392067, 51.564691997704969 ], [ 4.026588852095761, 51.565191756034082 ], [ 4.025631352157049, 51.565618977425785 ], [ 4.025582090129306, 51.56605220195673 ], [ 4.024314087406692, 51.566299056748242 ], [ 4.024108286781879, 51.566494121352598 ], [ 4.023988398349838, 51.567108126504017 ], [ 4.022009279626433, 51.567525113304079 ], [ 4.013197407154735, 51.57017081962691 ], [ 4.009541432009319, 51.572640104698046 ], [ 4.009523236357238, 51.572785676915473 ], [ 4.006852938415358, 51.574732862263389 ], [ 4.005412006560251, 51.575597771932657 ], [ 4.003561552434377, 51.575453572948383 ], [ 3.989202530608321, 51.576362985796067 ], [ 3.988829192126592, 51.576600900227426 ], [ 3.988575544243169, 51.577080384212621 ], [ 3.983776328478761, 51.580847953125655 ], [ 3.983616168903021, 51.582664602007334 ], [ 3.984639719734591, 51.587106573930903 ], [ 3.987743563257695, 51.590952952349234 ], [ 3.987283567218507, 51.591151041381089 ], [ 3.987258248665399, 51.591348044976343 ], [ 3.98798782418806, 51.591277529932015 ], [ 3.98861304659751, 51.591720592000776 ], [ 3.987744629444476, 51.592223131395016 ], [ 3.987723331256008, 51.592405199160829 ], [ 3.988073219586878, 51.592437110597444 ], [ 3.98893200368364, 51.592020085401984 ], [ 3.989608775809228, 51.592542399707675 ], [ 3.988838938152771, 51.593119664175823 ], [ 3.988443164199297, 51.593993659342274 ], [ 3.988544874244943, 51.594223960347236 ], [ 3.988812347805136, 51.594155603068764 ], [ 3.989301318195416, 51.593172461828928 ], [ 3.989996427182459, 51.592736201517098 ], [ 3.994719466048775, 51.594210618322073 ], [ 3.995301346756008, 51.594100737807906 ], [ 3.995371313602262, 51.5938130837024 ], [ 3.9940163316208, 51.593291127477713 ], [ 3.999019152825729, 51.593562968769483 ], [ 3.998670397722508, 51.594676882922712 ], [ 3.998915972792164, 51.594811025707287 ], [ 3.999133334724073, 51.594697812877207 ], [ 3.999052064480364, 51.594527014173011 ], [ 3.999425748501784, 51.593581860201148 ], [ 4.00380279317643, 51.593796509994299 ], [ 4.003849144449447, 51.594039165358481 ], [ 4.00318721669221, 51.594300564659711 ], [ 4.002069924612121, 51.594348708680798 ], [ 4.001987264835869, 51.594600546551881 ], [ 4.003114196973194, 51.594975559550164 ], [ 4.003243075356371, 51.595206012561761 ], [ 4.003907960753408, 51.594604756244763 ], [ 4.004063398347494, 51.594937849693686 ], [ 4.005943389902848, 51.595733856702211 ], [ 4.006301775997059, 51.595850463064927 ], [ 4.007290900559132, 51.595738887791093 ], [ 4.008503966494374, 51.596237616223796 ], [ 4.009119741377603, 51.596184682215146 ], [ 4.011589667969464, 51.595160973479352 ], [ 4.0119864827577, 51.595132971894273 ], [ 4.013298830623096, 51.595588185834295 ], [ 4.012081098137909, 51.596929621472889 ], [ 4.01221981048839, 51.597115712821029 ], [ 4.01362401240371, 51.595702818409592 ], [ 4.015370697173795, 51.596345970938266 ], [ 4.015408028851176, 51.596540857096379 ], [ 4.014675881203002, 51.597344421138814 ], [ 4.01485852791799, 51.597729281270205 ], [ 4.015341926108968, 51.597693671191585 ], [ 4.016326300194281, 51.596611749036896 ], [ 4.019791393230761, 51.59785174280703 ], [ 4.017641962101232, 51.598978740626698 ], [ 4.017733456562668, 51.599219326436483 ], [ 4.01868470160583, 51.598735509678299 ], [ 4.019249148411031, 51.598832633876334 ], [ 4.022891540460824, 51.597023426667228 ], [ 4.02392992159833, 51.597020347850403 ], [ 4.031953011619485, 51.600759211762266 ], [ 4.03086522529802, 51.60190930794478 ], [ 4.030504759929159, 51.601828234079221 ], [ 4.030786588701997, 51.602145849723485 ], [ 4.032320181526493, 51.602205481798542 ], [ 4.032834499135516, 51.602074093157015 ], [ 4.032832107238797, 51.601921105555796 ], [ 4.032498834030422, 51.601813596021692 ], [ 4.032279306008729, 51.601963123029087 ], [ 4.031179568057842, 51.601948601614822 ], [ 4.032209994371548, 51.600867964944086 ], [ 4.037364127734235, 51.603100690437508 ], [ 4.038130373605084, 51.603964066329858 ], [ 4.038237381885027, 51.604312805615677 ], [ 4.038630062951395, 51.604509801545269 ], [ 4.038332265637936, 51.604849296871535 ], [ 4.038053460245107, 51.604828571223329 ], [ 4.03808747833957, 51.605119937056344 ], [ 4.037473437569055, 51.605111978230788 ], [ 4.037453632669633, 51.605345233567988 ], [ 4.03815530803245, 51.605373679523744 ], [ 4.038422218953043, 51.605141786469723 ], [ 4.039035047276859, 51.605230182851471 ], [ 4.039060173656972, 51.60501608243591 ], [ 4.038600769991098, 51.604932787498868 ], [ 4.038900539374079, 51.604475510985246 ], [ 4.039348171132208, 51.604366187982095 ], [ 4.039758217012225, 51.604014459107361 ], [ 4.042675860403, 51.603975841394096 ], [ 4.043976426162531, 51.604609235275191 ], [ 4.045932695303148, 51.604005966528682 ], [ 4.05333363380129, 51.60899312029472 ], [ 4.052681809069508, 51.609607522363973 ], [ 4.052774513917923, 51.609788668647539 ], [ 4.053638565602955, 51.609084932770955 ], [ 4.054329583500713, 51.609058754963613 ], [ 4.058465298622522, 51.610095925060769 ], [ 4.060257698453892, 51.609470074911478 ], [ 4.061550037852826, 51.609629093982427 ], [ 4.062701469349194, 51.610463084811492 ], [ 4.063124867499984, 51.61124738913049 ], [ 4.062395467240324, 51.612860615791725 ], [ 4.062430712781911, 51.613007442001603 ], [ 4.062681698540398, 51.613059062075862 ], [ 4.063539066604451, 51.611767680737834 ], [ 4.063739283227328, 51.611722678662915 ], [ 4.068664313235328, 51.612158549667484 ], [ 4.074530947447706, 51.613242715751625 ], [ 4.074335978621472, 51.613859567612423 ], [ 4.074527720101753, 51.61396622883111 ], [ 4.074817776588406, 51.613269361289213 ], [ 4.076235574401058, 51.61333966217704 ], [ 4.078687586570651, 51.613068780672897 ], [ 4.080031169785536, 51.612803721106012 ], [ 4.083059419733567, 51.611854799166878 ], [ 4.084071801506584, 51.61200546407607 ], [ 4.08478319685935, 51.612541884995657 ], [ 4.085279166181096, 51.612620048246129 ], [ 4.091929091791272, 51.611809124851597 ], [ 4.092175094737809, 51.611994066291857 ], [ 4.092223111626565, 51.611761425966442 ], [ 4.100661874651705, 51.610563558420395 ], [ 4.103717134903345, 51.609460233033396 ], [ 4.104001217155716, 51.609091438334502 ], [ 4.104437220716645, 51.607197244938682 ], [ 4.108128274853568, 51.605264750923332 ], [ 4.10937558610549, 51.604406624365204 ], [ 4.109270548510276, 51.60419843857813 ], [ 4.108808176737268, 51.604269608454373 ], [ 4.106348717992632, 51.605676097650417 ], [ 4.104879412931704, 51.606186209042178 ], [ 4.104598084723976, 51.606130306913606 ], [ 4.105209214296999, 51.605214669615791 ], [ 4.10721874691294, 51.603254686966274 ], [ 4.108246247471166, 51.602707522318845 ], [ 4.109712189058575, 51.603764670088999 ], [ 4.109541824361396, 51.604055208509045 ], [ 4.109726248169863, 51.604211321220475 ], [ 4.111247774655705, 51.603471320145935 ], [ 4.113718931846945, 51.60285229228775 ], [ 4.114551578737274, 51.602324426669576 ], [ 4.114811053227974, 51.601736552678972 ], [ 4.114780773306491, 51.601239821841922 ], [ 4.115212696526782, 51.60050533390924 ], [ 4.11567007027674, 51.600016366085384 ], [ 4.117129472960958, 51.599068826349118 ], [ 4.119222310628484, 51.598155902137997 ], [ 4.122711999510838, 51.597636043484059 ], [ 4.125792303132705, 51.597591877879196 ], [ 4.128625539591925, 51.598108741377509 ], [ 4.130143580274725, 51.59860526698602 ], [ 4.128277320806702, 51.598087204797061 ], [ 4.125470344955783, 51.597754150903278 ], [ 4.123127810552423, 51.597802866067937 ], [ 4.120640299410843, 51.598273311036721 ], [ 4.120390220460393, 51.598398614570165 ], [ 4.120402968333751, 51.598582258913218 ], [ 4.120072937493042, 51.598352972912686 ], [ 4.119419362780166, 51.598379890134566 ], [ 4.117778440544594, 51.599089549432918 ], [ 4.116384404290855, 51.600028248665062 ], [ 4.115821387326176, 51.600704371947842 ], [ 4.115764861784765, 51.601651277444013 ], [ 4.116049443293162, 51.601832648443342 ], [ 4.116339317249008, 51.601757670966023 ], [ 4.11638144730294, 51.602182874403468 ], [ 4.116684035192415, 51.602329031055454 ], [ 4.119863899277041, 51.602271885871779 ], [ 4.120237342952202, 51.602096226775394 ], [ 4.120572421778824, 51.601692444597411 ], [ 4.120659948883114, 51.601634247918369 ], [ 4.120903542564266, 51.601491393608562 ], [ 4.120547418979786, 51.601819135445751 ], [ 4.12093187410335, 51.602163381513378 ], [ 4.122797017567183, 51.601818057105937 ], [ 4.123823383110072, 51.601990281825863 ], [ 4.124396282680594, 51.601773226594915 ], [ 4.12569842537275, 51.601750179944432 ], [ 4.127233166285603, 51.602095350293233 ], [ 4.128057159167045, 51.601867730743663 ], [ 4.128238428729213, 51.601632152433766 ], [ 4.128163723642641, 51.601062165630424 ], [ 4.128457412723643, 51.601763029625047 ], [ 4.128314273452868, 51.602178513198652 ], [ 4.128494086369755, 51.602312877223575 ], [ 4.129063572845739, 51.602463999902817 ], [ 4.129569381120667, 51.602367717385398 ], [ 4.129735215755808, 51.602517890304846 ], [ 4.129990029760016, 51.60240619585386 ], [ 4.131109443667883, 51.602503074523938 ], [ 4.132236244188309, 51.602787877077098 ], [ 4.132573700144486, 51.602679237213806 ], [ 4.132825586014363, 51.60289611487898 ], [ 4.134241926618848, 51.602936785010485 ], [ 4.134374398850614, 51.602720338941069 ], [ 4.134779970585441, 51.602642199713337 ], [ 4.134782989808959, 51.602491918219769 ], [ 4.135692737852897, 51.602370877436137 ], [ 4.136057570968897, 51.602112478793387 ], [ 4.136872043273582, 51.600778846606978 ], [ 4.136655134214484, 51.599643751568635 ], [ 4.137170582720224, 51.599439963843096 ], [ 4.138164734446938, 51.599785774716459 ], [ 4.138216956077005, 51.59985234404941 ], [ 4.137282319954648, 51.599876011705234 ], [ 4.137282618191603, 51.600746352531921 ], [ 4.136838789907061, 51.601506647095498 ], [ 4.137083889518797, 51.601812314919741 ], [ 4.13675561370579, 51.602035975373319 ], [ 4.136523770813751, 51.602810621885212 ], [ 4.136637951462592, 51.603178058513983 ], [ 4.138767574820029, 51.60325131070428 ], [ 4.139249736157484, 51.603127455018694 ], [ 4.139413867633198, 51.60289344740918 ], [ 4.139521308716303, 51.603077816862609 ], [ 4.141127687775509, 51.603558859604377 ], [ 4.141439928975412, 51.603497883130835 ], [ 4.141478087136859, 51.603360912837978 ], [ 4.142058844209818, 51.603358252552987 ], [ 4.142309438840518, 51.603527352450428 ], [ 4.142911516016383, 51.603543276138005 ], [ 4.14309363837951, 51.603791429830231 ], [ 4.143390967200763, 51.603673986595474 ], [ 4.144111601974504, 51.603781623800622 ], [ 4.144789349033963, 51.60409542397629 ], [ 4.145500981867271, 51.603907999474522 ], [ 4.146034308281338, 51.603524979353722 ], [ 4.146199173938665, 51.60289154099069 ], [ 4.146545799494898, 51.60266930969577 ], [ 4.146511222103548, 51.601785877646812 ], [ 4.14591728425749, 51.601165954800713 ], [ 4.145679223117024, 51.600514972910304 ], [ 4.145700554275193, 51.600043867708415 ], [ 4.145243085499106, 51.599806612687054 ], [ 4.145540007900543, 51.599894629944615 ], [ 4.145700850517602, 51.600021433365413 ], [ 4.145866966576881, 51.600216171120756 ], [ 4.145802690421943, 51.600534766900935 ], [ 4.14609678019325, 51.6012007340805 ], [ 4.146739670326125, 51.601820122107064 ], [ 4.146990729863316, 51.602862923916341 ], [ 4.14695451030256, 51.603382168015997 ], [ 4.147759142060874, 51.603922553554867 ], [ 4.148223514269456, 51.603554814716155 ], [ 4.148574358696775, 51.603882041308609 ], [ 4.149000213812104, 51.603898371870365 ], [ 4.150358259395213, 51.603363415674785 ], [ 4.150980200942899, 51.602677003228358 ], [ 4.151051075203828, 51.602153092390814 ], [ 4.150789019823153, 51.60187206456262 ], [ 4.151080290099316, 51.602164528015869 ], [ 4.150968780468006, 51.60292648531604 ], [ 4.151132187691785, 51.603145548274838 ], [ 4.153742087275671, 51.603790730804299 ], [ 4.153950606159199, 51.603693084551381 ], [ 4.154190708859783, 51.603092512616158 ], [ 4.155215199078881, 51.602355879980941 ], [ 4.155243410929939, 51.602087347073621 ], [ 4.155042402272039, 51.601899443953783 ], [ 4.155379179440627, 51.602044042303859 ], [ 4.155376136849185, 51.602293814574644 ], [ 4.154913002104637, 51.602782618552475 ], [ 4.154226847241912, 51.603163091142918 ], [ 4.154178915178494, 51.603532351442865 ], [ 4.155164934139841, 51.60387363611455 ], [ 4.156332617171781, 51.603760053773115 ], [ 4.157854331493901, 51.603041696144786 ], [ 4.158103008676264, 51.602782979033513 ], [ 4.158072491104321, 51.602492840741171 ], [ 4.157634182792306, 51.60216054644723 ], [ 4.15761935236085, 51.601862539370011 ], [ 4.157041864787153, 51.601655407932142 ], [ 4.157317603336054, 51.601384604703057 ], [ 4.157735654399332, 51.601304452340685 ], [ 4.15778607262684, 51.601138123963068 ], [ 4.157906560105124, 51.60159105336227 ], [ 4.15828948015399, 51.601526874876726 ], [ 4.159179986850687, 51.604152405759699 ], [ 4.160015599347282, 51.604831661128742 ], [ 4.160860830846231, 51.605184615206177 ], [ 4.161703383321523, 51.605362380718454 ], [ 4.170791723274523, 51.606048071498357 ], [ 4.172099506983051, 51.605965516306767 ], [ 4.173479235163927, 51.605576564208256 ], [ 4.174400233505843, 51.607645916054793 ], [ 4.174370640811689, 51.60807451358086 ], [ 4.172877878776875, 51.608650135290993 ], [ 4.170751923539751, 51.608738343516272 ], [ 4.170546078331721, 51.608572412950444 ], [ 4.169794108731196, 51.608700384400116 ], [ 4.169419504447558, 51.608612383048175 ], [ 4.168761854826104, 51.608855541548792 ], [ 4.16867606039331, 51.609031232534349 ], [ 4.169331759994831, 51.60960905973986 ], [ 4.170471105742861, 51.609513637453965 ], [ 4.170438622156121, 51.609871795389729 ], [ 4.170604580639729, 51.610061069477567 ], [ 4.172224183446476, 51.610627993768986 ], [ 4.172299166191085, 51.610854927519213 ], [ 4.173301943766744, 51.611499333804936 ], [ 4.174001152508425, 51.61147341980346 ], [ 4.173922656510273, 51.611695904486339 ], [ 4.171655539394677, 51.612140754266051 ], [ 4.172334896789792, 51.614018305330077 ], [ 4.173208838018319, 51.614523233433658 ], [ 4.173568195212639, 51.614458929080044 ], [ 4.173544175005276, 51.614183867479966 ], [ 4.172872451130121, 51.613852299673567 ], [ 4.172369829624331, 51.612553704412328 ], [ 4.174251010648473, 51.61226358348631 ], [ 4.174434194268827, 51.612678462678694 ], [ 4.174083698951819, 51.612769127881386 ], [ 4.174180820743302, 51.613091853914185 ], [ 4.17463049704736, 51.613067738312758 ], [ 4.175181215461738, 51.614246527916279 ], [ 4.17628912095561, 51.614151947237339 ], [ 4.177437671848021, 51.616050561431202 ], [ 4.177380792135323, 51.616410517280677 ], [ 4.176584714114681, 51.6168385414216 ], [ 4.173841431660471, 51.617483375299138 ], [ 4.173781416810645, 51.617181247667403 ], [ 4.17243616240834, 51.617130166429099 ], [ 4.17130726167834, 51.616731364367155 ], [ 4.169761910230672, 51.616772681803305 ], [ 4.168683552423191, 51.615304283246687 ], [ 4.16903168950322, 51.615066267376598 ], [ 4.168993483952536, 51.614864122763422 ], [ 4.168190794784963, 51.615254248810615 ], [ 4.164451620231579, 51.613520993336557 ], [ 4.163735315114467, 51.613600582840341 ], [ 4.163113241993862, 51.614429488765246 ], [ 4.162701475346114, 51.614644190066556 ], [ 4.161398024523439, 51.614994749494507 ], [ 4.159585834809131, 51.614537924167301 ], [ 4.15872842376861, 51.613224617325947 ], [ 4.158294900108619, 51.612886598632613 ], [ 4.154079695478505, 51.612422897929903 ], [ 4.143758239145252, 51.613247333463221 ], [ 4.14365318472773, 51.613032858052286 ], [ 4.143378045261755, 51.613192843335746 ], [ 4.143014724433054, 51.613076525352263 ], [ 4.142954456651582, 51.61330910712185 ], [ 4.142193695391016, 51.61337473801062 ], [ 4.136354513218615, 51.612844303896026 ], [ 4.126488502018592, 51.612927823159886 ], [ 4.125772838760959, 51.613367764759971 ], [ 4.117544237461377, 51.624553751791112 ], [ 4.117069079479323, 51.624832010870996 ], [ 4.116587528601301, 51.624529248325047 ], [ 4.116513650779178, 51.624461322780903 ], [ 4.116872821668196, 51.624518488219827 ], [ 4.117112025422256, 51.62434580905488 ], [ 4.117023061450508, 51.624108318398441 ], [ 4.116759286072172, 51.624023339651082 ], [ 4.11623547847261, 51.624122774475964 ], [ 4.116005872255598, 51.624582749374923 ], [ 4.114214788533574, 51.624186243827836 ], [ 4.113318099883675, 51.624951520942375 ], [ 4.112970842500387, 51.624970836974853 ], [ 4.113006481596937, 51.625344342848948 ], [ 4.111603603034323, 51.625577762308552 ], [ 4.110425415164944, 51.62652724893853 ], [ 4.110930196973071, 51.627261339825402 ], [ 4.111255118730409, 51.627300099283183 ], [ 4.111458446927665, 51.627071270246155 ], [ 4.111117332039113, 51.626532743316922 ], [ 4.111608077792111, 51.626745849582193 ], [ 4.111953464058921, 51.626693035433043 ], [ 4.112092034099981, 51.62613042275877 ], [ 4.112381289684759, 51.626014856367973 ], [ 4.112592977424878, 51.626168867791961 ], [ 4.112609200246827, 51.62639782741585 ], [ 4.112306307590099, 51.626347596546367 ], [ 4.11216751461548, 51.626838094593467 ], [ 4.111547650889326, 51.627178337837293 ], [ 4.11136879462837, 51.627563302010124 ], [ 4.111044561805311, 51.627330365770966 ], [ 4.110598551566456, 51.627412547135357 ], [ 4.109261162132825, 51.627182271326681 ], [ 4.109268077360159, 51.627416031622467 ], [ 4.110348446348564, 51.627695078787077 ], [ 4.109665106746776, 51.627920189825389 ], [ 4.109815812766429, 51.628131534153496 ], [ 4.109180497378009, 51.628633837346086 ], [ 4.109247175203683, 51.6289091530709 ], [ 4.108778164110368, 51.62902217576984 ], [ 4.108768338913564, 51.629322633653217 ], [ 4.108968243442382, 51.629430562415102 ], [ 4.108464622393569, 51.629646435755966 ], [ 4.106197946166356, 51.629725860843038 ], [ 4.104764387933446, 51.630067795035004 ], [ 4.103945424128819, 51.629579394119204 ], [ 4.102585018321816, 51.629925748543236 ], [ 4.102121795176723, 51.629559611328425 ], [ 4.102008273346462, 51.629716613244355 ], [ 4.102303142510882, 51.630025486936049 ], [ 4.101881019843615, 51.630177968925089 ], [ 4.101647079628323, 51.630028722392652 ], [ 4.101517060562923, 51.630128916848129 ], [ 4.101607302368863, 51.630280978635 ], [ 4.101297799524779, 51.630393420809881 ], [ 4.100949820720427, 51.630185900281525 ], [ 4.1008239298264, 51.630333620001224 ], [ 4.101015478858405, 51.63051412211874 ], [ 4.100541430343371, 51.630837137234749 ], [ 4.100184052275055, 51.630599928516233 ], [ 4.10001578345007, 51.630660461496916 ], [ 4.100339715262937, 51.631022672752316 ], [ 4.099302911027121, 51.632788900193276 ], [ 4.099155294331326, 51.63725800902521 ], [ 4.098488806164095, 51.638307100623145 ], [ 4.098400159371473, 51.63881404315196 ], [ 4.098688005944101, 51.639628503704841 ], [ 4.100177406489999, 51.641153571755709 ], [ 4.099695045296972, 51.64167004308046 ], [ 4.097729758988917, 51.642416257023868 ], [ 4.097698883343146, 51.642764860332925 ], [ 4.098080131077023, 51.642871670610482 ], [ 4.099845698529783, 51.642220832589636 ], [ 4.100448987783121, 51.6428160590768 ], [ 4.098505700490841, 51.643081722653136 ], [ 4.098338198652474, 51.64325635532947 ], [ 4.09856708623396, 51.643485381417463 ], [ 4.099945449116351, 51.643386662890642 ], [ 4.105226727227802, 51.64145569105019 ], [ 4.105409736689951, 51.641626353271143 ], [ 4.104585328609883, 51.641977283048675 ], [ 4.104719349401689, 51.642405030890608 ], [ 4.103476264312959, 51.64285593358391 ], [ 4.103456996287607, 51.643205161244055 ], [ 4.10382497553941, 51.643676917632312 ], [ 4.106582802757151, 51.645768646811582 ], [ 4.107192171484866, 51.646472800237987 ], [ 4.107908164318948, 51.646725531626025 ], [ 4.108309987948606, 51.647053726356937 ], [ 4.10944079689749, 51.647379912142213 ], [ 4.110057562629281, 51.647853892191407 ], [ 4.110859484649651, 51.648138241362908 ], [ 4.111655540686794, 51.648648992964524 ], [ 4.112016740464572, 51.648656880563252 ], [ 4.112154006120774, 51.648909191385762 ], [ 4.11172279164249, 51.648808453776894 ], [ 4.111770891656015, 51.649180991081039 ], [ 4.112146227300929, 51.6493928945441 ], [ 4.112374264164446, 51.649284701891645 ], [ 4.114058004485353, 51.650939030625636 ], [ 4.116683063290933, 51.652350081593404 ], [ 4.120257057102559, 51.653695600580058 ], [ 4.121280409546034, 51.653526071997291 ], [ 4.124704082405114, 51.653656216079263 ], [ 4.125698645814023, 51.653547421068019 ], [ 4.125761910828674, 51.653337238691712 ], [ 4.126008451010117, 51.653272989622863 ], [ 4.127960802356723, 51.653342509866889 ], [ 4.128518765655088, 51.653149004509316 ], [ 4.132613554990134, 51.652959585094145 ], [ 4.133185896719681, 51.652846337078152 ], [ 4.133347371364247, 51.652596181716177 ], [ 4.13398986206039, 51.652748294769907 ], [ 4.13619133289401, 51.652688786651694 ], [ 4.137853306811553, 51.652353628277709 ], [ 4.138996542774876, 51.651741196405801 ], [ 4.139989695340667, 51.651558525946186 ], [ 4.140551653223173, 51.651248104166235 ], [ 4.141357815702452, 51.651455234664994 ], [ 4.143083731238112, 51.651269575181189 ], [ 4.146093335251686, 51.650716744339078 ], [ 4.14634498253713, 51.650604471562929 ], [ 4.14633126805942, 51.650277437787281 ], [ 4.14699260956789, 51.650430410061709 ], [ 4.14857511402189, 51.650226172226709 ], [ 4.14903947053417, 51.650018408921845 ], [ 4.149030385641472, 51.649662090156234 ], [ 4.149212800253465, 51.649814268360707 ], [ 4.149710887916049, 51.649833657345788 ], [ 4.152244795366733, 51.64912398967607 ], [ 4.152690494734365, 51.64888478006938 ], [ 4.15256655878172, 51.648666374407007 ], [ 4.15348338458041, 51.648605722174011 ], [ 4.15372492479167, 51.648297455124712 ], [ 4.154067795596857, 51.648422005949222 ], [ 4.157271536282736, 51.647175407123555 ], [ 4.157604850578731, 51.647017599461762 ], [ 4.157586769266157, 51.646845348281708 ], [ 4.160059683978265, 51.646257508401959 ], [ 4.160417354185116, 51.64612774219917 ], [ 4.160447464948803, 51.645947831450762 ], [ 4.161241684929404, 51.645872569002719 ], [ 4.162296279345421, 51.645378142088695 ], [ 4.163347224241115, 51.645313323627832 ], [ 4.163830877565474, 51.644909917719119 ], [ 4.164489449669353, 51.644843500284949 ], [ 4.165531877052824, 51.644345150936822 ], [ 4.166985440013952, 51.644078300569674 ], [ 4.167315974334546, 51.644157718161971 ], [ 4.168616579522675, 51.64371811017444 ], [ 4.168737272113068, 51.643385722987553 ], [ 4.168375326329753, 51.643020111648873 ], [ 4.168238629641047, 51.642198821831563 ], [ 4.167575218607039, 51.641699392745814 ], [ 4.165555920733127, 51.642268579970718 ], [ 4.165430276234182, 51.642501539423364 ], [ 4.165537485735101, 51.643067073228643 ], [ 4.165461121470311, 51.643197862670334 ], [ 4.16531024331023, 51.643281535904094 ], [ 4.165469637615408, 51.642898994770086 ], [ 4.165361300658597, 51.642394318837624 ], [ 4.165512830611841, 51.642287726301014 ], [ 4.165752621664842, 51.642152090143455 ], [ 4.166665487507704, 51.641907250670236 ], [ 4.166915036003283, 51.641694803663505 ], [ 4.166888183539659, 51.641540075462252 ], [ 4.167417612298952, 51.641423158102377 ], [ 4.167582027847976, 51.641507665253734 ], [ 4.167873861672408, 51.641400084432867 ], [ 4.168043815614658, 51.64136974552288 ], [ 4.168159596742456, 51.641387772143972 ], [ 4.167929315076646, 51.641435534647677 ], [ 4.167934337778827, 51.641646290888922 ], [ 4.168670262588411, 51.64204879872846 ], [ 4.168675811715061, 51.642357680649887 ], [ 4.169209767545485, 51.642677205137637 ], [ 4.169180357714883, 51.642961208778878 ], [ 4.169529265321406, 51.643179823420759 ], [ 4.171935663169408, 51.642991925049785 ], [ 4.173756754972298, 51.642204618779886 ], [ 4.173936215126808, 51.641864141110482 ], [ 4.174313026991525, 51.641848686061458 ], [ 4.174383301442946, 51.641637680859752 ], [ 4.175026478888892, 51.641462538229376 ], [ 4.175424859509722, 51.641082901932634 ], [ 4.175565441352331, 51.641437084106784 ], [ 4.176377391504359, 51.64133478133499 ], [ 4.17754528275904, 51.6408894878304 ], [ 4.17773209061073, 51.640496354066094 ], [ 4.178801448533227, 51.640364732941094 ], [ 4.180491019840852, 51.639808679288485 ], [ 4.180384229802071, 51.639503643487657 ], [ 4.180692608330538, 51.638724961940341 ], [ 4.180664091982634, 51.638030359487281 ], [ 4.180893382665028, 51.637579824917466 ], [ 4.180784380832832, 51.638389114024498 ], [ 4.181099013186957, 51.639001986967259 ], [ 4.18170784649243, 51.638820334035785 ], [ 4.182452537297907, 51.638823811554886 ], [ 4.183278477755223, 51.638429999379696 ], [ 4.184546811003358, 51.638134241762337 ], [ 4.184931200472412, 51.637670363260575 ], [ 4.186083775329393, 51.637328650497224 ], [ 4.186641203797412, 51.637330688342509 ], [ 4.18643215136341, 51.637552839849057 ], [ 4.186579695822832, 51.637766307002856 ], [ 4.187403982085799, 51.637632149492958 ], [ 4.187637540434603, 51.637303464966145 ], [ 4.187465979151344, 51.637104211933938 ], [ 4.187802737984677, 51.636826664534105 ], [ 4.187839259450524, 51.636564702612887 ], [ 4.189301847492997, 51.636165263964457 ], [ 4.189270172969961, 51.635834720994964 ], [ 4.189834189146754, 51.63571212408381 ], [ 4.189660989475146, 51.635220364608003 ], [ 4.1890495657588, 51.634424089894623 ], [ 4.189628219491297, 51.634690994642767 ], [ 4.189489069676217, 51.63487031309451 ], [ 4.190055762857538, 51.635261527705886 ], [ 4.190142178419217, 51.63560809294259 ], [ 4.190534219402346, 51.635928882086986 ], [ 4.19107110353793, 51.635816382778287 ], [ 4.191467823285116, 51.635502383372618 ], [ 4.191486401090895, 51.635223519968704 ], [ 4.191651720857496, 51.635178963471681 ], [ 4.191902729580846, 51.635513935470414 ], [ 4.192125284832231, 51.635310690877994 ], [ 4.192395656618599, 51.635365651066707 ], [ 4.192489558600453, 51.634831043210092 ], [ 4.192816931808179, 51.634802768513438 ], [ 4.1931561671194, 51.638131054875757 ], [ 4.19282968767117, 51.639783358120511 ], [ 4.192021356394343, 51.641559205669168 ], [ 4.191242549851931, 51.642669582913506 ], [ 4.18900833922801, 51.644780452994482 ], [ 4.18682437218422, 51.646156846365166 ], [ 4.184821799107782, 51.647081319561302 ], [ 4.177360327508577, 51.64951974077475 ], [ 4.176943541535003, 51.649383475530115 ], [ 4.175670765274658, 51.647862846469849 ], [ 4.174877899811752, 51.647288487440981 ], [ 4.173650041166363, 51.646993034976553 ], [ 4.17220813413991, 51.647146797075081 ], [ 4.156565114120714, 51.653665393223974 ], [ 4.156036296679246, 51.654183290765019 ], [ 4.156325459094345, 51.654975985118874 ], [ 4.156947758370182, 51.655753179537037 ], [ 4.159286599317684, 51.65794424229469 ], [ 4.159011830756056, 51.658459061825177 ], [ 4.158643989888826, 51.658661733951831 ], [ 4.158912086277946, 51.659004255661927 ], [ 4.158717650710967, 51.659084113648611 ], [ 4.158256511705251, 51.658810635167171 ], [ 4.157380025592495, 51.65904583186159 ], [ 4.15683032367532, 51.658976255929218 ], [ 4.153004799670366, 51.655416279336407 ], [ 4.152134804006769, 51.655091687895109 ], [ 4.138847228498548, 51.656857883713563 ], [ 4.137720710193099, 51.657331946700623 ], [ 4.137517921837563, 51.657721524619284 ], [ 4.137569149493407, 51.65821207543884 ], [ 4.138492175449307, 51.659158670859313 ], [ 4.137635981712829, 51.659551151006916 ], [ 4.137613861388441, 51.659757697341377 ], [ 4.13779990446276, 51.659888609843016 ], [ 4.139334279552546, 51.65930513257932 ], [ 4.146309208891538, 51.659499336621025 ], [ 4.14884241267367, 51.659926189696641 ], [ 4.153778605036602, 51.660165541527292 ], [ 4.157164918764734, 51.660650550206071 ], [ 4.157144969278036, 51.660955451579042 ], [ 4.157341767342146, 51.661036873159645 ], [ 4.161777042683795, 51.661132659736097 ], [ 4.16171480275823, 51.661915728143526 ], [ 4.157149237022598, 51.661761089561082 ], [ 4.157057444004088, 51.662154465574453 ], [ 4.156028797679681, 51.662178799267082 ], [ 4.155374244306286, 51.662433284701748 ], [ 4.154976927792412, 51.66363201205403 ], [ 4.152274348266844, 51.663849753640761 ], [ 4.143057827279643, 51.6635460673537 ], [ 4.137758687687974, 51.661691256224273 ], [ 4.13742993911201, 51.661795167071986 ], [ 4.137542287064901, 51.662080211624861 ], [ 4.142792245768078, 51.663929333027831 ], [ 4.153255716619045, 51.664323396630017 ], [ 4.153733686530399, 51.664601638156078 ], [ 4.153720991901121, 51.665715504929807 ], [ 4.153969315725446, 51.665907222623133 ], [ 4.154317524391061, 51.665774431988076 ], [ 4.154450086597453, 51.664653452085723 ], [ 4.154826557521268, 51.664431463469668 ], [ 4.158570551226892, 51.664521279473796 ], [ 4.159955287550039, 51.664712614117008 ], [ 4.159965418717364, 51.664905993755312 ], [ 4.160118456824735, 51.664950704205097 ], [ 4.159221443251929, 51.665067424875708 ], [ 4.159081592398903, 51.665452421008453 ], [ 4.155422977232197, 51.665543558547576 ], [ 4.155372702845227, 51.665731635172904 ], [ 4.15553496420279, 51.66590060686945 ], [ 4.156778207797191, 51.665971613916831 ], [ 4.160071842548942, 51.66716215636211 ], [ 4.160152793393219, 51.667586981830269 ], [ 4.159764495005249, 51.668898719946824 ], [ 4.158940428911865, 51.670289137684222 ], [ 4.155949992854087, 51.673666035764633 ], [ 4.153737163002354, 51.675668715637876 ], [ 4.152308217589906, 51.67595591501513 ], [ 4.151595175431061, 51.676286383493142 ], [ 4.150023934345679, 51.678242977870319 ], [ 4.149178132779984, 51.678257604135219 ], [ 4.148355572301005, 51.677927644701164 ], [ 4.148325978507414, 51.677781362310292 ], [ 4.149616141334297, 51.675973783695007 ], [ 4.149478498128533, 51.675742960997681 ], [ 4.14826323251166, 51.675170681897278 ], [ 4.147981296609133, 51.675235346530151 ], [ 4.147979379687703, 51.675459434987815 ], [ 4.148836376387326, 51.675889110833616 ], [ 4.148916497283961, 51.676141856988359 ], [ 4.148027428378718, 51.677316284616232 ], [ 4.147650871046349, 51.677441669537089 ], [ 4.145789770910678, 51.676942180771931 ], [ 4.143123241494055, 51.675348665553791 ], [ 4.144081999901877, 51.674576501980795 ], [ 4.144898805310876, 51.674309971978708 ], [ 4.14539946933044, 51.674271913747212 ], [ 4.1462886853484, 51.674683532158127 ], [ 4.146526461990772, 51.674527432103424 ], [ 4.146379739409277, 51.674296419366158 ], [ 4.145376399080986, 51.673864207119202 ], [ 4.14392334449755, 51.6741721798819 ], [ 4.141640359769802, 51.675672795278999 ], [ 4.140007558717673, 51.676206816942198 ], [ 4.139520337725885, 51.676613857056651 ], [ 4.138842098734143, 51.676654686417301 ], [ 4.138143336667753, 51.676610190357081 ], [ 4.137661853335673, 51.676372701840059 ], [ 4.135808612453742, 51.676235250145709 ], [ 4.136334148713176, 51.673994022782772 ], [ 4.136452912795709, 51.673902890628902 ], [ 4.136685011578281, 51.674077840726966 ], [ 4.136813635246146, 51.673897648365134 ], [ 4.136551084118142, 51.673511717364676 ], [ 4.135914624251486, 51.673656320595661 ], [ 4.135301350606376, 51.676030190087182 ], [ 4.134656344949793, 51.676075345398253 ], [ 4.133775036658548, 51.676045055010327 ], [ 4.132017100789886, 51.675585654990684 ], [ 4.131207055762833, 51.675685852000797 ], [ 4.128627646609978, 51.675482308447734 ], [ 4.128136597132771, 51.67565480238963 ], [ 4.127453473027978, 51.675583165640354 ], [ 4.126839227139954, 51.675318440803636 ], [ 4.121551698157562, 51.674792330862687 ], [ 4.120917715867174, 51.674939355011013 ], [ 4.117281037434964, 51.674490745777995 ], [ 4.118903015587989, 51.667964256842602 ], [ 4.118909111748346, 51.667623944523193 ], [ 4.118722373795385, 51.667501949029145 ], [ 4.1183466869566, 51.667769270005778 ], [ 4.116624449660995, 51.674473642620669 ], [ 4.108893166398323, 51.673667953336931 ], [ 4.106069525905153, 51.673103497646203 ], [ 4.105180334693471, 51.67284698977069 ], [ 4.104796179451243, 51.671945338963248 ], [ 4.103850473156336, 51.671499174188654 ], [ 4.102243071431054, 51.6708720022799 ], [ 4.100651041113597, 51.671063780774226 ], [ 4.099423253768355, 51.670393608358737 ], [ 4.095390183259256, 51.667558238777431 ], [ 4.099388212696946, 51.66515920840633 ], [ 4.09940047114743, 51.664990518483762 ], [ 4.09908939919945, 51.664921008399695 ], [ 4.096492976179168, 51.666337987933524 ], [ 4.095505979792128, 51.665708687599036 ], [ 4.094708352546902, 51.66609263488877 ], [ 4.094322685101743, 51.665819414754374 ], [ 4.095471910082237, 51.665180402052549 ], [ 4.097269670111872, 51.664692608263792 ], [ 4.098219117223477, 51.664260983511539 ], [ 4.09843122038457, 51.664456931258222 ], [ 4.098662261269118, 51.664430582859453 ], [ 4.098632910171236, 51.664144169832753 ], [ 4.100466473174396, 51.663274435562336 ], [ 4.10056896098582, 51.663034338919985 ], [ 4.100164468753724, 51.66288307596507 ], [ 4.098517297771579, 51.663593539566705 ], [ 4.098304349560641, 51.663412174718175 ], [ 4.099334222696601, 51.662755053291697 ], [ 4.099877409323419, 51.662950140580087 ], [ 4.099933558359423, 51.662770991258704 ], [ 4.099778546993163, 51.662641850854747 ], [ 4.10026475391135, 51.662596575037519 ], [ 4.100179691062381, 51.662224736979937 ], [ 4.100968145785781, 51.661794924967246 ], [ 4.101947157008227, 51.662312179434089 ], [ 4.102168461846468, 51.662276411813906 ], [ 4.102143646328887, 51.662080688789061 ], [ 4.101248331373097, 51.661600985285013 ], [ 4.101757213768766, 51.661152513296052 ], [ 4.10191981921329, 51.66056434251071 ], [ 4.10506332333221, 51.658455353620766 ], [ 4.105228854028685, 51.658163520224463 ], [ 4.105184238256149, 51.657859880050907 ], [ 4.102923157780442, 51.655001433557253 ], [ 4.101954578053923, 51.653906210650575 ], [ 4.101534900179118, 51.653874013922213 ], [ 4.101397172823466, 51.654172856872037 ], [ 4.10248719970707, 51.655521444638111 ], [ 4.100557685338241, 51.656047535145078 ], [ 4.100113466830607, 51.654740661353209 ], [ 4.099820648815386, 51.654618834008765 ], [ 4.099126976862911, 51.654695486070089 ], [ 4.098584766280431, 51.653963741439284 ], [ 4.098814936900285, 51.653754433844782 ], [ 4.098014350796968, 51.652709148911413 ], [ 4.097679181255148, 51.652744626488527 ], [ 4.097092392983914, 51.651972685549623 ], [ 4.098879713075826, 51.651093320433034 ], [ 4.100622747764166, 51.653219984295923 ], [ 4.101064710777361, 51.653239234198992 ], [ 4.101160612157068, 51.652926207304809 ], [ 4.097731082722046, 51.648725328345897 ], [ 4.097366828112696, 51.648705083346066 ], [ 4.097183489297675, 51.648963846420514 ], [ 4.098029297642619, 51.650245482134615 ], [ 4.097539350032735, 51.650621494959381 ], [ 4.097090023313973, 51.650773937454559 ], [ 4.096896105802682, 51.650694958166611 ], [ 4.096816835826859, 51.650099779092351 ], [ 4.096274594784546, 51.64880978946838 ], [ 4.096300414034693, 51.648367859409639 ], [ 4.09666219146098, 51.647514678004441 ], [ 4.095841997083363, 51.646793729240372 ], [ 4.094540157742598, 51.646094184115455 ], [ 4.092781242953972, 51.645690746078337 ], [ 4.090920582548518, 51.644563575880326 ], [ 4.090514119382157, 51.643990094871832 ], [ 4.089802197907582, 51.644026877346825 ], [ 4.084749841284794, 51.642678730038234 ], [ 4.085110462322318, 51.64208563261419 ], [ 4.084804438039408, 51.6418785101189 ], [ 4.084623241438779, 51.641881252737527 ], [ 4.084135146740407, 51.642520291627889 ], [ 4.083846164562239, 51.642442754311091 ], [ 4.082917173455558, 51.641877365076667 ], [ 4.083470402951307, 51.641543886722658 ], [ 4.083460227426129, 51.641377487557115 ], [ 4.08265760172896, 51.641717762178708 ], [ 4.081474475963374, 51.64098705859459 ], [ 4.082004539633348, 51.640669450575139 ], [ 4.081992715735539, 51.640495510991656 ], [ 4.0812126179161, 51.640831200913361 ], [ 4.080263050116701, 51.640254066698823 ], [ 4.080758594460642, 51.63990043949758 ], [ 4.080564635718327, 51.639754255400938 ], [ 4.080083323909381, 51.640031974598578 ], [ 4.07981202872859, 51.639848511759972 ], [ 4.080317300440395, 51.639518714453246 ], [ 4.080318923365383, 51.639184644150454 ], [ 4.077191338541784, 51.637322578690942 ], [ 4.077578701177142, 51.637090202732651 ], [ 4.077506523797217, 51.636916782351122 ], [ 4.0769095009537, 51.637180805560533 ], [ 4.075826750193756, 51.636375121188578 ], [ 4.076248196915139, 51.63599160139605 ], [ 4.075583830433982, 51.636107315336197 ], [ 4.074724260355665, 51.635102413472964 ], [ 4.075116615976381, 51.634918177339529 ], [ 4.075075548525045, 51.634736392054215 ], [ 4.074506629362711, 51.634922205701848 ], [ 4.073541586216699, 51.634209351188225 ], [ 4.073964350961423, 51.634000361138 ], [ 4.073907845965429, 51.633820317409644 ], [ 4.0732917851115, 51.63404698022125 ], [ 4.073054555574624, 51.633857428167616 ], [ 4.074385744518179, 51.633503902131459 ], [ 4.074393543332095, 51.633291690219679 ], [ 4.072735050266111, 51.633642408810324 ], [ 4.07044012483555, 51.632043538106593 ], [ 4.068544812908917, 51.631032163549875 ], [ 4.06710269290031, 51.630498906829189 ], [ 4.067451813396962, 51.630270789064632 ], [ 4.067319938197041, 51.630081203090995 ], [ 4.066762151864225, 51.630390798535267 ], [ 4.061519807034907, 51.628752429776647 ], [ 4.056894036562674, 51.627955911099008 ], [ 4.055940784213253, 51.628098544414897 ], [ 4.05386765448755, 51.629073665987548 ], [ 4.053117506780096, 51.630118157663333 ], [ 4.05165360753714, 51.630114791062532 ], [ 4.04936383764026, 51.63138117595868 ], [ 4.038953717451635, 51.627285982883237 ], [ 4.038901663251698, 51.627052179700307 ], [ 4.038677775489772, 51.627195338823505 ], [ 4.038093581261739, 51.62699161793288 ], [ 4.036732158655625, 51.626087745059394 ], [ 4.036250863828942, 51.625974849967299 ], [ 4.036281819531373, 51.625791801712374 ], [ 4.034702674243644, 51.624860368726395 ], [ 4.030624401891235, 51.624354642220702 ], [ 4.029265318279037, 51.624504812350239 ], [ 4.028168698909869, 51.624104628728382 ], [ 4.028045842883809, 51.623800313288747 ], [ 4.027353317384842, 51.623348702822057 ], [ 4.027040246110434, 51.623556389079745 ], [ 4.026798089975533, 51.623483820728922 ], [ 4.026442861799626, 51.623631601586041 ], [ 4.02629397553357, 51.623466272934181 ], [ 4.025940411523894, 51.623459753174828 ], [ 4.025943762641245, 51.623168231711297 ], [ 4.025097294688532, 51.622937645162168 ], [ 4.024318539480508, 51.622991653816186 ], [ 4.022902055237799, 51.622234909030993 ], [ 4.02022818894541, 51.621393250593023 ], [ 4.017370808399054, 51.621065359311665 ], [ 4.010894131123854, 51.618210982043564 ], [ 4.010560700218106, 51.617816453231939 ], [ 4.010235491979774, 51.617781963803871 ], [ 4.010163408151859, 51.618082168748614 ], [ 4.009817411023495, 51.618047777982028 ], [ 4.009855594468688, 51.617716913686472 ], [ 4.010131776277562, 51.61767398001556 ], [ 4.011381661841376, 51.616438040915284 ], [ 4.012777163622676, 51.615403350810311 ], [ 4.015511187134673, 51.614606020573753 ], [ 4.018915029203136, 51.614177783152698 ], [ 4.018897559183066, 51.613937474528399 ], [ 4.015691266653342, 51.614285130082003 ], [ 4.012571945723706, 51.615173385642642 ], [ 4.009971252336765, 51.617293770587771 ], [ 4.009050675389325, 51.617442514966356 ], [ 4.008311434023248, 51.617804966254084 ], [ 4.006640909168779, 51.617359890199275 ], [ 4.0036727120245, 51.617357199074725 ], [ 4.002074367859414, 51.617406255186957 ], [ 4.00122720405802, 51.617689291026053 ], [ 3.994195428301061, 51.617848684326589 ], [ 3.992054209601451, 51.618074210296882 ], [ 3.99190315244845, 51.617901096669506 ], [ 3.991694617159817, 51.618047770461978 ], [ 3.990355328586747, 51.617170247274665 ], [ 3.990659371299938, 51.616969606807025 ], [ 3.990575950686159, 51.616807692907386 ], [ 3.990097934552765, 51.6169960735403 ], [ 3.987368845465552, 51.615186822965796 ], [ 3.985929924051553, 51.61476109324034 ], [ 3.968053742801292, 51.614249975957634 ], [ 3.967082967960932, 51.614515870274182 ], [ 3.965086041357251, 51.61573431703161 ], [ 3.964154310223442, 51.615937290889882 ], [ 3.962230053406271, 51.615524649622216 ], [ 3.960629107120662, 51.61437342388065 ], [ 3.958673214486981, 51.613998495219256 ], [ 3.958466804537133, 51.614095975868977 ], [ 3.958531656261304, 51.614275552172153 ], [ 3.960563380889407, 51.614751951186065 ], [ 3.962306838488938, 51.615898612605811 ], [ 3.961591081396024, 51.617387630186855 ], [ 3.949015582978383, 51.625201520529401 ], [ 3.946935249672679, 51.624935551151083 ], [ 3.947147332819266, 51.623216218867114 ], [ 3.947763631858449, 51.622177392460742 ], [ 3.947677616510953, 51.620780645611546 ], [ 3.947473854825089, 51.620641194166026 ], [ 3.947156607745415, 51.620698499788432 ], [ 3.947065368991863, 51.622032547239016 ], [ 3.94649191510201, 51.623055232970174 ], [ 3.946059671306348, 51.625598066930017 ], [ 3.940001895878892, 51.634286026596939 ], [ 3.938879994810165, 51.634540532118088 ], [ 3.937368452611627, 51.634564480432722 ], [ 3.937256748314415, 51.634697315611042 ], [ 3.937320621733908, 51.635640889918882 ], [ 3.935342743880886, 51.635949674442131 ], [ 3.934445868043496, 51.635068538057396 ], [ 3.929930410994006, 51.629559602372552 ], [ 3.928356541385389, 51.628636165435495 ], [ 3.925770448121511, 51.628398764588169 ], [ 3.92537772794868, 51.628000941405752 ], [ 3.91966606208122, 51.628052367288007 ], [ 3.919314823120955, 51.628247572316774 ], [ 3.919547138127546, 51.628398269148605 ], [ 3.920900686640883, 51.628460144993603 ], [ 3.925166708021883, 51.628368938816365 ], [ 3.925782262565896, 51.629238479288361 ], [ 3.926364197068812, 51.630452585821402 ], [ 3.919408908118008, 51.630584466320542 ], [ 3.917841167995227, 51.628454253882779 ], [ 3.91762043672909, 51.628405842259887 ], [ 3.916669172386968, 51.628759800310526 ], [ 3.914438682150136, 51.629095847495677 ], [ 3.909658611589087, 51.630178225179954 ], [ 3.907281138353783, 51.630411380690923 ], [ 3.897954001590099, 51.63189570695873 ], [ 3.897294894001357, 51.631695231540078 ], [ 3.897202351275181, 51.63141926136047 ], [ 3.896967584769201, 51.630294325182177 ], [ 3.897147697394644, 51.629640830874251 ], [ 3.897698765870889, 51.629354203564453 ], [ 3.897247927442066, 51.629162223282357 ], [ 3.895905079729352, 51.629724972676193 ], [ 3.896074410526552, 51.629959199771704 ], [ 3.896502059123288, 51.629847069785065 ], [ 3.896387081756651, 51.630336628837384 ], [ 3.896877609769444, 51.632237703705556 ], [ 3.896401390551679, 51.632669097092077 ], [ 3.895277796921929, 51.633018797660796 ], [ 3.892831951019115, 51.631711881080641 ], [ 3.892465518841128, 51.631787631210514 ], [ 3.892534148710247, 51.63198966099894 ], [ 3.898880081193592, 51.635516435920039 ], [ 3.910934267737839, 51.642037838138691 ], [ 3.910121667616477, 51.642189937991468 ], [ 3.899319385365116, 51.636349175584527 ], [ 3.898990274919814, 51.63629900791247 ], [ 3.898111874792943, 51.636649035490464 ], [ 3.897836973050385, 51.636558746426132 ], [ 3.895650916990133, 51.635356013898544 ], [ 3.895413147914985, 51.634445029452273 ], [ 3.893628962789698, 51.633434635727255 ], [ 3.8904563364636, 51.632743288095881 ], [ 3.890381275367887, 51.632014359148585 ], [ 3.890134827285237, 51.631626516297821 ], [ 3.890215150256391, 51.631406173798176 ], [ 3.889841388514977, 51.63125234381139 ], [ 3.889401463020502, 51.631736693661544 ], [ 3.889607889817169, 51.632132375732752 ], [ 3.889704188081437, 51.633641869397387 ], [ 3.889926512525094, 51.633921369681367 ], [ 3.8897933254512, 51.634272422548193 ], [ 3.889911193192385, 51.637491647964872 ], [ 3.890586789164356, 51.643154264156884 ], [ 3.885780347583851, 51.64805700159166 ], [ 3.884892880303728, 51.649462237640556 ], [ 3.884921627570025, 51.649613103316099 ], [ 3.885115625009421, 51.649612844951605 ], [ 3.885744790130893, 51.648837647485536 ], [ 3.886049783060843, 51.648783119046449 ], [ 3.886583826439935, 51.648938916598787 ], [ 3.887183102312359, 51.649653329067547 ], [ 3.88645975929074, 51.652397766409116 ], [ 3.885102033466817, 51.655649005782095 ], [ 3.884087542135051, 51.656456857164997 ], [ 3.881001597440578, 51.657287652841646 ], [ 3.881028483007693, 51.656990410849076 ], [ 3.880727783603019, 51.656963908702444 ], [ 3.879734631630348, 51.658554411748469 ], [ 3.879268353282044, 51.658974459753075 ], [ 3.879059422923286, 51.659479635176581 ], [ 3.878181107848223, 51.660083814566939 ], [ 3.877668609590872, 51.660658285437805 ], [ 3.877235380540658, 51.661598749558031 ], [ 3.875584890919068, 51.663118519986746 ], [ 3.876789471865763, 51.667245153529521 ], [ 3.867554332159708, 51.673177902073988 ], [ 3.865479952022107, 51.673930334632594 ], [ 3.864957355076821, 51.674455466354473 ], [ 3.857941307668344, 51.677867107443973 ], [ 3.857646337949742, 51.677522353505658 ], [ 3.857275795203463, 51.677462764826267 ], [ 3.857207353707781, 51.677263483848428 ], [ 3.85651801182161, 51.677601865435413 ], [ 3.856217547367569, 51.677148753645056 ], [ 3.856039169793915, 51.677147289014236 ], [ 3.856265967412582, 51.677728106769095 ], [ 3.855893468241319, 51.677141904651599 ], [ 3.855721558742144, 51.677107599698523 ], [ 3.855628243136212, 51.677257152087158 ], [ 3.855921025641793, 51.67771276140455 ], [ 3.85567168310309, 51.677748369279406 ], [ 3.848847474493208, 51.676116704510704 ], [ 3.84852930617786, 51.676368163356912 ], [ 3.848633886849671, 51.676645879715238 ], [ 3.850123624394995, 51.677038068824039 ], [ 3.84696943418212, 51.678203404656252 ], [ 3.844858949230589, 51.677907072480672 ], [ 3.847219660913906, 51.676999935741222 ], [ 3.847061029185902, 51.676625161783249 ], [ 3.846544197498, 51.676583191742658 ], [ 3.845904351353298, 51.676982581764548 ], [ 3.844275504536276, 51.677513355164436 ], [ 3.841107367581306, 51.678930696563256 ], [ 3.831558016289371, 51.681645356389957 ], [ 3.830271682932499, 51.682147968058921 ], [ 3.828957040288109, 51.682264539003839 ], [ 3.820820135360016, 51.684274588425154 ], [ 3.8179891787789, 51.684234231642598 ], [ 3.811953065842425, 51.686969254732062 ], [ 3.811745757178118, 51.687133291135439 ], [ 3.811808085375833, 51.687380816843188 ], [ 3.812332316750967, 51.687401397099777 ], [ 3.818173680595516, 51.684796108560249 ], [ 3.820484463277106, 51.684872702191207 ], [ 3.823410125709404, 51.684303944393712 ], [ 3.824929682753864, 51.686739380664193 ], [ 3.822434454957597, 51.687455669094795 ], [ 3.822318604182973, 51.687657155905569 ], [ 3.822988139356283, 51.687654211864277 ], [ 3.825161074130281, 51.687152448781141 ], [ 3.825463785945944, 51.687669116265354 ], [ 3.825186578267196, 51.689052198985038 ], [ 3.824530872668046, 51.690899542248907 ], [ 3.823538913584656, 51.691389397865926 ], [ 3.82111739179319, 51.693646892343281 ], [ 3.818785987844285, 51.695159260152757 ], [ 3.817463220383769, 51.695672020955172 ], [ 3.817421596872054, 51.695902586887371 ], [ 3.813190215888386, 51.697163823543782 ], [ 3.811575730475182, 51.697230618944815 ], [ 3.810216981097627, 51.697078147547813 ], [ 3.810081503345841, 51.697292705256686 ], [ 3.807172223759909, 51.69718077528286 ], [ 3.80498542690657, 51.696888578662211 ], [ 3.804949245769606, 51.696718974823227 ], [ 3.804352753184775, 51.696634948857188 ], [ 3.804217280857082, 51.696790734251472 ], [ 3.803130557078441, 51.696657013726778 ], [ 3.803080834452757, 51.696487212840694 ], [ 3.802514333364607, 51.696414904239177 ], [ 3.802367627613289, 51.696620588411932 ], [ 3.801873757421992, 51.696533191837034 ], [ 3.800235872579341, 51.695746436419476 ], [ 3.79986163453892, 51.696321218851004 ], [ 3.798775713484328, 51.696713668634736 ], [ 3.794372365175394, 51.696122740121872 ], [ 3.789650278302049, 51.69342835147777 ], [ 3.788426133921961, 51.69049974405128 ], [ 3.786881176582044, 51.689493330275162 ], [ 3.786389334540375, 51.688921204709573 ], [ 3.787655636764285, 51.688119860060482 ], [ 3.793023187262718, 51.689789544816982 ], [ 3.803888137309926, 51.691169970170037 ], [ 3.805539735610429, 51.690663261019047 ], [ 3.805963932080647, 51.690418124848271 ], [ 3.806107609862551, 51.689989744350221 ], [ 3.805555122421641, 51.68987101496662 ], [ 3.803952700413695, 51.69059805704461 ], [ 3.793355452383472, 51.689274227181457 ], [ 3.781991343541091, 51.685840334090443 ], [ 3.779171796992081, 51.684708808423977 ], [ 3.770405046908918, 51.680657408345617 ], [ 3.75935544865817, 51.676971458171117 ], [ 3.758857942390016, 51.675997880882342 ], [ 3.758271974452688, 51.676090106544635 ], [ 3.758445366520871, 51.676645283012249 ], [ 3.756581601066633, 51.676024910111202 ], [ 3.756416436388696, 51.675843391872021 ], [ 3.756157001729683, 51.675890074180508 ], [ 3.754467018446692, 51.675320571444466 ], [ 3.755179432712773, 51.674350357862544 ], [ 3.757614827995701, 51.675158882823915 ], [ 3.757994729941549, 51.675798642490463 ], [ 3.758497311260151, 51.675745119597295 ], [ 3.758542090692584, 51.675458192053277 ], [ 3.758211878708847, 51.674735148147107 ], [ 3.757271167579082, 51.673593736616084 ], [ 3.757011466771897, 51.673577184063546 ], [ 3.756850410058598, 51.673743000406311 ], [ 3.757166516286298, 51.674423434442659 ], [ 3.755047274469457, 51.673755721930291 ], [ 3.755471095225582, 51.673404305413413 ], [ 3.755307452569132, 51.673115759633831 ], [ 3.753277915026624, 51.673400739942025 ], [ 3.752697048994191, 51.672978794557132 ], [ 3.751928751603688, 51.672786970838267 ], [ 3.752207934276635, 51.672586250048539 ], [ 3.75209188650634, 51.672395053599836 ], [ 3.751474906895444, 51.672680017873162 ], [ 3.749691618242, 51.672306753354562 ], [ 3.749447355416377, 51.672521469680625 ], [ 3.745905444105732, 51.673398889285821 ], [ 3.735640879717041, 51.671451001645124 ], [ 3.739117295933494, 51.670545048665332 ], [ 3.739262657450313, 51.6702680319896 ], [ 3.739041244407848, 51.670111712830824 ], [ 3.736927458750428, 51.670661867451429 ], [ 3.734069985527612, 51.671049870115148 ], [ 3.724701212364264, 51.668454994053356 ], [ 3.725241061994902, 51.666113338684006 ], [ 3.723660350787477, 51.66576506714317 ], [ 3.723726630218723, 51.663691765738285 ], [ 3.723426511196565, 51.66337210899971 ], [ 3.722822150343945, 51.663236208452581 ], [ 3.722753110204634, 51.662620599251007 ], [ 3.722128209198727, 51.662622451991545 ], [ 3.72196772647822, 51.663194164487493 ], [ 3.721156835450611, 51.663484941263455 ], [ 3.72100288130083, 51.663761997496813 ], [ 3.721028327528908, 51.664224966945689 ], [ 3.718742038994021, 51.665129137541648 ], [ 3.715286200722029, 51.665541005857499 ], [ 3.713159824205409, 51.665974488129152 ], [ 3.711450018039083, 51.666525314092347 ], [ 3.710184854757638, 51.666386612358011 ], [ 3.70746619329992, 51.667812365126828 ], [ 3.706011945362244, 51.668256022233855 ], [ 3.705430827414445, 51.667530262907647 ], [ 3.705240307697164, 51.667505354714038 ], [ 3.70517991634706, 51.667667609869568 ], [ 3.705747617226767, 51.668369487191129 ], [ 3.703925892686086, 51.669285896874108 ], [ 3.703009250413233, 51.668590353764849 ], [ 3.702957100776759, 51.668806830510874 ], [ 3.703646335269743, 51.669412518066125 ], [ 3.701602971984457, 51.670371941876219 ], [ 3.700874587673613, 51.669753624109042 ], [ 3.700689578564296, 51.6697502286884 ], [ 3.700644852609436, 51.669933939923858 ], [ 3.701318824504441, 51.670498586517262 ], [ 3.699416821241747, 51.671385697162094 ], [ 3.698847412884034, 51.67113164886068 ], [ 3.698816620033326, 51.671308935278311 ], [ 3.699127440911188, 51.671522443118242 ], [ 3.697476616548732, 51.672559549308204 ], [ 3.696763926775091, 51.67222831517995 ], [ 3.696753756533341, 51.672414026050099 ], [ 3.697243015187029, 51.672731615872578 ], [ 3.693606025493334, 51.675271434350783 ], [ 3.692661276543255, 51.674873216649587 ], [ 3.692690718990137, 51.675090874634627 ], [ 3.693342223507793, 51.675441977740057 ], [ 3.689586085914723, 51.677908021583612 ], [ 3.688387626332385, 51.677373274015999 ], [ 3.688368661332609, 51.677591942958848 ], [ 3.689359291859511, 51.678092640396088 ], [ 3.686493455451352, 51.681005286976067 ], [ 3.685620247322688, 51.680771275984434 ], [ 3.685647495885253, 51.680968251537664 ], [ 3.686341692756269, 51.681230610956767 ], [ 3.683998072824459, 51.684270736674797 ], [ 3.682847504661266, 51.684017364081932 ], [ 3.682913564280263, 51.68422512625439 ], [ 3.683863500182754, 51.684501144372881 ], [ 3.68187116818383, 51.687598520343471 ], [ 3.680727336573839, 51.687346108994284 ], [ 3.680543254332467, 51.68743019976133 ], [ 3.680632129555704, 51.687588612275007 ], [ 3.681752909460565, 51.687841048322824 ], [ 3.680934682992724, 51.690659289136804 ], [ 3.680652344747002, 51.691168169662248 ], [ 3.679071169706322, 51.690903077414319 ], [ 3.678906594453899, 51.690995314175112 ], [ 3.679087838538541, 51.691203775713987 ], [ 3.680550063632059, 51.691442798690353 ], [ 3.67953589486503, 51.694709462150598 ], [ 3.678090209919366, 51.694538134325313 ], [ 3.677936989105032, 51.694646981856501 ], [ 3.678072412758919, 51.694812913957492 ], [ 3.679481956900541, 51.694983101827525 ], [ 3.679384985423956, 51.696362647604779 ], [ 3.678908880238124, 51.69823848880015 ], [ 3.677500711119387, 51.698284771029606 ], [ 3.677611647414564, 51.698463753433472 ], [ 3.678849938612609, 51.698521603954347 ], [ 3.678741383632821, 51.701788658590317 ], [ 3.677365133570031, 51.701802983951119 ], [ 3.677218004111896, 51.701944488660224 ], [ 3.677356408585869, 51.702058287058399 ], [ 3.67875189359082, 51.702053582918509 ], [ 3.679090350934335, 51.706789089924769 ], [ 3.679659808961458, 51.708814715551206 ], [ 3.678431675242616, 51.709004689545985 ], [ 3.678328018543252, 51.709138633987379 ], [ 3.678480233916882, 51.709258511722126 ], [ 3.679717549076431, 51.709068768571754 ], [ 3.679853146781886, 51.709531017435168 ], [ 3.681510251358, 51.71221459265103 ], [ 3.680490942931792, 51.71248281735388 ], [ 3.680454929466968, 51.71268059802793 ], [ 3.681669847933378, 51.712440914133282 ], [ 3.684125248611425, 51.71526291062785 ], [ 3.68313443691815, 51.715592428762555 ], [ 3.68312262639845, 51.715804148225018 ], [ 3.684253221227588, 51.715509698952232 ], [ 3.688704391734436, 51.719942291798297 ], [ 3.696596608343958, 51.725199780494492 ], [ 3.699043464106101, 51.726637852052207 ], [ 3.7046935608388, 51.729564033193526 ], [ 3.706615029146976, 51.730817810665982 ], [ 3.70961280062387, 51.732205663870609 ], [ 3.714605106497902, 51.735065066704308 ], [ 3.717188506491966, 51.736254446294637 ], [ 3.72260775660388, 51.737347523914089 ], [ 3.730249751044113, 51.737343608147242 ], [ 3.737741676969181, 51.738048700697377 ], [ 3.73863792171313, 51.738020174607939 ], [ 3.740156338314173, 51.737229938658395 ], [ 3.741297984334521, 51.737156436407496 ], [ 3.742736190708811, 51.737413793511131 ], [ 3.747920641415035, 51.738921742959668 ], [ 3.751107162962013, 51.739657049751358 ], [ 3.75229187367488, 51.740118764190854 ], [ 3.7534731669144, 51.740219525447294 ], [ 3.758500961609567, 51.741397759725842 ], [ 3.759251568473275, 51.741412889225927 ], [ 3.75936422619168, 51.741238701158764 ], [ 3.763253495765936, 51.742592404242799 ], [ 3.771964088117759, 51.743515059809702 ], [ 3.776488841070455, 51.743453887276395 ], [ 3.777791786426421, 51.743600361690739 ], [ 3.783548067448748, 51.743698812966052 ], [ 3.787687784739898, 51.743927438411013 ], [ 3.788160152874493, 51.744121294352468 ], [ 3.789414009937055, 51.744208763562092 ], [ 3.797830292457639, 51.743913947510038 ], [ 3.799617443132597, 51.743760418024038 ], [ 3.800307183178027, 51.743561634497048 ], [ 3.800446040019868, 51.743343390784659 ], [ 3.803157561563923, 51.743123406620725 ], [ 3.807411716338001, 51.742176222651509 ], [ 3.815618043304502, 51.740853458085404 ], [ 3.816857963111601, 51.740737359827897 ], [ 3.818293699392721, 51.740863494459639 ], [ 3.820182638385699, 51.741543997470188 ], [ 3.820787371918165, 51.74193246317585 ], [ 3.823288032991098, 51.744338061327603 ], [ 3.823834776294843, 51.745286636664119 ], [ 3.823969422464217, 51.746012250993331 ], [ 3.823783982621026, 51.746441423491028 ], [ 3.823057089672044, 51.746968110273961 ], [ 3.8223479921585, 51.747034461141936 ], [ 3.822029229114714, 51.74750008410583 ], [ 3.822113890710454, 51.747829985634745 ], [ 3.822661885884708, 51.748290224560421 ], [ 3.824463315723633, 51.748688444173929 ], [ 3.823345547413799, 51.749271493664345 ], [ 3.822843483776106, 51.749704829671501 ], [ 3.822762216257387, 51.750045101807814 ], [ 3.823026704749167, 51.750412905302653 ], [ 3.823365144753138, 51.750621533992401 ], [ 3.824682193028183, 51.750820293930772 ], [ 3.825492606351312, 51.751227925934188 ], [ 3.827639697622073, 51.753409302545769 ], [ 3.829375523844406, 51.754678772172063 ], [ 3.831861780003655, 51.756085928729028 ], [ 3.833812153729327, 51.756788187888759 ], [ 3.839206778215643, 51.758329768101355 ], [ 3.842574078170436, 51.756330009929528 ], [ 3.840601249640082, 51.75568606524277 ], [ 3.840071858271767, 51.755117515131126 ], [ 3.840247687261653, 51.754495258757309 ], [ 3.841792601086484, 51.753805468464527 ], [ 3.842142167735494, 51.753241951280458 ], [ 3.842163775890297, 51.752755298450481 ], [ 3.841880761984245, 51.752359460307765 ], [ 3.840660428831003, 51.751649471003169 ], [ 3.841184826365309, 51.75109204626439 ], [ 3.840967921521106, 51.751034029216683 ], [ 3.840388661186552, 51.751480435868707 ], [ 3.839678927367399, 51.751326189328068 ], [ 3.837781745528083, 51.750343778101815 ], [ 3.837749172829891, 51.750188828725861 ], [ 3.837975382735247, 51.749914215375512 ], [ 3.838354462168988, 51.749896118842685 ], [ 3.840155706589573, 51.750832763262196 ], [ 3.840307665534868, 51.750625356743797 ], [ 3.837930997214572, 51.749397800031311 ], [ 3.837314210463429, 51.749232544441377 ], [ 3.835965346873384, 51.749375525081525 ], [ 3.835141371210185, 51.749912626130012 ], [ 3.833794664824198, 51.75011479112343 ], [ 3.833928627644616, 51.750341017076117 ], [ 3.835593174071465, 51.750146165088516 ], [ 3.836471588653986, 51.750331813079335 ], [ 3.840467794023621, 51.752696749234758 ], [ 3.84048355350528, 51.753263116753033 ], [ 3.837491095164899, 51.755176808596659 ], [ 3.834772146909485, 51.754336084883072 ], [ 3.834248145562486, 51.754112724890717 ], [ 3.834252014811678, 51.753933301865949 ], [ 3.833892165552832, 51.75376023815906 ], [ 3.833655070238064, 51.753848151144162 ], [ 3.831728028206553, 51.752763744137937 ], [ 3.831783773568916, 51.752593593258844 ], [ 3.831469842791225, 51.752333733248946 ], [ 3.831214118778191, 51.752396705949735 ], [ 3.830905817083331, 51.752164284679033 ], [ 3.830047330228411, 51.751245367656104 ], [ 3.831672771021013, 51.750662770149852 ], [ 3.831907539623529, 51.750378754652033 ], [ 3.830993636330855, 51.749293356920063 ], [ 3.830500663657607, 51.749115684288753 ], [ 3.829251511113961, 51.749176279887742 ], [ 3.827523073122553, 51.748846381237797 ], [ 3.827191078245433, 51.747718669100173 ], [ 3.827828428321132, 51.747363739992011 ], [ 3.827668642540661, 51.746808979747968 ], [ 3.827253780165695, 51.746419415783983 ], [ 3.827029840815575, 51.745781334818297 ], [ 3.826169032039489, 51.740371100239649 ], [ 3.826844313351797, 51.739588067576406 ], [ 3.82663016586129, 51.739373957109521 ], [ 3.825966496450419, 51.739383917000637 ], [ 3.825908371767153, 51.738948227734596 ], [ 3.826780266725357, 51.738910097741623 ], [ 3.827331903529719, 51.73910556893513 ], [ 3.828019161808052, 51.739810550973409 ], [ 3.82819121245476, 51.739688450324515 ], [ 3.828029297489907, 51.73942815914284 ], [ 3.82820940725543, 51.739365613108234 ], [ 3.830327101599535, 51.739585706129269 ], [ 3.830481678471304, 51.739664001392917 ], [ 3.83021969340415, 51.739672272602967 ], [ 3.830188324160548, 51.73986323138827 ], [ 3.830776856485199, 51.740153590455868 ], [ 3.832809463454152, 51.739637719208339 ], [ 3.833063785962642, 51.739888009157731 ], [ 3.833183865508468, 51.739781778034896 ], [ 3.833126721821617, 51.739500510633555 ], [ 3.834212581812857, 51.739183740888649 ], [ 3.834423484669748, 51.739653871307475 ], [ 3.834597970398133, 51.73971182696026 ], [ 3.834731206796029, 51.739624617109584 ], [ 3.834730036405975, 51.73913597650359 ], [ 3.835627862032733, 51.738990051694003 ], [ 3.83578227102362, 51.739349899775704 ], [ 3.836026253295596, 51.739434154925512 ], [ 3.835989719307436, 51.73894144672267 ], [ 3.838814048315108, 51.739357343125434 ], [ 3.842059955106287, 51.738859909936423 ], [ 3.843638292425501, 51.739491916585393 ], [ 3.843929951930269, 51.740280839267832 ], [ 3.844158599854579, 51.740261570654106 ], [ 3.84423465458057, 51.739974879451594 ], [ 3.845316466119322, 51.74042902583291 ], [ 3.845141974949189, 51.740887994389482 ], [ 3.845290099880766, 51.741023198359265 ], [ 3.84565838478909, 51.740516622129846 ], [ 3.845869816766418, 51.740680472487767 ], [ 3.846902545534857, 51.740481671554399 ], [ 3.847160598789839, 51.740161247264147 ], [ 3.846873493786231, 51.73992907675602 ], [ 3.845205752349887, 51.739750458944798 ], [ 3.844936035031115, 51.739598654202595 ], [ 3.844880935697584, 51.739238557259959 ], [ 3.846302590551239, 51.738936432283062 ], [ 3.846704093950448, 51.739394977263345 ], [ 3.847232481850079, 51.739278765017247 ], [ 3.847336169561471, 51.739101455724622 ], [ 3.847038199846371, 51.738697590326517 ], [ 3.849992847931852, 51.737615291997251 ], [ 3.851302233816189, 51.738542097995392 ], [ 3.848329517326033, 51.739430094101017 ], [ 3.847204015153146, 51.73952041527513 ], [ 3.847071227295725, 51.73981982379474 ], [ 3.847838832073101, 51.740241397789632 ], [ 3.853305518622025, 51.738619101201721 ], [ 3.853633491797864, 51.738775780587851 ], [ 3.853814152673671, 51.738609550639261 ], [ 3.854468534509607, 51.738564544490536 ], [ 3.854697717263095, 51.73870879351756 ], [ 3.855130359012017, 51.738437767028636 ], [ 3.856069611941884, 51.738520304139136 ], [ 3.86444333634525, 51.740077492458866 ], [ 3.864637447288285, 51.740255691783169 ], [ 3.864831095407553, 51.740121363256527 ], [ 3.865936827680414, 51.74031558062876 ], [ 3.866284106976734, 51.740633249473014 ], [ 3.86670193481579, 51.740456827180516 ], [ 3.867156481651575, 51.740599852539539 ], [ 3.867265914673319, 51.74082173958292 ], [ 3.867459467765764, 51.740672611871119 ], [ 3.868105674203, 51.740728441950566 ], [ 3.868379525524759, 51.740921397188693 ], [ 3.870577258053368, 51.741167637357186 ], [ 3.887258296011324, 51.74408126469153 ], [ 3.887333553088457, 51.745227280391013 ], [ 3.887462510459995, 51.745324203688931 ], [ 3.887623847669067, 51.745178718824917 ], [ 3.887623804077146, 51.744329939971344 ], [ 3.889553121918201, 51.744300998204352 ], [ 3.88966805025471, 51.744145623541812 ], [ 3.889504456490656, 51.744035943486246 ], [ 3.889787622007861, 51.743601056053549 ], [ 3.891697478870029, 51.744007066906178 ], [ 3.891976650782541, 51.743763037903008 ], [ 3.8942324541704, 51.742860800045499 ], [ 3.896205255151106, 51.74226668296842 ], [ 3.896051422604218, 51.742093039599375 ], [ 3.894917805569869, 51.742363955402205 ], [ 3.891841362824722, 51.74351756357094 ], [ 3.889443711748422, 51.742830246977775 ], [ 3.889719676785721, 51.742258900711768 ], [ 3.889920280009456, 51.742270792577372 ], [ 3.890170219048176, 51.741907731669933 ], [ 3.890041814967559, 51.741765419737014 ], [ 3.890332126203893, 51.741253909059452 ], [ 3.89007238776561, 51.740993069007772 ], [ 3.890615341180807, 51.740896535924463 ], [ 3.891160091422602, 51.740201482704457 ], [ 3.893822474641798, 51.740449274709775 ], [ 3.89531491199582, 51.742005660062951 ], [ 3.896093072870039, 51.74192867610487 ], [ 3.896086976782659, 51.741674105497431 ], [ 3.895509153940402, 51.741752772940323 ], [ 3.895002825644389, 51.741205057671579 ], [ 3.894846379097971, 51.741015803247215 ], [ 3.895064069059975, 51.740717142652194 ], [ 3.895300569915562, 51.74061618458628 ], [ 3.89532972339889, 51.740790832732351 ], [ 3.895603405876542, 51.740878902963971 ], [ 3.898870218296354, 51.740131340758253 ], [ 3.899179663519635, 51.740280802574652 ], [ 3.899183962942432, 51.739910839327315 ], [ 3.903695979157008, 51.737797162208615 ], [ 3.90381896374868, 51.73751818900962 ], [ 3.903392728774639, 51.737222703269467 ], [ 3.903447519196651, 51.73695417329747 ], [ 3.904525574441509, 51.735755083344024 ], [ 3.905223731569709, 51.735666372724182 ], [ 3.905464762501281, 51.735329801138171 ], [ 3.905330364185507, 51.735047690620696 ], [ 3.905680136932758, 51.734476535617198 ], [ 3.906891165743729, 51.733216212606571 ], [ 3.907856830447683, 51.732878811412931 ], [ 3.908906964584074, 51.732982790429155 ], [ 3.910797927013974, 51.732014866924317 ], [ 3.911187250588466, 51.731968309495322 ], [ 3.911990675315994, 51.731473014556038 ], [ 3.9127097028255, 51.730640373092839 ], [ 3.913032389357678, 51.729790179894813 ], [ 3.913423732162982, 51.729887524596727 ], [ 3.913349482392594, 51.730409143279381 ], [ 3.914026402818626, 51.731607802833828 ], [ 3.914608943587699, 51.731796687111874 ], [ 3.915538134885282, 51.731823369358416 ], [ 3.915757309602774, 51.731750368249614 ], [ 3.915712613578145, 51.731575070982771 ], [ 3.914458901370262, 51.731498034755141 ], [ 3.915902462909921, 51.731445103338963 ], [ 3.916317986874704, 51.731621627130004 ], [ 3.916362844964268, 51.732013271310599 ], [ 3.916504700727488, 51.732088812137384 ], [ 3.916707168752893, 51.731580827644812 ], [ 3.918835481033363, 51.732104939208774 ], [ 3.920685635977701, 51.731559538856864 ], [ 3.921339616729354, 51.7318267122373 ], [ 3.921160868241145, 51.732276037912591 ], [ 3.921352700671337, 51.732484375914744 ], [ 3.922091774978127, 51.731898274581241 ], [ 3.922606776839991, 51.731755535434409 ], [ 3.926855175678176, 51.731720338705607 ], [ 3.927804362793233, 51.732031079842656 ], [ 3.927774825740058, 51.732367809132839 ], [ 3.928030742678399, 51.732499470582589 ], [ 3.928899967259664, 51.73252955741971 ], [ 3.929293839007978, 51.732318773370864 ], [ 3.943219242397789, 51.734408569538182 ], [ 3.943757564066406, 51.734049623119681 ], [ 3.94387369577533, 51.733626289872262 ], [ 3.944582806118079, 51.733390552923034 ], [ 3.945306735735226, 51.733416205931015 ], [ 3.945855664368208, 51.733623622046593 ], [ 3.946352236114907, 51.733871069395001 ], [ 3.946478839004398, 51.734332331334883 ], [ 3.946651300128369, 51.734247813147626 ], [ 3.946661329922062, 51.733848624422556 ], [ 3.947176378516102, 51.733657636169845 ], [ 3.947806573348713, 51.733678019678663 ], [ 3.947792699689709, 51.734338167964786 ], [ 3.947912575883556, 51.734427397733079 ], [ 3.948043116041217, 51.734351094583225 ], [ 3.948083248565555, 51.73365782493952 ], [ 3.948504731757465, 51.733491788169317 ], [ 3.949256150794137, 51.733494316654287 ], [ 3.94925083033279, 51.734188320988984 ], [ 3.949381101269522, 51.734290063103757 ], [ 3.949534724520808, 51.733585619684284 ], [ 3.949754188300607, 51.733484656242922 ], [ 3.950722835767738, 51.733490683994894 ], [ 3.950799544092856, 51.733948494816161 ], [ 3.950964849824951, 51.733878160398461 ], [ 3.95097997571124, 51.73349261107424 ], [ 3.952246511705149, 51.733505889469704 ], [ 3.952412467227686, 51.73375133612101 ], [ 3.952557609698943, 51.73350926093287 ], [ 3.956069936191141, 51.733528087767738 ], [ 3.956632664183474, 51.733672356422929 ], [ 3.956883915010459, 51.733523912345881 ], [ 3.957708617270721, 51.733526019567506 ], [ 3.95786304528873, 51.733725168413997 ], [ 3.958040283484558, 51.733524314230777 ], [ 3.958781386235159, 51.733526689709564 ], [ 3.958976200385909, 51.734091655472589 ], [ 3.959199196198866, 51.733529819488886 ], [ 3.959863812437679, 51.733538400980876 ], [ 3.9599698895475, 51.733980467440226 ], [ 3.960187505722978, 51.733539837242333 ], [ 3.960909653212124, 51.733540499841695 ], [ 3.961285521606841, 51.73367957859422 ], [ 3.961386422095051, 51.733873992343121 ], [ 3.962020397076896, 51.734024609047722 ], [ 3.964676756426772, 51.73417462846426 ], [ 3.96895789165566, 51.734033466973578 ], [ 3.971659661563419, 51.733625288507881 ], [ 3.971886752845558, 51.73387258797117 ], [ 3.971928520082637, 51.733514878976628 ], [ 3.973354529479175, 51.733060968384393 ], [ 3.973427911636271, 51.732846983395234 ], [ 3.972694094008948, 51.731343824625483 ], [ 3.972354692627906, 51.731031827854487 ], [ 3.972403186927666, 51.730846757752332 ], [ 3.971719157319287, 51.729443280278069 ], [ 3.971273120902935, 51.72933386355993 ], [ 3.971549612363407, 51.729232944310489 ], [ 3.971439496899775, 51.728934232499292 ], [ 3.971009488505497, 51.728856210786439 ], [ 3.970165575192475, 51.727188271302133 ], [ 3.970298623039247, 51.726758491472488 ], [ 3.971391125856441, 51.726493456387523 ], [ 3.97171938058528, 51.7265714105801 ], [ 3.974246214036624, 51.731118586622195 ], [ 3.974612968171634, 51.731869101336436 ], [ 3.974450123436142, 51.732177476288747 ], [ 3.974733425717936, 51.732696481918332 ], [ 3.975227766138821, 51.732731896237368 ], [ 3.97570233150814, 51.732503662704076 ], [ 3.975737795909426, 51.732080774753001 ], [ 3.975337833072023, 51.731632657054263 ], [ 3.97556593848759, 51.731477906122599 ], [ 3.976715045145342, 51.731215964092492 ], [ 3.977432005722234, 51.731394133367878 ], [ 3.979409585463535, 51.730604608625718 ], [ 3.979323144428969, 51.730367951771505 ], [ 3.977372728160383, 51.731117368822169 ], [ 3.976954869409962, 51.731000095149817 ], [ 3.977129026465353, 51.730719187492014 ], [ 3.977749183159342, 51.730426362327627 ], [ 3.978965803005245, 51.730367936190227 ], [ 3.97934423538302, 51.729663082974874 ], [ 3.979028382317509, 51.729382711641257 ], [ 3.976998355800664, 51.729272865016355 ], [ 3.976699707888285, 51.729429175250495 ], [ 3.976569092947041, 51.72986605427117 ], [ 3.976217432658509, 51.730128589892175 ], [ 3.974956774220457, 51.730022676890862 ], [ 3.975254802907853, 51.729717953945936 ], [ 3.975225581210871, 51.728933867009722 ], [ 3.975397402287571, 51.728384057645364 ], [ 3.976142040702978, 51.727056806321364 ], [ 3.976180505338744, 51.725155925990471 ], [ 3.976022298064946, 51.724920383768485 ], [ 3.976219597951836, 51.72352270003605 ], [ 3.976379185149904, 51.724539306813568 ], [ 3.976537699593559, 51.724647915566187 ], [ 3.977868772373615, 51.723899859536957 ], [ 3.977142579889022, 51.724417604146026 ], [ 3.977097292443875, 51.724956081404521 ], [ 3.977627423009692, 51.72526059133402 ], [ 3.978903343720783, 51.725374028142731 ], [ 3.98006845535673, 51.72581977570777 ], [ 3.980239608495173, 51.726168032231584 ], [ 3.98008019314309, 51.726489205019099 ], [ 3.980163620638534, 51.726644442272416 ], [ 3.981627122316528, 51.72645992938611 ], [ 3.982408150263548, 51.726152986870382 ], [ 3.983147979493598, 51.725346775307862 ], [ 3.983231692021092, 51.724891858941511 ], [ 3.983042897882399, 51.724323568934174 ], [ 3.982398593294439, 51.723947562391068 ], [ 3.98091519360071, 51.72370868099943 ], [ 3.980214052037117, 51.723244355479665 ], [ 3.981014495554032, 51.723572915893982 ], [ 3.982711485955759, 51.723412412277838 ], [ 3.983033653004272, 51.723238685288784 ], [ 3.98325480141292, 51.722874628985139 ], [ 3.983353568884898, 51.72196961998479 ], [ 3.982930297759636, 51.721851891452353 ], [ 3.983140373247442, 51.721693172040176 ], [ 3.98306442761118, 51.721473283146807 ], [ 3.981851453016036, 51.721253797022364 ], [ 3.982105699132981, 51.721220739609805 ], [ 3.982201722458371, 51.721032040347275 ], [ 3.982609199515094, 51.721186775764416 ], [ 3.984583779553799, 51.721190344490928 ], [ 3.984511091992197, 51.720731784287473 ], [ 3.984858444951803, 51.720041256692014 ], [ 3.984784474197483, 51.719839801607272 ], [ 3.984201038425988, 51.719275454104839 ], [ 3.983572073422945, 51.719302562537358 ], [ 3.983048994868521, 51.71957709534427 ], [ 3.982665926191954, 51.719206354557919 ], [ 3.983163934393195, 51.718591537958794 ], [ 3.98307598748524, 51.718203229638142 ], [ 3.982707507049663, 51.717782840749926 ], [ 3.982928170368849, 51.717465007119642 ], [ 3.983108700339328, 51.717353538019978 ], [ 3.983518002660555, 51.717430819358171 ], [ 3.984763199538529, 51.718302775727359 ], [ 3.984796948421778, 51.718137378070658 ], [ 3.983728734445279, 51.717255745602507 ], [ 3.983924197234973, 51.717025672242755 ], [ 3.986066038840431, 51.716331470244747 ], [ 3.985978720273858, 51.716618918939432 ], [ 3.985570272579093, 51.716995199611908 ], [ 3.985752705070383, 51.71711782646166 ], [ 3.985395153807348, 51.717386767896038 ], [ 3.985503561633406, 51.717507481619243 ], [ 3.985948901474768, 51.717455934469868 ], [ 3.986306433258902, 51.716458268419053 ], [ 3.986676964316979, 51.716121037841667 ], [ 3.989983529287359, 51.714864541766993 ], [ 3.992227933810838, 51.713552494394719 ], [ 3.998336208066362, 51.709253705030847 ], [ 3.999597207756019, 51.708193933203582 ], [ 4.000945023749152, 51.707705754155491 ], [ 4.004177082848532, 51.705685779474827 ], [ 4.007137350578499, 51.703189091816483 ], [ 4.010113330776827, 51.699966195686599 ], [ 4.011371160759779, 51.697577810376657 ], [ 4.013067970634186, 51.692247401604249 ], [ 4.014594003527778, 51.689137610584737 ], [ 4.0149637353605, 51.686753932607367 ], [ 4.015107758523813, 51.686683286115468 ], [ 4.020944451816011, 51.684841125590452 ], [ 4.022287049273293, 51.685141536075029 ], [ 4.02303302276666, 51.684919285591668 ], [ 4.025871628928804, 51.684775544027367 ], [ 4.026328349237694, 51.684482080965203 ], [ 4.026439863108865, 51.684643689393511 ], [ 4.026766923082369, 51.684503070988178 ], [ 4.026974638631452, 51.684578942724613 ], [ 4.0271553643021, 51.684348486545566 ], [ 4.027555983288005, 51.684263090066437 ], [ 4.0276271953787, 51.684038007804766 ], [ 4.028135787707787, 51.683908877973529 ], [ 4.02824924012149, 51.683531536223718 ], [ 4.02798600596882, 51.683117763870492 ], [ 4.029524677049316, 51.682599353073378 ], [ 4.034829342236358, 51.683867154558058 ], [ 4.034302027086172, 51.684041110851005 ], [ 4.032437115103675, 51.683912668113301 ], [ 4.031945345675579, 51.68399498968617 ], [ 4.032003379697918, 51.684214525780185 ], [ 4.037406432610991, 51.68435334751068 ], [ 4.040873181476181, 51.684749363408422 ], [ 4.044544641687068, 51.684686953946425 ], [ 4.048523869667896, 51.682857619776186 ], [ 4.053381375323909, 51.681217775249927 ], [ 4.055473214174242, 51.679413678117506 ], [ 4.059172265655307, 51.678813149673942 ], [ 4.063039568798573, 51.677668875755352 ], [ 4.064351166682842, 51.677724870350225 ], [ 4.064915761815324, 51.677331995353761 ], [ 4.065112065053591, 51.676825667623206 ], [ 4.068612538305911, 51.6752868089484 ], [ 4.071349140851979, 51.675069679032575 ], [ 4.071411615638247, 51.674838875416718 ], [ 4.071507470286869, 51.675052585893063 ], [ 4.072201448587661, 51.675088680058828 ], [ 4.073265078743636, 51.675667631278415 ], [ 4.073951044519678, 51.675575511885057 ], [ 4.073975410894749, 51.675721974314435 ], [ 4.074287513644277, 51.675785844622681 ], [ 4.075474288559915, 51.675756465133382 ], [ 4.075594741099073, 51.675945906153387 ], [ 4.075955074554066, 51.676017663702368 ], [ 4.076860966235683, 51.675907854738014 ], [ 4.077791834193402, 51.675497909877102 ], [ 4.078032253130071, 51.675112933721984 ], [ 4.07732225235528, 51.674971167116105 ], [ 4.076888831107413, 51.67461768985828 ], [ 4.074711098069346, 51.674230938672729 ], [ 4.074310793722631, 51.674011715153917 ], [ 4.074333069635748, 51.673703631539354 ], [ 4.080750403691868, 51.67106641207296 ], [ 4.08243761439722, 51.671847245152478 ], [ 4.082623928123483, 51.671780385436669 ], [ 4.08303679380506, 51.671973243134651 ], [ 4.084142061676356, 51.671641877187689 ], [ 4.084187747006354, 51.67148256962524 ], [ 4.083297467053397, 51.670534404793727 ], [ 4.086742581357138, 51.669315477794974 ], [ 4.087880846569675, 51.670548563962051 ], [ 4.086263492108257, 51.671335402131632 ], [ 4.084073806337452, 51.671961248860313 ], [ 4.083992886041735, 51.672170467385925 ], [ 4.085698049120577, 51.671826833480274 ], [ 4.088353613059988, 51.670880835442837 ], [ 4.088833937258985, 51.670996465032722 ], [ 4.089002115706635, 51.670873422711843 ], [ 4.088971481166838, 51.670698807941626 ], [ 4.087521087592651, 51.669161988086074 ], [ 4.087472691721547, 51.668907270744 ], [ 4.088414782504543, 51.668353201791241 ], [ 4.09169066828174, 51.667194740933958 ], [ 4.09231158144075, 51.66775898372898 ], [ 4.0935129934428, 51.667449366842511 ], [ 4.093780702345449, 51.667640771404976 ], [ 4.093128058922909, 51.668232915676029 ], [ 4.090624829154629, 51.669787546448781 ], [ 4.089727927584529, 51.669540085052311 ], [ 4.089565400731403, 51.669639938439033 ], [ 4.089610162972154, 51.669832102459821 ], [ 4.090812050611233, 51.670166438295254 ], [ 4.093655995667683, 51.668371084885692 ], [ 4.094156578289211, 51.668377223080569 ], [ 4.097830609044309, 51.670841634745116 ], [ 4.100865625038193, 51.672486736165069 ], [ 4.101539590698821, 51.673331302208339 ], [ 4.103332026671812, 51.674574372487164 ], [ 4.107558408657806, 51.677047356920646 ], [ 4.110204382441143, 51.67813430703842 ], [ 4.110422290296738, 51.678064985301674 ], [ 4.110367280346966, 51.677875657488578 ], [ 4.108943391380088, 51.677270277751113 ], [ 4.111779741617231, 51.677730677342701 ], [ 4.111954359663097, 51.677991174329634 ], [ 4.111791041661159, 51.678295624587093 ], [ 4.111161569513511, 51.678141590980559 ], [ 4.111024836357637, 51.678352412132369 ], [ 4.115727529700821, 51.679831590126106 ], [ 4.115921014410033, 51.679766358625265 ], [ 4.11587181992363, 51.679581941179222 ], [ 4.114465939859728, 51.679175000977402 ], [ 4.114551803889737, 51.678996343619666 ], [ 4.11479759405181, 51.67883411482611 ], [ 4.115345341514215, 51.678867739402278 ], [ 4.118076056392229, 51.679607029032439 ], [ 4.118596810333472, 51.679496526061385 ], [ 4.120752999580764, 51.67970328558134 ], [ 4.121702091266764, 51.679516166611634 ], [ 4.12189945665768, 51.679243800057471 ], [ 4.121300247170914, 51.678610670189734 ], [ 4.121283760094467, 51.678164012131866 ], [ 4.12169947367796, 51.677767998927756 ], [ 4.122556381515499, 51.677599710118514 ], [ 4.124908154262664, 51.677786068993335 ], [ 4.125487316287094, 51.678195162105077 ], [ 4.125572709233613, 51.678420781039023 ], [ 4.12537999013627, 51.678550201089983 ], [ 4.125435799708, 51.678732992592749 ], [ 4.126722929373112, 51.678647754098499 ], [ 4.127151515714556, 51.678847405961726 ], [ 4.127210919933537, 51.679114405350013 ], [ 4.129096342068872, 51.679722467155443 ], [ 4.129211413630322, 51.679498392584129 ], [ 4.128388440917814, 51.679062979976109 ], [ 4.128399836135876, 51.678287925069853 ], [ 4.130036037583126, 51.678040916495107 ], [ 4.130758950881476, 51.678201832354432 ], [ 4.131334682134782, 51.678824695018179 ], [ 4.131749385517652, 51.678995908265321 ], [ 4.132354964435643, 51.678978052459229 ], [ 4.133551221228108, 51.678628427027803 ], [ 4.136595918571397, 51.678768263819912 ], [ 4.136847181873975, 51.67913927998319 ], [ 4.136790835208128, 51.679402963511542 ], [ 4.135732899455484, 51.67946608148209 ], [ 4.135644574623837, 51.679606098228383 ], [ 4.135790115172062, 51.6797066119316 ], [ 4.143659018747657, 51.679250102538823 ], [ 4.147062981326806, 51.679624378763585 ], [ 4.148056174579585, 51.678820896711834 ], [ 4.148942274225428, 51.679061309779925 ], [ 4.148683276125682, 51.6798222526252 ], [ 4.152683491212091, 51.682017994953576 ], [ 4.152953240669603, 51.682423895292537 ], [ 4.153523805305032, 51.682480925716945 ], [ 4.155506269313861, 51.683515143803334 ], [ 4.157446316190747, 51.682497492328373 ], [ 4.156621941398457, 51.681709143235011 ], [ 4.15641382183385, 51.681151440105054 ], [ 4.156471877282065, 51.676869960658642 ], [ 4.156403009295895, 51.676604816445632 ], [ 4.156090778418058, 51.676414543726288 ], [ 4.155951446561429, 51.675602086410798 ], [ 4.157311136214825, 51.674048956655191 ], [ 4.158114181301786, 51.673842951876416 ], [ 4.158740898272542, 51.673036719472726 ], [ 4.161497935468597, 51.670411730687512 ], [ 4.162820255523017, 51.668010622972574 ], [ 4.163434621463538, 51.667792782958252 ], [ 4.167374333979958, 51.668238446770339 ], [ 4.170837922127631, 51.668265597889828 ], [ 4.172939943651018, 51.667874843116614 ], [ 4.173061359996459, 51.66801026896718 ], [ 4.173136192027522, 51.667815869509909 ], [ 4.174708634309766, 51.667251196301272 ], [ 4.175015416726288, 51.667006841380683 ], [ 4.174875411687372, 51.666684398551091 ], [ 4.174512582663017, 51.666580556550834 ], [ 4.172912103118952, 51.667112324347173 ], [ 4.171815994851562, 51.667288953423515 ], [ 4.166384017403868, 51.66718149423756 ], [ 4.166144984881798, 51.667046421804891 ], [ 4.166210126841418, 51.6660185515411 ], [ 4.165677168849866, 51.66553541454352 ], [ 4.161924254557526, 51.665211255642674 ], [ 4.161962160511643, 51.664763485870324 ], [ 4.165297805450729, 51.664745388536552 ], [ 4.167342087051991, 51.665345274813241 ], [ 4.17086087392503, 51.665465465008872 ], [ 4.170949264215193, 51.66572780161836 ], [ 4.171501646144223, 51.665735137693495 ], [ 4.171580311630993, 51.665489903102724 ], [ 4.174816567559725, 51.665572739846205 ], [ 4.180173515440348, 51.664362365803598 ], [ 4.183150801617058, 51.663038820974045 ], [ 4.183125375777587, 51.662821916809825 ], [ 4.182835602144816, 51.662731795253862 ], [ 4.179520119361877, 51.664086850753272 ], [ 4.177984236125348, 51.664399960036732 ], [ 4.17618892677547, 51.664492390590226 ], [ 4.171719520638204, 51.664369454735649 ], [ 4.171622624185455, 51.664213262161375 ], [ 4.170982306878671, 51.664196078930637 ], [ 4.170893737185372, 51.664340454115937 ], [ 4.168682388914861, 51.664274726780107 ], [ 4.168355390579751, 51.664140252880365 ], [ 4.164226766372453, 51.664129409847085 ], [ 4.163962019443174, 51.663987211560659 ], [ 4.163974131014924, 51.663280163595637 ], [ 4.163808582254956, 51.663031613647938 ], [ 4.164204629955321, 51.663037345986261 ], [ 4.164215717268903, 51.662801496900201 ], [ 4.162126742194131, 51.662646465511877 ], [ 4.162294254554831, 51.660469112488151 ], [ 4.170388952138735, 51.660639035866033 ], [ 4.172780659355668, 51.660370359646215 ], [ 4.180386460636802, 51.660597374907319 ], [ 4.182728391233888, 51.661012476874234 ], [ 4.182918887336728, 51.660854994107751 ], [ 4.182939250643565, 51.660539852256463 ], [ 4.183694368388305, 51.659227987999621 ], [ 4.183633929160092, 51.658493083688612 ], [ 4.183292354352115, 51.658234842531954 ], [ 4.182933697476257, 51.658213450679995 ], [ 4.182572440879151, 51.659091815433101 ], [ 4.182348350325363, 51.659250554665597 ], [ 4.182611195821711, 51.659449591019047 ], [ 4.182530184789249, 51.65961144098393 ], [ 4.182425255169053, 51.659674576238835 ], [ 4.182285494512888, 51.659470735752322 ], [ 4.181746319153811, 51.659878909845169 ], [ 4.180586594926135, 51.65984002355345 ], [ 4.179617804865704, 51.659471627715313 ], [ 4.178936674492224, 51.659496364893513 ], [ 4.178800517793292, 51.659321168470548 ], [ 4.177595681312017, 51.659143610593681 ], [ 4.173392467330174, 51.659297871227317 ], [ 4.170751158257875, 51.659671514951953 ], [ 4.169785792151879, 51.659659046251363 ], [ 4.169657144297789, 51.659811883605038 ], [ 4.169386823057234, 51.659626947042391 ], [ 4.166869883418172, 51.659116055512158 ], [ 4.166478167770807, 51.658835088077261 ], [ 4.166168414568452, 51.658410673910069 ], [ 4.166442756927007, 51.657667007654076 ], [ 4.16642663498756, 51.656739370820503 ], [ 4.166793372968779, 51.656201339503262 ], [ 4.168186165386866, 51.655000000138436 ], [ 4.169226915831541, 51.654518073221716 ], [ 4.173064839433185, 51.654195061095571 ], [ 4.173929667694003, 51.654036050410426 ], [ 4.174376299875413, 51.653648778735928 ], [ 4.174810657572225, 51.653540373837032 ], [ 4.175424790434955, 51.653794013420118 ], [ 4.176127511180839, 51.653593251303697 ], [ 4.176755140356566, 51.653888392465007 ], [ 4.177268387123721, 51.65384134057873 ], [ 4.180094618709789, 51.654261747864311 ], [ 4.181274904957865, 51.65408850267805 ], [ 4.182467917280643, 51.653672906391556 ], [ 4.182578205218659, 51.653499160154091 ], [ 4.182462641856019, 51.652755148890009 ], [ 4.182209396915757, 51.652156780065006 ], [ 4.182246027955085, 51.651837293199598 ], [ 4.181873951082756, 51.651152343460218 ], [ 4.181915310946427, 51.65070001495495 ], [ 4.181200603601668, 51.64982699418092 ], [ 4.180474205823367, 51.650298575940717 ], [ 4.180558358957205, 51.649866436725446 ], [ 4.181214738097967, 51.649255930350243 ], [ 4.187147188534063, 51.647223342100816 ], [ 4.188444157774457, 51.646596222627203 ], [ 4.18877527757199, 51.646136924238341 ], [ 4.190196873751153, 51.645178458179636 ], [ 4.190785152716498, 51.645110899699901 ], [ 4.191773217714858, 51.644264950465825 ], [ 4.193052792529866, 51.642568904986305 ], [ 4.193367736149036, 51.642542765531758 ], [ 4.193597887311481, 51.64179883174728 ], [ 4.193769205206064, 51.64167709683727 ], [ 4.193714353742672, 51.641023658870978 ], [ 4.194362673076345, 51.638036568026216 ], [ 4.194604084853983, 51.637719561961703 ], [ 4.194579919693684, 51.637203615121109 ], [ 4.194834899725495, 51.636181089733348 ], [ 4.194342843034123, 51.635600641657632 ], [ 4.195355641720995, 51.635102820726381 ], [ 4.195450464876256, 51.634767244437626 ], [ 4.196144966273094, 51.634544400086739 ], [ 4.19665655836904, 51.633613033046032 ], [ 4.196838191023604, 51.632377803279198 ], [ 4.196653327367659, 51.631745293993212 ], [ 4.196247406362557, 51.63132134209706 ], [ 4.195390990584015, 51.631056782314374 ], [ 4.195356416803275, 51.630860945843878 ], [ 4.195125577621834, 51.630769416522156 ], [ 4.196475127598444, 51.630976325418949 ], [ 4.197024032843769, 51.631698227328663 ], [ 4.197204035642481, 51.633980589842288 ], [ 4.196674781189999, 51.634456659169643 ], [ 4.196758334180098, 51.63486371983894 ], [ 4.197794890306692, 51.634450794774203 ], [ 4.198645827065335, 51.633774931500376 ], [ 4.199332658637152, 51.633055753590803 ], [ 4.199756081745297, 51.632175954839845 ], [ 4.199539143802368, 51.631160993191848 ], [ 4.198101761640045, 51.628995011057725 ], [ 4.197787893824721, 51.628219568640269 ], [ 4.197911335143817, 51.627877222721054 ], [ 4.197584901575057, 51.627233345662411 ], [ 4.196708375172827, 51.626275610717222 ], [ 4.196412947591227, 51.625821339906828 ], [ 4.19635309834494, 51.625064407791797 ], [ 4.196438925111996, 51.624567964998903 ], [ 4.196536827833742, 51.625943627481291 ], [ 4.196964459139997, 51.626460889426014 ], [ 4.197661052588245, 51.626867476865804 ], [ 4.198484392033905, 51.628621473470112 ], [ 4.198661061749061, 51.628621432069302 ], [ 4.198680405460296, 51.629147998587548 ], [ 4.200117868965733, 51.630987436806805 ], [ 4.20033427410451, 51.630786316392971 ], [ 4.200138664808602, 51.629738931608884 ], [ 4.200290342488171, 51.62933488798501 ], [ 4.201449740092882, 51.628743360213356 ], [ 4.201597390227112, 51.628896291559272 ], [ 4.20140259088039, 51.629026863660918 ], [ 4.201460471029359, 51.629171361177335 ], [ 4.200672838356422, 51.629325192950951 ], [ 4.200383857564566, 51.629796468180849 ], [ 4.200562998440033, 51.630452315998326 ], [ 4.200920752204506, 51.630678472002351 ], [ 4.201195267575274, 51.631998364886513 ], [ 4.201519608409512, 51.632291573205457 ], [ 4.202091737140098, 51.632522806982678 ], [ 4.203151189458405, 51.632389026290205 ], [ 4.204558276293292, 51.632504266978408 ], [ 4.205092124329775, 51.632254925820568 ], [ 4.20565157166368, 51.632463547975441 ], [ 4.205256200871114, 51.632640821490824 ], [ 4.205310230686105, 51.632880217239624 ], [ 4.205595066129725, 51.632929561723145 ], [ 4.20544457173466, 51.632984801802301 ], [ 4.203212769705958, 51.632657656717896 ], [ 4.201795157462775, 51.632753419171408 ], [ 4.200896806537266, 51.633059681050177 ], [ 4.20021943253167, 51.633535146410189 ], [ 4.19959455595292, 51.634256854302514 ], [ 4.199435411978181, 51.634622836968774 ], [ 4.199649445510155, 51.634859333891669 ], [ 4.20019041022816, 51.634827108977596 ], [ 4.202613939887135, 51.633816205643363 ], [ 4.204597896105272, 51.633651353697033 ], [ 4.207961772537566, 51.633746991445847 ], [ 4.210039532053531, 51.634317767705006 ], [ 4.211303211322005, 51.633932529552261 ], [ 4.21168438718213, 51.633625489592205 ], [ 4.214168756525089, 51.634588927549096 ], [ 4.215733219978233, 51.634606921683144 ], [ 4.215982851975348, 51.634929077251613 ], [ 4.217161253603385, 51.635614468717655 ], [ 4.21781147880178, 51.635252397285953 ], [ 4.218284420159518, 51.63542423955036 ], [ 4.220691229778008, 51.635019477453568 ], [ 4.220881249004604, 51.634876026511115 ], [ 4.222615597062218, 51.634887307682249 ], [ 4.223479569297615, 51.63518822967945 ], [ 4.225489230865286, 51.634586203690603 ], [ 4.226843998147668, 51.634587388523776 ], [ 4.227727675324648, 51.634270141113561 ], [ 4.229564696056048, 51.634031073270791 ], [ 4.230674056929954, 51.634096592038496 ], [ 4.231318033559863, 51.634651228299305 ], [ 4.232695975170667, 51.6351619728241 ], [ 4.233600026931147, 51.635086282898243 ], [ 4.234472688928442, 51.634729320040812 ], [ 4.237344681601792, 51.634112195637243 ], [ 4.227796225539578, 51.631119169690109 ], [ 4.217045959204896, 51.628529160680138 ], [ 4.211911722286194, 51.626883068063343 ], [ 4.207163821938602, 51.624820908985775 ], [ 4.202909476752168, 51.622386797105058 ], [ 4.200985496341221, 51.621040479138131 ], [ 4.199141380778373, 51.6195536902489 ], [ 4.196132033086312, 51.616555669828593 ], [ 4.1937455506644, 51.61327641284803 ], [ 4.191805056223185, 51.609882190185424 ], [ 4.191070009647757, 51.608124834435202 ], [ 4.190181027273122, 51.604564883824203 ], [ 4.190024121924631, 51.602748918613877 ], [ 4.190294524206499, 51.599149544303913 ], [ 4.190722638681934, 51.597351555153161 ], [ 4.192145120442715, 51.593851227386075 ], [ 4.194303472323489, 51.590503263438222 ], [ 4.197152760656946, 51.587372103418495 ], [ 4.200638434604834, 51.584495591831221 ], [ 4.228055556054873, 51.563640720397821 ], [ 4.229655583047925, 51.562152551060059 ], [ 4.232362650223729, 51.558996152850028 ], [ 4.233457753785151, 51.557341950540845 ], [ 4.235107790773736, 51.553918118744562 ], [ 4.23565594675593, 51.552163504360536 ], [ 4.236186912375675, 51.548606997971206 ], [ 4.236167824665388, 51.546820366395742 ], [ 4.235560596495857, 51.543268430803103 ], [ 4.234204409933801, 51.539795479101763 ], [ 4.22082371504904, 51.516057522742685 ], [ 4.220011074635555, 51.514326319944097 ], [ 4.219381171524176, 51.51255283802319 ], [ 4.218700699651139, 51.508974887633158 ], [ 4.218648009777802, 51.507156666500585 ], [ 4.218830538663652, 51.504832878617471 ], [ 4.275704493203814, 51.425083106978427 ], [ 4.266385155745991, 51.420058166011387 ], [ 4.265213136726989, 51.418331262514712 ], [ 4.263632367433681, 51.416444411885308 ], [ 4.264011325424918, 51.41388021185319 ], [ 4.2663987390362, 51.40813247459802 ], [ 4.268960427558454, 51.40033324235511 ], [ 4.268535752589377, 51.388180265981923 ], [ 4.266253602534136, 51.386510714414094 ], [ 4.26833637329105, 51.383456931228267 ], [ 4.273636711913847, 51.383054153586386 ], [ 4.277410437233786, 51.375936294220971 ], [ 4.243161931183653, 51.374716658461757 ], [ 4.243104840231083, 51.374851257043765 ], [ 4.243281623870859, 51.375003769130608 ], [ 4.24304988764333, 51.375067986533089 ], [ 4.243022220224341, 51.375300458631614 ], [ 4.243762596516114, 51.377811896385275 ], [ 4.243589876526228, 51.378453772046356 ], [ 4.243796524453711, 51.378790205938188 ], [ 4.244431327022279, 51.378865337833787 ], [ 4.243598833160486, 51.379468617997389 ], [ 4.243614031801521, 51.381388684531196 ], [ 4.243349607686644, 51.381690591925647 ], [ 4.243328842803797, 51.381990747896879 ], [ 4.243969280726978, 51.382624123396226 ], [ 4.243905227994794, 51.382877155784044 ], [ 4.243545137631039, 51.38314610384807 ], [ 4.243256701679697, 51.38406115637742 ], [ 4.242727689755279, 51.384498680938876 ], [ 4.241830966154614, 51.38481719934174 ], [ 4.241460156378249, 51.385131832171609 ], [ 4.240895931375504, 51.386470561729304 ], [ 4.234483365783328, 51.392306611818839 ], [ 4.233282957003821, 51.391640349597871 ], [ 4.232999625657124, 51.391706042181553 ], [ 4.233065692103707, 51.392031061190728 ], [ 4.234025653252746, 51.392508498547926 ], [ 4.233910622855444, 51.392652455839524 ], [ 4.234030276310229, 51.392929783159822 ], [ 4.23364301235465, 51.392906828916303 ], [ 4.233414226898359, 51.393108896406801 ], [ 4.231927570948599, 51.39259921399259 ], [ 4.231886005458304, 51.392771719593654 ], [ 4.232074290030929, 51.392940018222532 ], [ 4.233216409969738, 51.393389378570582 ], [ 4.231570933297841, 51.394816239877812 ], [ 4.230151195873797, 51.395430642054116 ], [ 4.220066404012323, 51.398424902710566 ], [ 4.218640614202632, 51.398094124982777 ], [ 4.218424138064828, 51.398219837234116 ], [ 4.218438522433118, 51.398466783366565 ], [ 4.219064091942672, 51.39873363289211 ], [ 4.218508181370455, 51.398917954948189 ], [ 4.217874886064522, 51.399008509265691 ], [ 4.217999995040572, 51.398552307398646 ], [ 4.217564076242256, 51.39840919420255 ], [ 4.217182195761108, 51.398791410281035 ], [ 4.217234992476651, 51.399270094356972 ], [ 4.212714644794087, 51.40012843856109 ], [ 4.212061004484009, 51.400217933527536 ], [ 4.212118206145593, 51.399327137966743 ], [ 4.211961521191463, 51.399212558509895 ], [ 4.211524538204384, 51.399447784292079 ], [ 4.211671689956344, 51.399698450579656 ], [ 4.211592508448764, 51.400243744506525 ], [ 4.206935523835458, 51.399586570877339 ], [ 4.208569700561522, 51.399397137426263 ], [ 4.208697777631564, 51.399251298129442 ], [ 4.20853957426673, 51.399125604488958 ], [ 4.206422021381765, 51.399392027015146 ], [ 4.205593050256758, 51.399985757559108 ], [ 4.205756211141544, 51.400188950853675 ], [ 4.20635179742899, 51.399787807000877 ], [ 4.205413865157806, 51.401803621596628 ], [ 4.204461224613858, 51.403004088487329 ], [ 4.203374563109868, 51.402668858916506 ], [ 4.203122258719715, 51.402740142659027 ], [ 4.203203230695195, 51.402924676921117 ], [ 4.204290350885073, 51.403225786907988 ], [ 4.203510363743788, 51.404229672146386 ], [ 4.202919856110125, 51.404322400488653 ], [ 4.20152115240309, 51.405141468402739 ], [ 4.201327758876751, 51.405606323744536 ], [ 4.200591004387657, 51.406188106901354 ], [ 4.198676559379384, 51.406624932936147 ], [ 4.197413389390948, 51.406739000067169 ], [ 4.194517181446169, 51.405544978181446 ], [ 4.189614988740844, 51.405595285127234 ], [ 4.189624508311852, 51.40486257939682 ], [ 4.188728617560542, 51.404166537858465 ], [ 4.188141252817471, 51.404226634362004 ], [ 4.186642305953963, 51.403935698964339 ], [ 4.185272365365842, 51.404019688554754 ], [ 4.184781389197889, 51.403862694526104 ], [ 4.183547505057737, 51.403149123782946 ], [ 4.185663574996415, 51.399833738477611 ], [ 4.185669933468092, 51.399660554088072 ], [ 4.185475646501927, 51.399581680448563 ], [ 4.183199522528571, 51.4030105334515 ], [ 4.182410037371219, 51.402750996778288 ], [ 4.181798789656492, 51.402891135455924 ], [ 4.181763661806727, 51.402701331799747 ], [ 4.181341642860572, 51.402574316655517 ], [ 4.176221754301435, 51.401764596478351 ], [ 4.174929345886453, 51.401748501829069 ], [ 4.174572911973722, 51.402002834537981 ], [ 4.174265216806044, 51.401963170027521 ], [ 4.173368449063281, 51.401714561512485 ], [ 4.173334149622958, 51.401373582520108 ], [ 4.173143048467941, 51.401214528646591 ], [ 4.172498192701799, 51.401072310802938 ], [ 4.171504674786451, 51.400546408670131 ], [ 4.170492502509705, 51.400388903721193 ], [ 4.170442101194994, 51.400052113680246 ], [ 4.169878790915695, 51.399741962344343 ], [ 4.168908840442282, 51.399628043542414 ], [ 4.168546216845696, 51.399113450628555 ], [ 4.16744182601428, 51.398644909348775 ], [ 4.165757311179918, 51.398094148699776 ], [ 4.165225695606888, 51.398165938985578 ], [ 4.164995666339762, 51.397978141525449 ], [ 4.16348213364642, 51.397601767357827 ], [ 4.163060345483929, 51.397324169816976 ], [ 4.162524596326664, 51.397296918652941 ], [ 4.161956483496376, 51.396956851780452 ], [ 4.160442054536977, 51.396584473904788 ], [ 4.159958234762523, 51.39612457018378 ], [ 4.159383846843495, 51.396233926856176 ], [ 4.15872171885707, 51.395625251169783 ], [ 4.157080660457294, 51.395386909865771 ], [ 4.156995582659524, 51.394889123899631 ], [ 4.156763494492205, 51.394730758827748 ], [ 4.153639993387563, 51.394454057093292 ], [ 4.153335359253814, 51.394629680491015 ], [ 4.153350704671148, 51.394255000463389 ], [ 4.153198665298103, 51.394134887873385 ], [ 4.152955595849017, 51.394226435610861 ], [ 4.152763879249424, 51.39505378160122 ], [ 4.138211767249427, 51.396557725500934 ], [ 4.137354251313315, 51.397085491732305 ], [ 4.136883866448068, 51.397157904515538 ], [ 4.13612177768559, 51.3975906693952 ], [ 4.13589957098307, 51.397917067954126 ], [ 4.134496110455402, 51.398663173395612 ], [ 4.133133688598336, 51.399030649885347 ], [ 4.125518244422006, 51.399936442559429 ], [ 4.124598585040243, 51.399922665502125 ], [ 4.122711023029354, 51.400214931863978 ], [ 4.121102685533574, 51.400699574137931 ], [ 4.12091372786078, 51.400323031532828 ], [ 4.120469342443192, 51.400119421676386 ], [ 4.120260118032723, 51.400530089788951 ], [ 4.119506542259606, 51.400507515902213 ], [ 4.117623502259906, 51.401332162052988 ], [ 4.117179577454504, 51.401032346349062 ], [ 4.115695341121373, 51.401350177702099 ], [ 4.11440165098526, 51.402017243987181 ], [ 4.113372804344171, 51.401819136605923 ], [ 4.113204114428486, 51.402133104824799 ], [ 4.113063504447642, 51.401842623508109 ], [ 4.112063894117642, 51.401824375977476 ], [ 4.111842194232699, 51.401960138638565 ], [ 4.111433040998454, 51.401839639559675 ], [ 4.109367016965388, 51.402149430257147 ], [ 4.108958583997133, 51.402548056626507 ], [ 4.108499558313452, 51.402484359439086 ], [ 4.108158939735397, 51.402250215701699 ], [ 4.107652603969, 51.402286697337928 ], [ 4.104863101379054, 51.397732886722984 ], [ 4.104002803424257, 51.396652228165003 ], [ 4.103920069596526, 51.396870948412896 ], [ 4.104419481565099, 51.397789828868007 ], [ 4.107134344104913, 51.402313785335416 ], [ 4.103880773235199, 51.403184507336448 ], [ 4.103354694787272, 51.403105857752365 ], [ 4.102659344552953, 51.403369933817125 ], [ 4.102443209425597, 51.403671328083846 ], [ 4.10199670350021, 51.403586298267633 ], [ 4.098485827658584, 51.404772570167673 ], [ 4.095200353899646, 51.405468220974562 ], [ 4.092890794480152, 51.405783607823388 ], [ 4.091954918069722, 51.404336400469745 ], [ 4.09225794562003, 51.404228090844484 ], [ 4.092209969564741, 51.40402765359589 ], [ 4.091799917689369, 51.40407847226674 ], [ 4.091606411896589, 51.403914540561239 ], [ 4.090097025698721, 51.401627250743502 ], [ 4.089892586302428, 51.401597792465729 ], [ 4.089811519077789, 51.401788261455025 ], [ 4.092457939475511, 51.405943808740091 ], [ 4.089614680127474, 51.406598562869853 ], [ 4.089570741911862, 51.406897053418724 ], [ 4.090061792483322, 51.406894002123835 ], [ 4.089092866295569, 51.407490343483438 ], [ 4.088902380024581, 51.406909406697551 ], [ 4.086830493578229, 51.406804121585651 ], [ 4.084515396049532, 51.407210746838267 ], [ 4.083701811675919, 51.407563837355596 ], [ 4.083095368963252, 51.407429203807652 ], [ 4.081558109217375, 51.40759293331746 ], [ 4.081224044652542, 51.407712104721504 ], [ 4.081177146080175, 51.407955654082691 ], [ 4.080546061644954, 51.408133630281931 ], [ 4.080055445670396, 51.407961335638085 ], [ 4.079565374047169, 51.407491185209338 ], [ 4.079687796716627, 51.407108702385827 ], [ 4.079477798034822, 51.407008779847011 ], [ 4.079222294751808, 51.407400056536474 ], [ 4.077332582925916, 51.40838282794639 ], [ 4.074333654903342, 51.410274921140662 ], [ 4.073760009776611, 51.411208341169399 ], [ 4.073182049530958, 51.411596684498953 ], [ 4.069041393829538, 51.412634470541271 ], [ 4.068572286539928, 51.412065243600239 ], [ 4.068430094037214, 51.412239877352938 ], [ 4.068679693697793, 51.412649650783671 ], [ 4.068375043901307, 51.412733419574415 ], [ 4.068235291788363, 51.412509783379285 ], [ 4.068333208096764, 51.412250969522731 ], [ 4.067699542921356, 51.411171015434022 ], [ 4.067438682262138, 51.411130756330344 ], [ 4.067367493997972, 51.411309585087416 ], [ 4.067883444073636, 51.412214984052397 ], [ 4.067511681968183, 51.41237884081859 ], [ 4.067546357830947, 51.412689762510993 ], [ 4.067098777743166, 51.413079303294232 ], [ 4.065943793797342, 51.413468227497027 ], [ 4.061818969057857, 51.413617027649103 ], [ 4.061422976831175, 51.413837936081109 ], [ 4.061051054746523, 51.414411883926959 ], [ 4.059224716444202, 51.415318609598096 ], [ 4.051505833435603, 51.419781976949011 ], [ 4.0512693248548, 51.419936467477953 ], [ 4.051152305855872, 51.420270318139622 ], [ 4.051908907176094, 51.421638702208092 ], [ 4.051783647246856, 51.422073747314862 ], [ 4.046562538968552, 51.426177241526752 ], [ 4.045972901202818, 51.42617599996511 ], [ 4.045789471224611, 51.426343129603055 ], [ 4.046798063577608, 51.426621139426018 ], [ 4.047842281441161, 51.427218874420923 ], [ 4.04829158073854, 51.427707412519155 ], [ 4.04861173841357, 51.428445744138394 ], [ 4.05063376837766, 51.429685058277407 ], [ 4.038615077147447, 51.432005977035942 ], [ 4.032778976995304, 51.432406796690863 ], [ 4.032565498194786, 51.432550806323711 ], [ 4.032544044468494, 51.432933583536723 ], [ 4.032850015424054, 51.433144539732105 ], [ 4.033626976857834, 51.433123902312694 ], [ 4.034074095726411, 51.434882250503563 ], [ 4.033755536516078, 51.435508553285949 ], [ 4.033840379940134, 51.436280650207188 ], [ 4.032493639641977, 51.436779645653594 ], [ 4.030866314379118, 51.436859050558212 ], [ 4.029927523600832, 51.436178935117908 ], [ 4.030383740591996, 51.435737752324137 ], [ 4.03041961815723, 51.434046653962533 ], [ 4.030688259499826, 51.433461490192535 ], [ 4.030477621614682, 51.433173320034143 ], [ 4.030221344517765, 51.433119144164621 ], [ 4.029948100575509, 51.433250572958613 ], [ 4.029659594428964, 51.433741371046374 ], [ 4.029579658588131, 51.435446161247668 ], [ 4.029388507952627, 51.435662061150254 ], [ 4.024249978628965, 51.437440275698819 ], [ 4.023582155557356, 51.436677832385804 ], [ 4.023377655730888, 51.436690477357985 ], [ 4.023326573828906, 51.436841825994662 ], [ 4.02392452685005, 51.437556477289682 ], [ 4.020731782886098, 51.438701260048781 ], [ 4.016913923138886, 51.439716185038655 ], [ 4.01627083561928, 51.439566998108639 ], [ 4.015259761560682, 51.439722638774327 ], [ 4.013934480364358, 51.439070533936459 ], [ 4.013272086025735, 51.438924848684735 ], [ 4.012757854525787, 51.439004468549449 ], [ 4.012504265389675, 51.439221223273258 ], [ 4.0125398733, 51.439571464123922 ], [ 4.014163432759607, 51.440282481782482 ], [ 4.016036606479084, 51.442603150741199 ], [ 4.016374768592423, 51.443623544059612 ], [ 4.016175148201057, 51.444727031522227 ], [ 4.014638486794478, 51.449023820088946 ], [ 4.013789931668916, 51.450169449937754 ], [ 4.013035910447194, 51.452359899459459 ], [ 4.011888420441273, 51.454428996648097 ], [ 4.010325248917938, 51.454214111898516 ], [ 4.010054914674076, 51.454322249427129 ], [ 4.009999916990134, 51.454172053748323 ], [ 4.009498058217608, 51.454096325421503 ], [ 4.009689855537858, 51.452177547641902 ], [ 4.01090344675931, 51.449104165631745 ], [ 4.011144842142759, 51.443822366922298 ], [ 4.010911032500949, 51.442394340763293 ], [ 4.010149148426194, 51.440270649124628 ], [ 4.009800432710665, 51.439957459068502 ], [ 4.008977683688823, 51.439789136750107 ], [ 4.007008534447623, 51.440150812509621 ], [ 4.006238692896574, 51.440454110972112 ], [ 4.006679218527034, 51.440931403593474 ], [ 4.006898238346607, 51.440905970635072 ], [ 4.006836816754594, 51.44190484139591 ], [ 4.00584767028089, 51.443979696355285 ], [ 4.003736033022329, 51.443856356924073 ], [ 4.003298003031165, 51.443259831973343 ], [ 4.003540422797943, 51.44309054617942 ], [ 4.003988341472424, 51.443456185095542 ], [ 4.004406588407802, 51.443352566170049 ], [ 4.004347784589391, 51.443031652269596 ], [ 4.003973143013743, 51.442557270483029 ], [ 4.003416744901304, 51.442226774598595 ], [ 4.004923133983847, 51.441050403352946 ], [ 4.004716546503555, 51.440935782724679 ], [ 4.004126164215396, 51.441184670079316 ], [ 4.003020088952587, 51.442044702969909 ], [ 4.002621918558299, 51.442553090413867 ], [ 4.002749769240951, 51.443248453358237 ], [ 4.003467639578202, 51.444405941423071 ], [ 4.002579147027138, 51.445531846311603 ], [ 4.001351265582555, 51.445817873400621 ], [ 3.998724418858347, 51.446919836178267 ], [ 3.99726940240991, 51.448559039878255 ], [ 3.995836367585391, 51.447816122386605 ], [ 3.995529945566022, 51.447958522253657 ], [ 3.995530123523757, 51.448153091775367 ], [ 3.996805420215808, 51.448881453323978 ], [ 3.991501009999463, 51.452144041482605 ], [ 3.988531630592716, 51.45326838900025 ], [ 3.988300429375625, 51.453546559767183 ], [ 3.987561858056888, 51.453326352195361 ], [ 3.987463418505691, 51.452387138612437 ], [ 3.987170359447715, 51.452340351175124 ], [ 3.987120742703629, 51.453416181169871 ], [ 3.986434364510419, 51.453887102073956 ], [ 3.983836310866055, 51.456467338990656 ], [ 3.983142320750813, 51.457660426484139 ], [ 3.981478675281456, 51.459485929970171 ], [ 3.980731114084915, 51.45984226207873 ], [ 3.97868128698121, 51.460053203530521 ], [ 3.978390835340063, 51.460271449799627 ], [ 3.977948063274088, 51.461103952576032 ], [ 3.976187192263314, 51.462116876437946 ], [ 3.975217752829029, 51.462289229061284 ], [ 3.970304349415241, 51.459981350466848 ], [ 3.970768965364917, 51.459636012362367 ], [ 3.970701843304136, 51.459403572166202 ], [ 3.969905977000355, 51.459789879664676 ], [ 3.961709387932216, 51.455879296446774 ], [ 3.951745582642267, 51.455748715531449 ], [ 3.951535419405237, 51.455403703676772 ], [ 3.951316253847549, 51.455741860894349 ], [ 3.950298995582403, 51.455632082458372 ], [ 3.934040735119591, 51.448272719977972 ], [ 3.925463204522415, 51.45142636221842 ], [ 3.924381401377735, 51.45129443382941 ], [ 3.924412313904605, 51.451023065640989 ], [ 3.924017346790178, 51.450964664823047 ], [ 3.923612542804459, 51.450425030753614 ], [ 3.922777495740599, 51.450202609006617 ], [ 3.922937214091891, 51.449851785144901 ], [ 3.924038740034589, 51.449264379372707 ], [ 3.924379595069833, 51.448870723448863 ], [ 3.925527639339663, 51.445595968552965 ], [ 3.925217651462932, 51.445223204788761 ], [ 3.924766150925641, 51.445043447491031 ], [ 3.921607800446213, 51.44461231840765 ], [ 3.921185147527318, 51.444345734877395 ], [ 3.921095344465776, 51.444062881277773 ], [ 3.923513594665855, 51.439639424928401 ], [ 3.923999967515648, 51.439224988136786 ], [ 3.927894939402623, 51.436982664985841 ], [ 3.92802916859711, 51.436750681774498 ], [ 3.92772189073671, 51.436688461671046 ], [ 3.925491650045281, 51.437838698279194 ], [ 3.925301663915026, 51.435748645540087 ], [ 3.925866724528442, 51.434432845151505 ], [ 3.91912196571014, 51.4273690585892 ], [ 3.918948152170622, 51.425820792849237 ], [ 3.919219702891398, 51.425737114207209 ], [ 3.919116281087314, 51.425476332440361 ], [ 3.919275117393506, 51.425285625663122 ], [ 3.919121849944357, 51.425133911738428 ], [ 3.91883076994364, 51.425152699850919 ], [ 3.917885802132206, 51.423918990617203 ], [ 3.916978108278856, 51.420921040844433 ], [ 3.916552288959013, 51.418626337045502 ], [ 3.91598211080498, 51.418217706106191 ], [ 3.915580248881954, 51.418341684410358 ], [ 3.916031914164444, 51.418931732918253 ], [ 3.916392153913818, 51.420815783724223 ], [ 3.914797507936068, 51.420397871984726 ], [ 3.914642012529916, 51.419925296091598 ], [ 3.914245342462439, 51.419583734098111 ], [ 3.914233056396333, 51.417709399920824 ], [ 3.914447248468299, 51.417482869003948 ], [ 3.911514586622676, 51.415664223557208 ], [ 3.91140502471322, 51.415273524118533 ], [ 3.911812811793303, 51.413991591461318 ], [ 3.910663994796497, 51.41293349688732 ], [ 3.908469148846913, 51.410145115371719 ], [ 3.90839088845152, 51.408820246311073 ], [ 3.908927541975783, 51.408706166130997 ], [ 3.908976028276966, 51.408552195726067 ], [ 3.908232793018797, 51.408583415355643 ], [ 3.906941728973857, 51.406398698853558 ], [ 3.907810953007346, 51.406294400178581 ], [ 3.907911131074984, 51.406117938885444 ], [ 3.907134607216933, 51.406039392532726 ], [ 3.90685404704093, 51.405555648218375 ], [ 3.906361263063587, 51.405536860927292 ], [ 3.905824889928794, 51.404399734490426 ], [ 3.904657931940974, 51.403481172531585 ], [ 3.903887238132011, 51.400663491433285 ], [ 3.90420253230173, 51.400261195705404 ], [ 3.904209608989573, 51.399986450775344 ], [ 3.903484081992797, 51.399489634579098 ], [ 3.903402611791287, 51.39909742413419 ], [ 3.900668758481273, 51.394910012938674 ], [ 3.89512636427624, 51.393997258408056 ], [ 3.893851868667125, 51.393412753007844 ], [ 3.89246550844245, 51.394014447701878 ], [ 3.889075400971519, 51.394402063564613 ], [ 3.884402231194588, 51.395354579030851 ], [ 3.88348110276808, 51.395251270488608 ], [ 3.883002574915022, 51.39547039211881 ], [ 3.88265813449497, 51.39599140947459 ], [ 3.882289014361935, 51.396242443981492 ], [ 3.881243770367827, 51.396327920760683 ], [ 3.880265945360573, 51.396825119781582 ], [ 3.879254238669937, 51.396720140229903 ], [ 3.877450362964293, 51.397131152946386 ], [ 3.875098019906212, 51.39727392143822 ], [ 3.875023645947012, 51.396706819050721 ], [ 3.87514175975418, 51.396523367939253 ], [ 3.874719335578386, 51.396487487991735 ], [ 3.874581265838725, 51.396624046054576 ], [ 3.874738110185495, 51.396735473931791 ], [ 3.874800102849095, 51.39717502996303 ], [ 3.873782088112035, 51.397223120825736 ], [ 3.873332087884503, 51.397488740762903 ], [ 3.872318972745655, 51.397225253962112 ], [ 3.871336485715699, 51.397258265676506 ], [ 3.869537350703352, 51.396662521648977 ], [ 3.867023200021409, 51.396289426093951 ], [ 3.864418444896131, 51.39539183094579 ], [ 3.861717861126432, 51.393651408617096 ], [ 3.860919553484414, 51.392148317780851 ], [ 3.859623136939299, 51.391521543752532 ], [ 3.857891827924028, 51.391058883546513 ], [ 3.855108903877575, 51.391034577498196 ], [ 3.853663010896049, 51.391268278290141 ], [ 3.853116781277105, 51.391051620261223 ], [ 3.851808009486518, 51.390946249808231 ], [ 3.848476929720329, 51.39019000674525 ], [ 3.847098660304139, 51.390111957997114 ], [ 3.846708114704366, 51.389932632299441 ], [ 3.846466341199205, 51.390166338468447 ], [ 3.845855141639432, 51.389982514336005 ], [ 3.845583497717374, 51.389709419465817 ], [ 3.844898288367807, 51.389549531514625 ], [ 3.844110853631302, 51.389604704503377 ], [ 3.841581503608293, 51.389291505705408 ], [ 3.840327023641058, 51.388875762531093 ], [ 3.838027211051954, 51.388517796935773 ], [ 3.837760389955073, 51.389020732213531 ], [ 3.837651356507912, 51.388687329062556 ], [ 3.836404137368278, 51.388227703211165 ], [ 3.833007398494335, 51.387974675009232 ], [ 3.832893997001008, 51.387833813804846 ], [ 3.832315729179999, 51.38785350678922 ], [ 3.832062243957244, 51.387704322492773 ], [ 3.831173968274504, 51.387835177426801 ], [ 3.829459133796, 51.38773141105257 ], [ 3.828721986137138, 51.387519588938723 ], [ 3.827827039139539, 51.387519107266236 ], [ 3.826636240905502, 51.387169675875114 ], [ 3.823055015022033, 51.386869750481331 ], [ 3.822748918949951, 51.386635022816577 ], [ 3.822386528173825, 51.386647227671077 ], [ 3.822053214885267, 51.38691307272731 ], [ 3.821912969200649, 51.386641508365635 ], [ 3.819446071828245, 51.386251833051233 ], [ 3.819013001000084, 51.385965924309183 ], [ 3.818699320352082, 51.386080372217926 ], [ 3.818085062905229, 51.38513979897202 ], [ 3.817834197182481, 51.385177942272534 ], [ 3.817684520264456, 51.38544906934689 ], [ 3.817366300389978, 51.385373738438574 ], [ 3.817439076763834, 51.385012677069717 ], [ 3.817270958174611, 51.384862685618401 ], [ 3.817055723998738, 51.384967246325118 ], [ 3.816658355391859, 51.385825595967752 ], [ 3.812776514484081, 51.385452051789706 ], [ 3.811988918262533, 51.385784889259284 ], [ 3.808010100687362, 51.388387044181208 ], [ 3.807814895154173, 51.388653416239265 ], [ 3.80175334546949, 51.392693482878961 ], [ 3.800096101249182, 51.393487729343398 ], [ 3.798157400623428, 51.394941432429725 ], [ 3.792671773427636, 51.397291459950722 ], [ 3.790764534414343, 51.397957403698278 ], [ 3.790198893164639, 51.398398454102377 ], [ 3.789472084499475, 51.399725699249743 ], [ 3.783219129156044, 51.402508997831909 ], [ 3.775529796633186, 51.405277492034912 ], [ 3.775315820258193, 51.405749047785712 ], [ 3.777501217999849, 51.409041729951262 ], [ 3.777511946905771, 51.409331790910947 ], [ 3.776654872498673, 51.410108116880146 ], [ 3.776075059705851, 51.410228008720637 ], [ 3.765159615568281, 51.410360216835784 ], [ 3.764337462287398, 51.409703112843523 ], [ 3.763999035708552, 51.409642468946117 ], [ 3.763880325869151, 51.409890186851428 ], [ 3.764590930923015, 51.410552000540882 ], [ 3.757315376737367, 51.41377577221111 ], [ 3.756319912584643, 51.413625904163737 ], [ 3.755833586881141, 51.413703182882671 ], [ 3.755646885119658, 51.413956137875758 ], [ 3.755783294352201, 51.414536669234757 ], [ 3.755030026907672, 51.41469357962508 ], [ 3.750479003649082, 51.413934457473857 ], [ 3.74655483659763, 51.412681110605654 ], [ 3.746668779767017, 51.411461723177986 ], [ 3.746559243649922, 51.411316762008624 ], [ 3.746351398389592, 51.411416666931501 ], [ 3.746201305735661, 51.412568088343342 ], [ 3.745660114119782, 51.412395384204821 ], [ 3.745671552839008, 51.411225973552391 ], [ 3.745456188804788, 51.411315427158485 ], [ 3.745326297743895, 51.412292522835784 ], [ 3.744999927298899, 51.412190649832105 ], [ 3.744503908564367, 51.411447109785847 ], [ 3.74406714937464, 51.41129248852517 ], [ 3.744151436256182, 51.411049340565533 ], [ 3.743948116451802, 51.410928179246916 ], [ 3.743655780488108, 51.410978876398104 ], [ 3.743718318757187, 51.411276394602801 ], [ 3.743138842038192, 51.411252447255585 ], [ 3.743580740782885, 51.411118947801619 ], [ 3.743432457529532, 51.410904725363814 ], [ 3.740749099418188, 51.410948563701297 ], [ 3.740795400224106, 51.411143618182493 ], [ 3.741077769999366, 51.41119224387559 ], [ 3.739589660596256, 51.411146631084861 ], [ 3.739470280406938, 51.411021641578721 ], [ 3.739329756320902, 51.411137524252531 ], [ 3.734804286821556, 51.411042437501145 ], [ 3.72978826352943, 51.412947585508135 ], [ 3.72923835583387, 51.412402677259912 ], [ 3.729065130211123, 51.412417106164241 ], [ 3.729019476810297, 51.412565417308436 ], [ 3.729449818351209, 51.412997170666166 ], [ 3.727043741112192, 51.413899524946579 ], [ 3.725954296110792, 51.414493328246259 ], [ 3.725703259934527, 51.414921591659372 ], [ 3.72531840486289, 51.414975265369634 ], [ 3.72407327185635, 51.417622679967849 ], [ 3.72417749932155, 51.418193559387127 ], [ 3.723303826064254, 51.42005312148504 ], [ 3.721475061507852, 51.419713962153011 ], [ 3.721312559721612, 51.419930965892682 ], [ 3.720945355864455, 51.419860968398787 ], [ 3.719407458367078, 51.419072071925036 ], [ 3.719247935315262, 51.41911579996173 ], [ 3.719450280944783, 51.419381518524439 ], [ 3.721150507459205, 51.420159880552077 ], [ 3.721141174682489, 51.420397396237888 ], [ 3.722828783806201, 51.420717868141764 ], [ 3.720891171851888, 51.424845710763947 ], [ 3.720566529086367, 51.426031329061445 ], [ 3.719398261579251, 51.426546343532429 ], [ 3.716636398089672, 51.424303252481025 ], [ 3.715533920891743, 51.423608264059148 ], [ 3.715379132441511, 51.423701109732406 ], [ 3.715425040887836, 51.423846520671717 ], [ 3.719113008558685, 51.426719608040877 ], [ 3.718057770236159, 51.427074518763426 ], [ 3.717617472359994, 51.426952495403704 ], [ 3.717031222264105, 51.426087673978913 ], [ 3.714947476344466, 51.424464448060625 ], [ 3.714107259787656, 51.423563243521038 ], [ 3.713925087996589, 51.423695272758259 ], [ 3.714212095360572, 51.42422373656656 ], [ 3.716739817422301, 51.426304801156547 ], [ 3.717054944644139, 51.42692200974917 ], [ 3.715515289089253, 51.426356274249407 ], [ 3.711740749350798, 51.424506125454606 ], [ 3.711450415546575, 51.424552651540395 ], [ 3.711464666466387, 51.424765109825053 ], [ 3.712547541284625, 51.425378430659705 ], [ 3.715591785322931, 51.426873981897423 ], [ 3.714995833108721, 51.427775005551858 ], [ 3.713843651493329, 51.430501422639878 ], [ 3.713215422232919, 51.431142399149564 ], [ 3.711411130442474, 51.430559183253983 ], [ 3.708985547356725, 51.43024769647019 ], [ 3.708824299306547, 51.43035080648071 ], [ 3.708927674557948, 51.430493745750027 ], [ 3.711454749902446, 51.430939417735161 ], [ 3.712869689382248, 51.43149447987075 ], [ 3.712440069201669, 51.431455114113753 ], [ 3.712288323867923, 51.431678351340466 ], [ 3.711197455068899, 51.431638562915765 ], [ 3.707767237369882, 51.431038548914479 ], [ 3.707853571254412, 51.431246257641277 ], [ 3.711638104743095, 51.431957751843001 ], [ 3.710407785163547, 51.432773985455626 ], [ 3.709448143193459, 51.43389270438707 ], [ 3.708439939377839, 51.43465047657029 ], [ 3.707319265421092, 51.435056931390164 ], [ 3.704391838231222, 51.43690952242104 ], [ 3.704081046705447, 51.437251978133006 ], [ 3.695259916037566, 51.442125930985092 ], [ 3.692792028724733, 51.443342556074526 ], [ 3.691925680100792, 51.443977539170525 ], [ 3.685203955903333, 51.446911308488332 ], [ 3.683490357018121, 51.447372897646318 ], [ 3.683524014802479, 51.446578643245786 ], [ 3.683193175783992, 51.446443895632932 ], [ 3.682945321531526, 51.446662242857549 ], [ 3.682935108462247, 51.447553585047196 ], [ 3.681857619173125, 51.447770687477963 ], [ 3.681685020938302, 51.447234893168194 ], [ 3.680340622972568, 51.445322388781037 ], [ 3.680049479548991, 51.445270171406349 ], [ 3.679950015628078, 51.445485222597846 ], [ 3.681497334766739, 51.447963114547846 ], [ 3.679678816995036, 51.44878773177664 ], [ 3.677916625397968, 51.448355728031423 ], [ 3.675588788618231, 51.446597456864644 ], [ 3.674885734797857, 51.446703607576843 ], [ 3.674903638121115, 51.447086664366289 ], [ 3.677757978261617, 51.44932223764016 ], [ 3.678356649007479, 51.45079162195001 ], [ 3.683191865264904, 51.455069259461027 ], [ 3.682495562962462, 51.455225982565167 ], [ 3.682646746916615, 51.455521427472007 ], [ 3.683391737801188, 51.455263507196868 ], [ 3.684080971771664, 51.455865891189092 ], [ 3.683827256725309, 51.456115655375598 ], [ 3.68492997553783, 51.457111337769092 ], [ 3.685134150599134, 51.456928435998414 ], [ 3.684200708754699, 51.456087480294279 ], [ 3.685687859792484, 51.457170173915706 ], [ 3.686910856221357, 51.45736786289558 ], [ 3.690948474631021, 51.456736761525335 ], [ 3.701373088479044, 51.452188095691305 ], [ 3.701503044542303, 51.452379144172212 ], [ 3.701919065727524, 51.452210512273005 ], [ 3.701855480021501, 51.451977442356139 ], [ 3.703598296128058, 51.451214060745968 ], [ 3.70379726703068, 51.450889231249491 ], [ 3.704585759327616, 51.450505963949745 ], [ 3.707001672217407, 51.448053003535478 ], [ 3.701737380031668, 51.443214885324899 ], [ 3.701620603977757, 51.44292806853408 ], [ 3.703678504027088, 51.441777709691308 ], [ 3.703692821807479, 51.442216527292665 ], [ 3.704508842193092, 51.442689464947989 ], [ 3.704195245983613, 51.442871243118589 ], [ 3.704209841963353, 51.443021209068363 ], [ 3.70465699240961, 51.443319960517819 ], [ 3.705188602418775, 51.44303670544668 ], [ 3.706099344570389, 51.443687136523188 ], [ 3.705857160985687, 51.443839057486727 ], [ 3.705880952914145, 51.443980948658705 ], [ 3.707730368235149, 51.445217274380354 ], [ 3.707982662879279, 51.445125464424883 ], [ 3.710281261212055, 51.446669042306524 ], [ 3.710856783974169, 51.446684266106246 ], [ 3.715491125085188, 51.444063605918132 ], [ 3.715741114917586, 51.443901214177764 ], [ 3.715701502750896, 51.443737342189777 ], [ 3.716536637809013, 51.443470672586521 ], [ 3.718342533509021, 51.442495007868679 ], [ 3.719174728608668, 51.442730366049162 ], [ 3.72029253523159, 51.443509854777858 ], [ 3.719129668258527, 51.444122573596594 ], [ 3.719134113213462, 51.444286694994091 ], [ 3.719376309531261, 51.444388655996178 ], [ 3.720524770279237, 51.443671017950756 ], [ 3.721275016382536, 51.4441865121332 ], [ 3.72040374546269, 51.444672003504387 ], [ 3.720426955146702, 51.444873070154401 ], [ 3.721501254914581, 51.444341386332695 ], [ 3.72214532265967, 51.444853943304523 ], [ 3.721371497468216, 51.445319327617426 ], [ 3.721062536128647, 51.445149373385767 ], [ 3.720876354946752, 51.445325190970834 ], [ 3.721079972692235, 51.445483558977415 ], [ 3.718685566299814, 51.446851180936221 ], [ 3.718419998209947, 51.446810127902488 ], [ 3.718430626486476, 51.446995177866143 ], [ 3.712942053514076, 51.450062090118635 ], [ 3.712858146607934, 51.450414331970066 ], [ 3.712441238360912, 51.450903927725378 ], [ 3.727169250913399, 51.456435767219176 ], [ 3.725516691350731, 51.458168934233029 ], [ 3.714657995902789, 51.454140554990488 ], [ 3.713489095502035, 51.454197768832707 ], [ 3.711701605180291, 51.45354325628994 ], [ 3.711551343976193, 51.453901457510604 ], [ 3.709545657367549, 51.453244387402371 ], [ 3.709241899771847, 51.453536986911452 ], [ 3.709272725208671, 51.453675927830773 ], [ 3.709489826534836, 51.453742313727609 ], [ 3.709658599201335, 51.453591819863341 ], [ 3.710748902694882, 51.453990767613327 ], [ 3.710170104009, 51.454586459634243 ], [ 3.709865878326009, 51.45465484682623 ], [ 3.705343409131946, 51.45307746104767 ], [ 3.697241159527534, 51.45641708501126 ], [ 3.69722236221657, 51.456590403437687 ], [ 3.692808334781471, 51.458485799327136 ], [ 3.692607528470631, 51.458758260831615 ], [ 3.692862567544495, 51.459059335171489 ], [ 3.693522210034986, 51.459302844473648 ], [ 3.693171529600493, 51.459687345846596 ], [ 3.693222729450675, 51.45983235527379 ], [ 3.695103452218353, 51.460526800016233 ], [ 3.69541065964134, 51.460279987244178 ], [ 3.696999481841214, 51.460879866008192 ], [ 3.697233844005581, 51.461211823225064 ], [ 3.705083446934732, 51.464080924244584 ], [ 3.705102790606049, 51.464261513306546 ], [ 3.708979816036724, 51.465702739135551 ], [ 3.709154337294684, 51.465598531469027 ], [ 3.710040809992181, 51.465753656775661 ], [ 3.710710406139285, 51.46569058670152 ], [ 3.711297841712303, 51.465469847322325 ], [ 3.711737794561029, 51.464994647487821 ], [ 3.711969449381527, 51.465137344258409 ], [ 3.711945580725199, 51.465317152964033 ], [ 3.712284914488011, 51.465416862781254 ], [ 3.712508849754146, 51.465096213432084 ], [ 3.711935232281182, 51.464778714098891 ], [ 3.713036174179452, 51.463624434634767 ], [ 3.713435868525286, 51.463451065467495 ], [ 3.714094590769968, 51.463458472620047 ], [ 3.716490945215054, 51.464357795646613 ], [ 3.716764753264138, 51.464586019583045 ], [ 3.716802108909199, 51.464855349978002 ], [ 3.715504367611419, 51.46642256428806 ], [ 3.717042625339623, 51.468827667053198 ], [ 3.716732250673363, 51.468963151695597 ], [ 3.716911875132736, 51.469376064038634 ], [ 3.718381280116529, 51.471271700821106 ], [ 3.718858196836785, 51.471187564239919 ], [ 3.719896443134671, 51.472612538108656 ], [ 3.721277855861314, 51.473322419511227 ], [ 3.720949972547795, 51.473819040545486 ], [ 3.71980761131058, 51.474847539820829 ], [ 3.719419011466758, 51.475010135842332 ], [ 3.718699505929585, 51.474934243270347 ], [ 3.717369833345467, 51.473302025309934 ], [ 3.716831615958974, 51.473286718669193 ], [ 3.714720419782122, 51.470542385412642 ], [ 3.713677987649677, 51.47063921748039 ], [ 3.712085561886669, 51.471107963276111 ], [ 3.711202969849955, 51.471984089028595 ], [ 3.710460379429212, 51.471759289349123 ], [ 3.704382943866402, 51.47812197453289 ], [ 3.700842757297797, 51.47682631926935 ], [ 3.706863131328885, 51.470422899180981 ], [ 3.706327459219009, 51.469981702506281 ], [ 3.705239760674797, 51.469577337850545 ], [ 3.705379347905354, 51.468950737744812 ], [ 3.704702489702692, 51.468537708610143 ], [ 3.704180169574307, 51.468500016680117 ], [ 3.70349320430407, 51.46735059353307 ], [ 3.699444561703721, 51.465864596512652 ], [ 3.699937943289439, 51.465508973544758 ], [ 3.699904692709635, 51.465349881937662 ], [ 3.699472107236339, 51.46522732865202 ], [ 3.699148810153135, 51.465755406567801 ], [ 3.698023086098492, 51.465346695999216 ], [ 3.697472354217969, 51.465400849708701 ], [ 3.697782241451403, 51.465008436104725 ], [ 3.697735316162698, 51.464872704248826 ], [ 3.697317733874053, 51.464733471194116 ], [ 3.69713646924185, 51.464879637178605 ], [ 3.686181848467782, 51.460830163477219 ], [ 3.68571216338917, 51.461240222805067 ], [ 3.685442219539297, 51.461284678355192 ], [ 3.684355103680595, 51.462530304940792 ], [ 3.683976160839699, 51.462598728559975 ], [ 3.684086697591332, 51.46193910117379 ], [ 3.683646317349007, 51.46195127398056 ], [ 3.683643824628664, 51.462599215827737 ], [ 3.683413199552447, 51.462599400248429 ], [ 3.683506561782363, 51.461929743758802 ], [ 3.682240593816723, 51.461906489762129 ], [ 3.682136739585593, 51.462239684647294 ], [ 3.682257513513424, 51.462586883305178 ], [ 3.68199834260256, 51.462575624046778 ], [ 3.682107067375392, 51.462225337098538 ], [ 3.682003658203893, 51.461897284813126 ], [ 3.681470155116783, 51.461956168380688 ], [ 3.681606552269516, 51.462516602717464 ], [ 3.68010483476604, 51.461773168779708 ], [ 3.679585195054214, 51.461270080560574 ], [ 3.679183957417555, 51.461337723909978 ], [ 3.678472551282456, 51.461109996198665 ], [ 3.678992498851883, 51.460381878807013 ], [ 3.67891633523276, 51.46018814739638 ], [ 3.678466042694986, 51.460021601904018 ], [ 3.678810079080159, 51.459590384045732 ], [ 3.678560326195165, 51.459427746614416 ], [ 3.676360386011996, 51.462037918489294 ], [ 3.674832667935974, 51.461518748206643 ], [ 3.676144182581554, 51.459995564157005 ], [ 3.676091139428733, 51.459843765834101 ], [ 3.675731146541186, 51.459791180978414 ], [ 3.674499772265954, 51.461408536489756 ], [ 3.673030864918867, 51.460924475306484 ], [ 3.675701756212193, 51.45762442449972 ], [ 3.675291668538034, 51.457410081019098 ], [ 3.67416168279332, 51.458814513827711 ], [ 3.674023119914335, 51.458773961883459 ], [ 3.675086373144269, 51.457435548965023 ], [ 3.674916543352134, 51.457251111913735 ], [ 3.673158479638094, 51.4593418158004 ], [ 3.672707982993724, 51.459215271637355 ], [ 3.674154539776418, 51.457393348916632 ], [ 3.673185379179545, 51.457039544467925 ], [ 3.672883704362568, 51.457138347658223 ], [ 3.671300404120763, 51.459059372896057 ], [ 3.670070452650148, 51.458754837912601 ], [ 3.669547913379172, 51.459338117792484 ], [ 3.664658735650961, 51.457774571661346 ], [ 3.66562032600951, 51.456530411406973 ], [ 3.664886154830096, 51.456250048359522 ], [ 3.662630669688437, 51.45880811279536 ], [ 3.662472139776155, 51.458819116485685 ], [ 3.662369392822413, 51.458502063746216 ], [ 3.661744738178143, 51.458007768070999 ], [ 3.660228591720527, 51.457739049045927 ], [ 3.659509308421248, 51.457205695705838 ], [ 3.658537322160959, 51.456805544696991 ], [ 3.657843762344906, 51.456155341301127 ], [ 3.657592331439262, 51.455536374821122 ], [ 3.657010402149767, 51.455246629455985 ], [ 3.656829581348306, 51.454132742879288 ], [ 3.656962206960392, 51.453523944064123 ], [ 3.656322796184013, 51.453103729428435 ], [ 3.65656232580365, 51.452815202758217 ], [ 3.660160877788013, 51.45260458399941 ], [ 3.663313380441318, 51.451675109627431 ], [ 3.667269531642324, 51.450176055592557 ], [ 3.667891664807772, 51.449711659559448 ], [ 3.668642713861616, 51.448213813038585 ], [ 3.668586679636875, 51.447813693523962 ], [ 3.66817889413191, 51.4476158387995 ], [ 3.667537903027762, 51.447808567041967 ], [ 3.666926420898908, 51.44916735087908 ], [ 3.6666010122522, 51.449489138694091 ], [ 3.660373096320097, 51.451702317457915 ], [ 3.656316852561918, 51.451962052505181 ], [ 3.655685844083663, 51.451845916248622 ], [ 3.651435981314423, 51.449409101574048 ], [ 3.650303221279129, 51.449781879818218 ], [ 3.650146480072757, 51.450147070208672 ], [ 3.649985952802565, 51.450169936626295 ], [ 3.646750303468796, 51.450018106126585 ], [ 3.645470878730579, 51.449767712935881 ], [ 3.645283557908936, 51.449586509136886 ], [ 3.645757231188914, 51.449715808918668 ], [ 3.645873885646548, 51.449340642237921 ], [ 3.642643842569479, 51.448174449542527 ], [ 3.641709608837178, 51.447500064275964 ], [ 3.641484021434751, 51.445031618235916 ], [ 3.640619769037916, 51.443972518120376 ], [ 3.640389861957507, 51.443402641429444 ], [ 3.639850204963519, 51.443444563103128 ], [ 3.632293103521672, 51.441450386726295 ], [ 3.631220443119986, 51.441615377101549 ], [ 3.628666921698274, 51.441413177004542 ], [ 3.626036333483936, 51.442164844011749 ], [ 3.623676021471084, 51.441290644235153 ], [ 3.623213968929476, 51.440985715252182 ], [ 3.622812743856285, 51.441406138083188 ], [ 3.622525787514619, 51.440919338177807 ], [ 3.619711170930752, 51.441429079721381 ], [ 3.619669156298587, 51.441143469416602 ], [ 3.619499639540657, 51.441075244182144 ], [ 3.619315122490201, 51.441482320981343 ], [ 3.619048849758601, 51.441526761529651 ], [ 3.619052780961758, 51.441051507985904 ], [ 3.618845390682261, 51.440965681310402 ], [ 3.618591722413465, 51.441514128991365 ], [ 3.609100688603847, 51.440126562562533 ], [ 3.602982681021812, 51.44245951107353 ], [ 3.601850312662022, 51.443072220582415 ], [ 3.601648418661213, 51.443366378258148 ], [ 3.601380272458994, 51.444792930328148 ], [ 3.60077792265781, 51.449337772943935 ], [ 3.600461043445517, 51.449439984856923 ], [ 3.600122034246465, 51.451640742303198 ], [ 3.600432523912686, 51.45176453486922 ], [ 3.599536438981385, 51.451712701010472 ], [ 3.599488376563636, 51.451322705124454 ], [ 3.599120403030046, 51.451338482972027 ], [ 3.599060218425692, 51.451681494439242 ], [ 3.59865791788839, 51.45165867267049 ], [ 3.598612222273002, 51.451234141676039 ], [ 3.59825509684232, 51.451241166453443 ], [ 3.598118452284145, 51.451634449231271 ], [ 3.598087664414489, 51.451009028452944 ], [ 3.597895024656526, 51.451062014976273 ], [ 3.597816743128847, 51.451614546008273 ], [ 3.597028949306818, 51.451637782794265 ], [ 3.596816019484613, 51.451401065556212 ], [ 3.597009527385377, 51.451049014263255 ], [ 3.597231371339769, 51.449562580123299 ], [ 3.597278692216555, 51.449118415519507 ], [ 3.597046838280678, 51.448967454550981 ], [ 3.597064549023314, 51.448685852953012 ], [ 3.597482238630318, 51.446007978456784 ], [ 3.597023299287074, 51.445888952008268 ], [ 3.597286178640022, 51.444264586722987 ], [ 3.597997361387091, 51.444301678020395 ], [ 3.598131700801589, 51.444101341138918 ], [ 3.59801803048672, 51.443934246910295 ], [ 3.597320547906814, 51.443985273193867 ], [ 3.597334813539991, 51.443869308964743 ], [ 3.598844392927839, 51.443243302096526 ], [ 3.598656520365939, 51.443116533479277 ], [ 3.597752604079225, 51.44341526467457 ], [ 3.598113858056682, 51.44322352695292 ], [ 3.598087753138526, 51.443051145835213 ], [ 3.597573957772449, 51.44311224249163 ], [ 3.597290357440625, 51.442559724691428 ], [ 3.597047891419078, 51.442561350960801 ], [ 3.597008161223525, 51.4423726333887 ], [ 3.596457234867901, 51.442443209878654 ], [ 3.597142295333725, 51.442109409315528 ], [ 3.597064605728378, 51.4419620659747 ], [ 3.596761254061263, 51.441930236152807 ], [ 3.5965487985653, 51.441583348408564 ], [ 3.600393052736325, 51.440390165184738 ], [ 3.601053204989068, 51.439876666435048 ], [ 3.60097795904957, 51.439638671283781 ], [ 3.598824257807742, 51.439959691684066 ], [ 3.597779507390041, 51.440578838775657 ], [ 3.597089325109734, 51.440713429362631 ], [ 3.596221643468751, 51.440654822976775 ], [ 3.595350364127097, 51.440123695667872 ], [ 3.594524165820842, 51.44003365828906 ], [ 3.593955851098822, 51.440214358696977 ], [ 3.593354559590621, 51.440710472366526 ], [ 3.592565133887628, 51.441067608445579 ], [ 3.590814620077257, 51.441371091872227 ], [ 3.589919928649698, 51.44137019768948 ], [ 3.58402120949439, 51.44054770381301 ], [ 3.584319103780985, 51.439397898113 ], [ 3.584133334688847, 51.439271159356196 ], [ 3.583809401138377, 51.439871510790539 ], [ 3.58370915289022, 51.440454401790404 ], [ 3.58283379710494, 51.440297975773731 ], [ 3.582098979395775, 51.43948564638027 ], [ 3.58226143856373, 51.439065348406103 ], [ 3.58214569453539, 51.438948364313944 ], [ 3.581980847637294, 51.438997298881382 ], [ 3.581767810826426, 51.439475301766656 ], [ 3.581260638853227, 51.439715911883454 ], [ 3.580843907932514, 51.440197270769303 ], [ 3.579938577934042, 51.440546467946078 ], [ 3.576690248453955, 51.439914761093434 ], [ 3.577919201847565, 51.438766325247606 ], [ 3.577754101610349, 51.438570376596836 ], [ 3.576601472431469, 51.439611755737317 ], [ 3.576072936170479, 51.439892336132715 ], [ 3.575875318906847, 51.440236653471196 ], [ 3.575367246786853, 51.439990400062626 ], [ 3.574650628884441, 51.44056824399734 ], [ 3.574523320323181, 51.440508962364852 ], [ 3.575086183129855, 51.440017621481076 ], [ 3.575996493567399, 51.43966254096717 ], [ 3.575716041454616, 51.439217871078981 ], [ 3.576165516100827, 51.438256002311469 ], [ 3.576030803001974, 51.438081890784311 ], [ 3.575737484521742, 51.438090780593896 ], [ 3.5750872768106, 51.438903540162485 ], [ 3.573729475096922, 51.439486404833254 ], [ 3.572966106965828, 51.439509454724096 ], [ 3.569056709074156, 51.440443657248899 ], [ 3.568969215620424, 51.440634050402231 ], [ 3.569096421633228, 51.440786632322599 ], [ 3.568873863900913, 51.441149945752429 ], [ 3.568499235199894, 51.44127008490549 ], [ 3.568755957497482, 51.441616584408898 ], [ 3.567548717975444, 51.443578619106766 ], [ 3.563628668524706, 51.445702857307268 ], [ 3.562976697875064, 51.445396416347677 ], [ 3.562934448060012, 51.445551740122852 ], [ 3.563217057379075, 51.445930908731277 ], [ 3.562252420552436, 51.446512997199534 ], [ 3.561759682821594, 51.447061821631145 ], [ 3.560280956823243, 51.446195746955361 ], [ 3.560261286435464, 51.446406543407917 ], [ 3.561645114165914, 51.447328246354679 ], [ 3.560148703045695, 51.448362299125371 ], [ 3.559150833866604, 51.447767709536151 ], [ 3.559133683923483, 51.44792917222405 ], [ 3.559893213476196, 51.448483077848287 ], [ 3.559263301699539, 51.448780851003498 ], [ 3.55831224042565, 51.449179360934387 ], [ 3.557558686400291, 51.448535692150088 ], [ 3.557436271266268, 51.448713263929356 ], [ 3.558014457329312, 51.449293824826903 ], [ 3.556513076464635, 51.449776138702049 ], [ 3.556176245039232, 51.449128244618656 ], [ 3.555968152556026, 51.449112295645918 ], [ 3.555899022167714, 51.449236750717525 ], [ 3.556218933109697, 51.449855958703203 ], [ 3.555698584601038, 51.449961195449795 ], [ 3.553338705134184, 51.449272769576076 ], [ 3.553181705168704, 51.449100517437749 ], [ 3.553438677257292, 51.448753211420303 ], [ 3.553171930479335, 51.448303192396693 ], [ 3.553010832929499, 51.448399507736625 ], [ 3.553118358596041, 51.448739317744817 ], [ 3.552760453519853, 51.449111122388196 ], [ 3.552109246857202, 51.448803363486114 ], [ 3.551555272652411, 51.448845510337073 ], [ 3.551260708116081, 51.449053494530368 ], [ 3.551208476157027, 51.449280129360474 ], [ 3.550079536236635, 51.449467236027729 ], [ 3.54994151203723, 51.449815957699663 ], [ 3.550176369176109, 51.449904856527951 ], [ 3.550380215350192, 51.44967301652801 ], [ 3.552030589153173, 51.449523521315754 ], [ 3.551891690348584, 51.449889963454652 ], [ 3.549182799065577, 51.451569558577987 ], [ 3.548190920067825, 51.451839962625471 ], [ 3.547968803683543, 51.451590004429164 ], [ 3.547997417799741, 51.451353474832224 ], [ 3.547777692035337, 51.451312392928529 ], [ 3.545685927287373, 51.452625367164003 ], [ 3.544131204809797, 51.453854782459047 ], [ 3.542875392971659, 51.452954294048162 ], [ 3.542786628125264, 51.453147674678789 ], [ 3.543852687501913, 51.454003288168238 ], [ 3.54293683726104, 51.454358202964009 ], [ 3.542560740367452, 51.454446850260524 ], [ 3.541430265237379, 51.453509645439908 ], [ 3.541302487421699, 51.453702350290015 ], [ 3.542228432216004, 51.454534041680375 ], [ 3.540983548185612, 51.455018189286768 ], [ 3.539990525745291, 51.454151122744918 ], [ 3.539808295078992, 51.454173875670719 ], [ 3.539771497193632, 51.454333843802878 ], [ 3.540688231819109, 51.45514132227914 ], [ 3.539551474631757, 51.455653862086699 ], [ 3.538609143235345, 51.454850612254951 ], [ 3.538428552430641, 51.454879915070009 ], [ 3.538396794055697, 51.455037772914814 ], [ 3.539257380443143, 51.455789053341086 ], [ 3.538148076432798, 51.456349725226559 ], [ 3.536845370681774, 51.455272344172251 ], [ 3.536724557476315, 51.45546888985735 ], [ 3.537872562691895, 51.456496933359787 ], [ 3.536834391986751, 51.457154287027677 ], [ 3.535384455519248, 51.455956510110589 ], [ 3.535240798332354, 51.456163861070657 ], [ 3.536543036612079, 51.457303488345289 ], [ 3.535425986922272, 51.457843428023637 ], [ 3.534053661100566, 51.456739029253932 ], [ 3.533929276457836, 51.456944408961711 ], [ 3.535161321073594, 51.458000661746517 ], [ 3.533886166189373, 51.458414982277027 ], [ 3.532757018644235, 51.457489087148993 ], [ 3.532635863110439, 51.457675535369141 ], [ 3.533600390438561, 51.458535273979457 ], [ 3.532513227945357, 51.459123833254623 ], [ 3.531337243321077, 51.458300238539493 ], [ 3.531263841462103, 51.458490312317551 ], [ 3.532277587170103, 51.45928602615372 ], [ 3.531199941301665, 51.459941817260685 ], [ 3.530080268136679, 51.459132592169645 ], [ 3.529914369271431, 51.459171214179825 ], [ 3.529899180951993, 51.459331717951784 ], [ 3.530958437869207, 51.460101953396801 ], [ 3.530075889346486, 51.46078208936941 ], [ 3.528737387448165, 51.459954933967595 ], [ 3.528540027568877, 51.460023566777011 ], [ 3.528552683442196, 51.460170190885393 ], [ 3.529842536245483, 51.460942092321204 ], [ 3.529509858940453, 51.461168384030799 ], [ 3.528861935883429, 51.461518750099252 ], [ 3.527319281793379, 51.460764253414951 ], [ 3.527234576269219, 51.460975090605501 ], [ 3.528578283984544, 51.461677406427413 ], [ 3.527640872735957, 51.462287329666687 ], [ 3.526196947622299, 51.461622648188374 ], [ 3.526052094650091, 51.461673931498801 ], [ 3.526056733981855, 51.461842251035428 ], [ 3.527323205820223, 51.462434088479689 ], [ 3.526528459097253, 51.463091323081059 ], [ 3.5248468410087, 51.462392953309894 ], [ 3.524792440919185, 51.462614737502015 ], [ 3.526241809347092, 51.463258788276192 ], [ 3.5252693036158, 51.464258464910607 ], [ 3.524320004014652, 51.464869293640596 ], [ 3.522931597954308, 51.464242557493435 ], [ 3.522760706681778, 51.464327432036214 ], [ 3.522789793698185, 51.464475082794181 ], [ 3.524173977612484, 51.46510156889066 ], [ 3.523415282824852, 51.466092914320399 ], [ 3.522429843192421, 51.466816783005292 ], [ 3.520859684346485, 51.466106421460189 ], [ 3.520686183279167, 51.466193533414682 ], [ 3.520714224954338, 51.466343911818704 ], [ 3.522149414960629, 51.466981936735387 ], [ 3.521264865129186, 51.468179296448035 ], [ 3.520576385402707, 51.468820103054895 ], [ 3.518657031272615, 51.467964388508278 ], [ 3.518503561337651, 51.468029676669772 ], [ 3.518528679664677, 51.468182299452003 ], [ 3.520286978533004, 51.468979222179129 ], [ 3.518928589542829, 51.470279324155406 ], [ 3.518440589765372, 51.470663003394698 ], [ 3.516622179100012, 51.469888067441914 ], [ 3.516467954265402, 51.469959409266231 ], [ 3.516491142632341, 51.470116120024137 ], [ 3.518119373931357, 51.470828463607042 ], [ 3.51682360427019, 51.472268960326062 ], [ 3.516326463004455, 51.472542188071216 ], [ 3.514620673631228, 51.471764014803561 ], [ 3.514464677159421, 51.471836123611197 ], [ 3.514569417834704, 51.472043733293518 ], [ 3.515899155546911, 51.472643433533044 ], [ 3.515026441902643, 51.474263381931742 ], [ 3.513135407594512, 51.473524116781363 ], [ 3.512960792763978, 51.473628789218857 ], [ 3.512998528089833, 51.47377324499638 ], [ 3.514866642610712, 51.474504700335515 ], [ 3.513919955283539, 51.475936790568184 ], [ 3.511837011965345, 51.475127515747999 ], [ 3.511656800253444, 51.475266146410299 ], [ 3.513758853565234, 51.476180882731065 ], [ 3.512974027689771, 51.477344594411562 ], [ 3.512764753234434, 51.477629497933641 ], [ 3.510539401970052, 51.47676662432464 ], [ 3.510388851688189, 51.476844319523643 ], [ 3.510410792697721, 51.4770086846137 ], [ 3.51259722914684, 51.477857538956194 ], [ 3.51152643251915, 51.479231075973324 ], [ 3.509280046186801, 51.478366793618775 ], [ 3.509121181288755, 51.478454691250612 ], [ 3.509147168364428, 51.478614149325992 ], [ 3.511335804399155, 51.479457261717009 ], [ 3.51016285799904, 51.480823550577497 ], [ 3.507995024164774, 51.479993228845778 ], [ 3.507838610615983, 51.480078996641623 ], [ 3.507865425415698, 51.480238156826367 ], [ 3.509967886159522, 51.481044460114944 ], [ 3.508736388202289, 51.48238522554292 ], [ 3.506566861448997, 51.481559280776104 ], [ 3.506406845899132, 51.481649187734753 ], [ 3.506442902370481, 51.481812593477208 ], [ 3.508503376039914, 51.482597493208637 ], [ 3.507286735370727, 51.483911694158479 ], [ 3.505233963488983, 51.483157992615475 ], [ 3.50506469808799, 51.4832497222204 ], [ 3.505094519542242, 51.483406928846449 ], [ 3.507084661253693, 51.484147519290417 ], [ 3.505733751121687, 51.485456927268665 ], [ 3.503863221557917, 51.484746674290058 ], [ 3.503700124146215, 51.484827549318595 ], [ 3.503727650903762, 51.484986229841169 ], [ 3.505518276685371, 51.485667919171348 ], [ 3.504211886559598, 51.486984138727564 ], [ 3.502398933846943, 51.486289489322964 ], [ 3.502239855809034, 51.486363734638203 ], [ 3.50227086126021, 51.486537892869144 ], [ 3.504007130361307, 51.487196362404589 ], [ 3.502959116579496, 51.488260993686069 ], [ 3.502662049278221, 51.488538146609535 ], [ 3.500151402584102, 51.487575000263966 ], [ 3.500122168155966, 51.487792512325242 ], [ 3.502447159778315, 51.488732314503544 ], [ 3.501049289719768, 51.490016248975948 ], [ 3.49898159157536, 51.489326613907643 ], [ 3.499011645896159, 51.489519187555331 ], [ 3.500845025952763, 51.490224922876038 ], [ 3.49955608115765, 51.491545648493997 ], [ 3.496819409842511, 51.490570747807723 ], [ 3.496829557314758, 51.490771307301664 ], [ 3.499321494862787, 51.491743811955899 ], [ 3.497801003209251, 51.493002251861526 ], [ 3.496014723157477, 51.492322501366075 ], [ 3.49597495607996, 51.492539947635606 ], [ 3.497583225508633, 51.493205443830767 ], [ 3.496323531401204, 51.494315273743553 ], [ 3.496027736113179, 51.494528176724117 ], [ 3.493318799185252, 51.493065515293296 ], [ 3.493208268909466, 51.493300244605216 ], [ 3.495734448896982, 51.494710356933979 ], [ 3.495217708453648, 51.495026993775781 ], [ 3.493960037866044, 51.495377238746784 ], [ 3.491512963206334, 51.494307688829544 ], [ 3.491446989155886, 51.494528673360264 ], [ 3.493320938009908, 51.495370833068513 ], [ 3.491586361586931, 51.496199818942863 ], [ 3.490024972745302, 51.495376910998232 ], [ 3.489942503695533, 51.495582067933704 ], [ 3.490792235015997, 51.496063142945737 ], [ 3.489099288630489, 51.496932355519455 ], [ 3.487833010715344, 51.496184449745911 ], [ 3.487720118670012, 51.496401513113597 ], [ 3.488792294157599, 51.497073949753485 ], [ 3.48688556187222, 51.497849814624388 ], [ 3.486077784059095, 51.497221622186935 ], [ 3.485994372312042, 51.497405220202552 ], [ 3.486616259601665, 51.497981024629745 ], [ 3.485241507190205, 51.498621287485918 ], [ 3.484051156270946, 51.497578462713932 ], [ 3.483909850449422, 51.497770756173949 ], [ 3.484921451173335, 51.498700911820102 ], [ 3.483505756190629, 51.499059922688772 ], [ 3.482643432840598, 51.498338568543346 ], [ 3.482515611974097, 51.498519308911916 ], [ 3.483195298077975, 51.499139361873858 ], [ 3.481855346905001, 51.499496423690942 ], [ 3.480853120443792, 51.49874052098567 ], [ 3.480804545146956, 51.498944489552585 ], [ 3.481565068476485, 51.499598710352501 ], [ 3.480301230289295, 51.500137892146178 ], [ 3.479313852387182, 51.499413774559599 ], [ 3.479254284863728, 51.499584430284472 ], [ 3.480046097133481, 51.50026934411224 ], [ 3.479113088326773, 51.500858628497923 ], [ 3.477989897596297, 51.499982432001062 ], [ 3.47779729314813, 51.500038752143233 ], [ 3.477799567856835, 51.500180755611282 ], [ 3.478882353567009, 51.501022475520756 ], [ 3.477662950924957, 51.50184431883001 ], [ 3.476118128070898, 51.500607017387949 ], [ 3.476026773408371, 51.500819460058366 ], [ 3.477158053096294, 51.501789110830245 ], [ 3.475893688098951, 51.502341984989023 ], [ 3.474685277502779, 51.501490404818583 ], [ 3.474621032740549, 51.501698508147747 ], [ 3.47564402806509, 51.502495184264895 ], [ 3.474447583983699, 51.503203171586215 ], [ 3.474330293997016, 51.503250282038692 ], [ 3.473168918247662, 51.502206196245695 ], [ 3.472968997086647, 51.502214186571408 ], [ 3.47293483366417, 51.50237317258955 ], [ 3.473850794227254, 51.503196933070178 ], [ 3.472646369157149, 51.503909105497407 ], [ 3.471223760480713, 51.502780363994525 ], [ 3.47113043986228, 51.502978339178995 ], [ 3.472261423332309, 51.503943286208063 ], [ 3.470963883881997, 51.504704330684298 ], [ 3.469834518311351, 51.50371156528044 ], [ 3.469651986989642, 51.503706764319631 ], [ 3.469609415083882, 51.503880425831113 ], [ 3.470591310770594, 51.504738488870345 ], [ 3.469423455716223, 51.505439400719105 ], [ 3.468162752152031, 51.504265636100158 ], [ 3.46792618082364, 51.504305929086648 ], [ 3.467913248750858, 51.504454802982742 ], [ 3.469118298181825, 51.505520981081958 ], [ 3.468531384563773, 51.505940373349844 ], [ 3.467691054033971, 51.506185124456493 ], [ 3.466557497818337, 51.505143321632829 ], [ 3.4663448293664, 51.505145027241241 ], [ 3.466304467599984, 51.505306896243276 ], [ 3.467328562876515, 51.506223278072831 ], [ 3.465772121133745, 51.506684544310438 ], [ 3.465050427062118, 51.506034650972246 ], [ 3.464875767594216, 51.506053438016046 ], [ 3.464846748990565, 51.506209798367756 ], [ 3.465545287920311, 51.506845498423125 ], [ 3.464248998300631, 51.507597705464953 ], [ 3.463087189120167, 51.506534574555452 ], [ 3.462858143663301, 51.506570856598515 ], [ 3.462853415228799, 51.506710788747448 ], [ 3.463999806233383, 51.507742421731123 ], [ 3.463537429942646, 51.508051842811476 ], [ 3.462569989671474, 51.508258312159867 ], [ 3.461604623902592, 51.507456540884931 ], [ 3.461485501126208, 51.507642582903962 ], [ 3.462177445612336, 51.508264264690574 ], [ 3.461650443228319, 51.508453197024437 ], [ 3.460993098298341, 51.50907537329072 ], [ 3.459889377373746, 51.508072628715489 ], [ 3.459673724133791, 51.508118851776821 ], [ 3.459660206098345, 51.508266599159491 ], [ 3.460723733776421, 51.509214474301857 ], [ 3.460242010943421, 51.509592699418832 ], [ 3.45935293226049, 51.509782675315996 ], [ 3.45837608511278, 51.508891836615462 ], [ 3.458189363225396, 51.508910141385336 ], [ 3.458154994369394, 51.509070204209316 ], [ 3.459071880165466, 51.509879443982449 ], [ 3.458228380056801, 51.510475160198027 ], [ 3.456958214183703, 51.509429530104555 ], [ 3.456873910344247, 51.509616376662471 ], [ 3.457987746026823, 51.51061116038079 ], [ 3.457132498888003, 51.511036116905132 ], [ 3.456025293243184, 51.510215071443405 ], [ 3.455838480801718, 51.510250394128214 ], [ 3.455820248770836, 51.510411717624677 ], [ 3.456787498004814, 51.511123133817257 ], [ 3.45599091372467, 51.511835983601635 ], [ 3.454443156467614, 51.510704802399431 ], [ 3.454263953397207, 51.510715170668171 ], [ 3.45423867929787, 51.510893632589429 ], [ 3.455707327483042, 51.511949224961029 ], [ 3.454881227379608, 51.512393209476954 ], [ 3.452916271655089, 51.511426478795798 ], [ 3.452891902513737, 51.51162245271356 ], [ 3.454427449145494, 51.512445671238723 ], [ 3.453540193977674, 51.513034907827659 ], [ 3.451928155746152, 51.512200157430165 ], [ 3.451755006794917, 51.512241455898923 ], [ 3.451774606624184, 51.512418582125605 ], [ 3.453429266358899, 51.513266378951599 ], [ 3.452431456140836, 51.513865364081624 ], [ 3.45045726026447, 51.512982626365684 ], [ 3.450455014091594, 51.51316622244088 ], [ 3.452022758172476, 51.513954689104722 ], [ 3.451609455715021, 51.514474687992454 ], [ 3.451174086847665, 51.514727180903151 ], [ 3.449444829069997, 51.513928532441042 ], [ 3.449425337077625, 51.514129184789795 ], [ 3.450892271331876, 51.51486585106376 ], [ 3.450023065612142, 51.515530467055321 ], [ 3.44837082735176, 51.514683235084419 ], [ 3.448167727213219, 51.514706854324523 ], [ 3.448180608928971, 51.514883836842102 ], [ 3.449779618942284, 51.515697618580184 ], [ 3.448949576026405, 51.516406672570469 ], [ 3.447371609365389, 51.515559051846346 ], [ 3.447179424968422, 51.515590948979479 ], [ 3.447201466954526, 51.515782367228653 ], [ 3.448611604154691, 51.516517647707438 ], [ 3.447799221752474, 51.517225939560618 ], [ 3.446026604597387, 51.51648289188784 ], [ 3.446051645047077, 51.516728696575193 ], [ 3.4475525491529, 51.517453959729451 ], [ 3.446763727706712, 51.518174555440318 ], [ 3.44552319377462, 51.517577663058745 ], [ 3.445327210635733, 51.517624508896802 ], [ 3.445345644550678, 51.517814212870086 ], [ 3.446539469877554, 51.518383709378867 ], [ 3.445832422102084, 51.519196145971009 ], [ 3.443630760737819, 51.518161871606836 ], [ 3.44364597318954, 51.518366015540522 ], [ 3.445704920269981, 51.519439532769589 ], [ 3.445583331944245, 51.519738264904113 ], [ 3.444867088133122, 51.520158078686329 ], [ 3.443521117231497, 51.519544925690624 ], [ 3.443504917513903, 51.519763418896559 ], [ 3.44459578525622, 51.520329107941095 ], [ 3.443732967624353, 51.520874136228208 ], [ 3.443538003072933, 51.520966808131526 ], [ 3.441424183950971, 51.519803512247911 ], [ 3.441413536544909, 51.520011416719129 ], [ 3.443229859800011, 51.521107437239003 ], [ 3.441978962626881, 51.521598527013168 ], [ 3.441037534458552, 51.521112747638412 ], [ 3.440997038175306, 51.521331533075163 ], [ 3.441740334585481, 51.521756974382889 ], [ 3.441047841583929, 51.521944858135925 ], [ 3.440140500837869, 51.521943028860491 ], [ 3.439880943195862, 51.521270757005666 ], [ 3.439670599348012, 51.521253906349529 ], [ 3.439826637335604, 51.521882776039334 ], [ 3.439171748152107, 51.522094468645243 ], [ 3.43899097877615, 51.522549972160206 ], [ 3.439087724572042, 51.522821791355931 ], [ 3.439545940110632, 51.522960350932351 ], [ 3.439493750030876, 51.523310257881533 ], [ 3.439040358834649, 51.523934551037762 ], [ 3.438135385599982, 51.524664655324756 ], [ 3.437719067081489, 51.525399247783788 ], [ 3.437263247688069, 51.525800229607547 ], [ 3.436420610859581, 51.525941995414712 ], [ 3.436011437953259, 51.525792279774322 ], [ 3.43603591972467, 51.52552722275707 ], [ 3.435183647171147, 51.52555746644996 ], [ 3.434702489100301, 51.525340759185205 ], [ 3.43461398568225, 51.525516465302495 ], [ 3.434796161420225, 51.525699740115698 ], [ 3.434019865023555, 51.526167865141907 ], [ 3.432420187318426, 51.525959379968953 ], [ 3.432453447547233, 51.52617342870812 ], [ 3.433713676485912, 51.526394975967598 ], [ 3.433315974976715, 51.527243148327685 ], [ 3.432109737115295, 51.527390611061897 ], [ 3.432174988831047, 51.527562434733177 ], [ 3.433223413228833, 51.527550722758384 ], [ 3.433170499311513, 51.528250028187827 ], [ 3.431927467893034, 51.528412060320768 ], [ 3.432067837965593, 51.528549634655683 ], [ 3.433188497536922, 51.528512030318645 ], [ 3.433249764651761, 51.529274146646529 ], [ 3.432120588829922, 51.529327462718335 ], [ 3.432070683024183, 51.529530485952449 ] ], [ [ 4.090410705975788, 51.406832733971335 ], [ 4.090404140342851, 51.406839023347018 ], [ 4.09037782404167, 51.406837997821938 ], [ 4.090410705975788, 51.406832733971335 ] ], [ [ 4.213375810176999, 51.633884477988609 ], [ 4.213378040031235, 51.633877433921839 ], [ 4.213380238647944, 51.63386884333763 ], [ 4.213387602033925, 51.633886374302321 ], [ 4.213375810176999, 51.633884477988609 ] ], [ [ 4.211073631798095, 51.633042311058944 ], [ 4.211104018538092, 51.633005173247518 ], [ 4.211066228388288, 51.633106468751571 ], [ 4.211073631798095, 51.633042311058944 ] ], [ [ 4.206419446308803, 51.632912864164673 ], [ 4.207102973605538, 51.632930429372294 ], [ 4.208087805190603, 51.632919017913871 ], [ 4.207256481103838, 51.632974716857611 ], [ 4.206167734645164, 51.63291980953953 ], [ 4.206419446308803, 51.632912864164673 ] ], [ [ 4.208830456000261, 51.632788365599509 ], [ 4.209295307842392, 51.632355279934814 ], [ 4.209588264485374, 51.632304603170553 ], [ 4.209580671785216, 51.631935147670397 ], [ 4.209631826153222, 51.6318471877807 ], [ 4.209738984753671, 51.631786661990503 ], [ 4.209658023076742, 51.632219718802467 ], [ 4.209383217627193, 51.632694412196336 ], [ 4.208672886010904, 51.632843034682551 ], [ 4.208830456000261, 51.632788365599509 ] ], [ [ 4.210359772055231, 51.631329561764041 ], [ 4.210327404224507, 51.631373836802801 ], [ 4.210308570179937, 51.631386518922376 ], [ 4.210359772055231, 51.631329561764041 ] ], [ [ 4.209035478781975, 51.631867567345829 ], [ 4.209024323143736, 51.631761286381469 ], [ 4.20906465743508, 51.631719301776407 ], [ 4.209086319745275, 51.631955180578196 ], [ 4.209035478781975, 51.631867567345829 ] ], [ [ 4.196497411244621, 51.624412441154014 ], [ 4.196620188994989, 51.62427730069443 ], [ 4.196968800760274, 51.623976611596262 ], [ 4.196463829252716, 51.624501740963488 ], [ 4.196497411244621, 51.624412441154014 ] ], [ [ 4.19505937725234, 51.630747670231919 ], [ 4.194385149797514, 51.630535466758822 ], [ 4.194369664201711, 51.630409947376563 ], [ 4.194782600339407, 51.630647465364603 ], [ 4.19505937725234, 51.630747670231919 ] ], [ [ 4.194071146635485, 51.630179137984953 ], [ 4.19373362387643, 51.629903170624075 ], [ 4.193524701676197, 51.629369768319833 ], [ 4.193103265069041, 51.627635963848142 ], [ 4.193328142572148, 51.626549935295834 ], [ 4.192377851040767, 51.625444588080512 ], [ 4.192073887305916, 51.624835604754097 ], [ 4.191860441144164, 51.624331759992373 ], [ 4.191712888902428, 51.623814259778712 ], [ 4.192378061567094, 51.625351554614809 ], [ 4.193332673325915, 51.626356229004152 ], [ 4.193394362317955, 51.626753795494089 ], [ 4.193222977930688, 51.627325877935576 ], [ 4.193282110058314, 51.627868799442773 ], [ 4.193640595987341, 51.629314869480361 ], [ 4.194071146635485, 51.630179137984953 ] ], [ [ 4.191589123970599, 51.623585409591527 ], [ 4.191445915553032, 51.623413652550461 ], [ 4.191520954311462, 51.623331848976413 ], [ 4.191521484404388, 51.623434737696471 ], [ 4.191589123970599, 51.623585409591527 ] ], [ [ 4.192920483276239, 51.622760504453545 ], [ 4.192749001032713, 51.622923090386521 ], [ 4.192684150973631, 51.622953436641232 ], [ 4.192920483276239, 51.622760504453545 ] ], [ [ 4.192933478119324, 51.622747757224147 ], [ 4.193131015442108, 51.622467484450816 ], [ 4.193197895376089, 51.622427197185438 ], [ 4.193020005363302, 51.62266667545186 ], [ 4.192933478119324, 51.622747757224147 ] ], [ [ 4.195625976818054, 51.634170127063484 ], [ 4.195624047956037, 51.634224303368889 ], [ 4.195540756286623, 51.634239298475656 ], [ 4.195590992159086, 51.63415968780042 ], [ 4.195625976818054, 51.634170127063484 ] ], [ [ 4.180119926116369, 51.649898336446462 ], [ 4.180121646750366, 51.649886162024814 ], [ 4.180137673548113, 51.649884919544441 ], [ 4.180119926116369, 51.649898336446462 ] ], [ [ 3.976279993266814, 51.723392194001221 ], [ 3.976342640845803, 51.723175744695979 ], [ 3.976358365512222, 51.723142990881634 ], [ 3.976359897283001, 51.723396791711217 ], [ 3.976279993266814, 51.723392194001221 ] ], [ [ 3.913492841743763, 51.729523863481127 ], [ 3.912881430135335, 51.729177851273697 ], [ 3.912272723798786, 51.729528272540129 ], [ 3.911931321920209, 51.729345271469249 ], [ 3.912874187867216, 51.728624447019435 ], [ 3.913783922222431, 51.727627021040092 ], [ 3.914986557609773, 51.728297775528198 ], [ 3.915396883036216, 51.728215793898244 ], [ 3.913492841743763, 51.729523863481127 ] ], [ [ 3.915476732144108, 51.728166828103532 ], [ 3.916365000587883, 51.727522114804152 ], [ 3.916256670567999, 51.726871983845989 ], [ 3.916908724434859, 51.727268151978841 ], [ 3.915476732144108, 51.728166828103532 ] ], [ [ 3.916085000912376, 51.72676535214908 ], [ 3.914007956868035, 51.726060784666501 ], [ 3.913421910822501, 51.72589523711968 ], [ 3.915525377168123, 51.726489415754521 ], [ 3.916085000912376, 51.72676535214908 ] ], [ [ 3.857011869268481, 51.677555020015944 ], [ 3.85707250007956, 51.677709606947751 ], [ 3.857487978126601, 51.677771336009151 ], [ 3.857675454304337, 51.67800048702059 ], [ 3.857434115654777, 51.678125047396151 ], [ 3.856769337227965, 51.677829619868781 ], [ 3.857011869268481, 51.677555020015944 ] ], [ [ 3.937882514014038, 51.635661102241762 ], [ 3.938001915043766, 51.635586742030036 ], [ 3.938225923215979, 51.635678651472986 ], [ 3.938033746279455, 51.635757429446144 ], [ 3.937882514014038, 51.635661102241762 ] ], [ [ 4.190000585758394, 51.634523367844835 ], [ 4.190005593520125, 51.634515726834351 ], [ 4.1899649388836, 51.634576286182863 ], [ 4.190000585758394, 51.634523367844835 ] ], [ [ 4.190021388968695, 51.634462200941066 ], [ 4.190022742344707, 51.634410981619482 ], [ 4.190065621108237, 51.634371821281647 ], [ 4.190037140183145, 51.634414998076132 ], [ 4.190021388968695, 51.634462200941066 ] ], [ [ 4.180955434688689, 51.637067355761452 ], [ 4.180959816292714, 51.637057284130641 ], [ 4.180955197974867, 51.637080832021574 ], [ 4.180955434688689, 51.637067355761452 ] ], [ [ 4.180987135275639, 51.636994485442585 ], [ 4.180989873269076, 51.636992337732103 ], [ 4.180995526686709, 51.636987903637504 ], [ 4.180985533329991, 51.636998168212777 ], [ 4.180987135275639, 51.636994485442585 ] ], [ [ 4.175404216111573, 51.640978156244898 ], [ 4.175419728562098, 51.640688727147065 ], [ 4.175253289107648, 51.640537502183307 ], [ 4.175339933594396, 51.640422351212351 ], [ 4.175340835139876, 51.640493836436868 ], [ 4.175418408865849, 51.640678216119092 ], [ 4.175436847320706, 51.640750650537434 ], [ 4.175404216111573, 51.640978156244898 ] ], [ [ 4.168250620410661, 51.641381443878927 ], [ 4.168308573324977, 51.641341038954472 ], [ 4.168451593230796, 51.641141269679601 ], [ 4.168452472344718, 51.64131355171024 ], [ 4.168250620410661, 51.641381443878927 ] ], [ [ 4.110156808460458, 51.628392093884848 ], [ 4.110209941316208, 51.62827491221487 ], [ 4.110232060248181, 51.628249834602478 ], [ 4.110286718590517, 51.62832795923039 ], [ 4.110156808460458, 51.628392093884848 ] ], [ [ 4.154769698660552, 51.601746735689915 ], [ 4.154614525094622, 51.60167866799172 ], [ 4.154185476989666, 51.601442755236498 ], [ 4.154497143378408, 51.601561877249317 ], [ 4.154807466029579, 51.601767705166914 ], [ 4.154769698660552, 51.601746735689915 ] ], [ [ 4.153938576817745, 51.601283895978945 ], [ 4.153921354715695, 51.601253175879904 ], [ 4.153906991914743, 51.601198218436366 ], [ 4.153906604839784, 51.601099507007831 ], [ 4.153938576817745, 51.601283895978945 ] ], [ [ 4.150284251938816, 51.601727906728286 ], [ 4.150105812764684, 51.601559441474002 ], [ 4.15013456503003, 51.60150648721698 ], [ 4.150340826918768, 51.601739896438843 ], [ 4.150284251938816, 51.601727906728286 ] ], [ [ 4.13426295165241, 51.602648119441582 ], [ 4.134237135002848, 51.602620229790979 ], [ 4.134234530931084, 51.602570415902036 ], [ 4.134286143122759, 51.602662075971061 ], [ 4.13426295165241, 51.602648119441582 ] ], [ [ 4.128078836804591, 51.600956405845388 ], [ 4.127886865144228, 51.60086523551621 ], [ 4.128022543673771, 51.600741976066402 ], [ 4.1280441715967, 51.600886852176153 ], [ 4.128078836804591, 51.600956405845388 ] ], [ [ 4.010883376066146, 51.591486566430888 ], [ 4.011617074760584, 51.589734923099272 ], [ 4.012080420224092, 51.589446841145666 ], [ 4.01287493900053, 51.588417611578663 ], [ 4.01316061194583, 51.588453538047375 ], [ 4.013405197685517, 51.588226147785925 ], [ 4.013971458104029, 51.588347130932952 ], [ 4.010883376066146, 51.591486566430888 ] ], [ [ 4.220717512500022, 51.436791905234358 ], [ 4.220714467576336, 51.436750976603236 ], [ 4.220711290906657, 51.436732578958178 ], [ 4.22072176283463, 51.436734876527538 ], [ 4.220717512500022, 51.436791905234358 ] ], [ [ 4.197096429910276, 51.435441952417243 ], [ 4.197097843704778, 51.435442111857981 ], [ 4.197103303950213, 51.435444563219434 ], [ 4.197096429910276, 51.435441952417243 ] ], [ [ 4.188913874972674, 51.441859443764535 ], [ 4.188905535058536, 51.441824168247102 ], [ 4.188934898565982, 51.441890803815269 ], [ 4.188913874972674, 51.441859443764535 ] ], [ [ 4.128816701999166, 51.436126209532411 ], [ 4.129814942957335, 51.435207342638826 ], [ 4.130983796397731, 51.435819645569751 ], [ 4.130063137740675, 51.43648092013391 ], [ 4.129039982663428, 51.436010066552491 ], [ 4.128816701999166, 51.436126209532411 ] ], [ [ 4.070200602799879, 51.467182191252043 ], [ 4.069908679575297, 51.467118180047521 ], [ 4.070207606218387, 51.466871419163553 ], [ 4.070356571755178, 51.466942846386388 ], [ 4.070200602799879, 51.467182191252043 ] ], [ [ 4.002609951402928, 51.517677938484702 ], [ 4.002580888729235, 51.5171397877237 ], [ 4.00265752204647, 51.516978009425749 ], [ 4.002681095917756, 51.517297757321849 ], [ 4.002609951402928, 51.517677938484702 ] ], [ [ 4.002660286900125, 51.516617790649029 ], [ 4.002661596161157, 51.51586423801097 ], [ 4.002878355173507, 51.515474099392236 ], [ 4.003649878869249, 51.514683219221446 ], [ 4.004348016961388, 51.514685983442938 ], [ 4.004182444917103, 51.516438453873278 ], [ 4.00300926912931, 51.516285863551879 ], [ 4.002660286900125, 51.516617790649029 ] ], [ [ 3.968320591365925, 51.528797758488508 ], [ 3.967163412711271, 51.528906148823935 ], [ 3.96704224975009, 51.528702144082459 ], [ 3.968809939530543, 51.528285947161997 ], [ 3.96902852919838, 51.528626786428561 ], [ 3.968320591365925, 51.528797758488508 ] ], [ [ 3.801425387675087, 51.603414833707475 ], [ 3.801438427805043, 51.603419416386814 ], [ 3.801496538326715, 51.603494884421579 ], [ 3.801356503201838, 51.603390632545647 ], [ 3.801425387675087, 51.603414833707475 ] ], [ [ 3.964557310933476, 51.52960863266037 ], [ 3.963077405464381, 51.529351054010476 ], [ 3.962361568201173, 51.52961385048107 ], [ 3.960396829324005, 51.529711285326258 ], [ 3.960358182891784, 51.529401939312528 ], [ 3.964552899832813, 51.529192861092199 ], [ 3.964557310933476, 51.52960863266037 ] ], [ [ 4.138292361513632, 51.599889279347821 ], [ 4.138293222668818, 51.599889530202866 ], [ 4.138401188329186, 51.599920972820414 ], [ 4.138361216687861, 51.599930905845923 ], [ 4.138292361513632, 51.599889279347821 ] ], [ [ 4.172814925068975, 51.617750376504915 ], [ 4.172541081439515, 51.617839671553618 ], [ 4.172238024596435, 51.617504268981165 ], [ 4.172358014289514, 51.617376108391113 ], [ 4.173034817728962, 51.617624038021567 ], [ 4.172814925068975, 51.617750376504915 ] ], [ [ 4.116063063269928, 51.624807345864049 ], [ 4.116051621935816, 51.624809451085667 ], [ 4.116051028902174, 51.624809630703318 ], [ 4.116056317930206, 51.624803308514117 ], [ 4.116063063269928, 51.624807345864049 ] ], [ [ 4.113934914875935, 51.624559477799082 ], [ 4.113940616521468, 51.6245684325214 ], [ 4.113938505535834, 51.624571826911328 ], [ 4.113937409212821, 51.624567123391905 ], [ 4.113934914875935, 51.624559477799082 ] ], [ [ 4.104787725930117, 51.642472936706369 ], [ 4.104802282381261, 51.642485692699644 ], [ 4.104845693348371, 51.642511849775218 ], [ 4.104808831186261, 51.642510089825443 ], [ 4.104787725930117, 51.642472936706369 ] ], [ [ 4.104977992022649, 51.642566359768388 ], [ 4.104968068008934, 51.642569918494026 ], [ 4.104963499891102, 51.642564343769457 ], [ 4.104977992022649, 51.642566359768388 ] ], [ [ 4.164790936491308, 51.643321768529539 ], [ 4.164542263785233, 51.643270398071458 ], [ 4.164234875832083, 51.643177968428965 ], [ 4.164817869724523, 51.643322381559656 ], [ 4.164790936491308, 51.643321768529539 ] ], [ [ 4.163573238917961, 51.643231025853034 ], [ 4.163574950368618, 51.643225968976743 ], [ 4.16359141253364, 51.643225829879086 ], [ 4.163573238917961, 51.643231025853034 ] ], [ [ 4.162022425886919, 51.643202967687209 ], [ 4.161877559591171, 51.642991336554473 ], [ 4.161885817964341, 51.642958879623755 ], [ 4.162049560247512, 51.643229867354499 ], [ 4.162022425886919, 51.643202967687209 ] ], [ [ 4.084627907442397, 51.642337054679324 ], [ 4.084459401982443, 51.642603546253035 ], [ 4.084420749917401, 51.642593931148021 ], [ 4.084638549426959, 51.642319581847843 ], [ 4.084627907442397, 51.642337054679324 ] ], [ [ 3.91124227196177, 51.642334317983824 ], [ 3.911477580789612, 51.642222212481698 ], [ 3.912540174372091, 51.642785968430182 ], [ 3.91816543035938, 51.645889548650779 ], [ 3.918905915371454, 51.646472814647083 ], [ 3.919652152928645, 51.646646184242229 ], [ 3.924567516134057, 51.646711058868448 ], [ 3.926328596969428, 51.647317816811452 ], [ 3.928851012267222, 51.647704786422921 ], [ 3.930558735201448, 51.647723386648693 ], [ 3.933266521200241, 51.648436388973614 ], [ 3.932793895809107, 51.648651826835895 ], [ 3.932195036092941, 51.648257054626811 ], [ 3.930661720035209, 51.647959677150588 ], [ 3.927273501581965, 51.647525669617472 ], [ 3.926221280311587, 51.647633362989893 ], [ 3.926031242762674, 51.647336730556447 ], [ 3.92496168701335, 51.647018419615996 ], [ 3.918832962180663, 51.646842544140576 ], [ 3.917888716704112, 51.646289978758801 ], [ 3.917676125129153, 51.646356861744486 ], [ 3.911340689230047, 51.642810655966265 ], [ 3.91124227196177, 51.642334317983824 ] ], [ [ 3.925835566530256, 51.647870535849854 ], [ 3.923986021127061, 51.648628620884857 ], [ 3.923788115332507, 51.648515346693102 ], [ 3.925688882831091, 51.647834145283745 ], [ 3.925835566530256, 51.647870535849854 ] ], [ [ 3.888662104118807, 51.74403805780527 ], [ 3.888884310037177, 51.743724346662013 ], [ 3.889377230261913, 51.743710270334773 ], [ 3.889348720325578, 51.744037360720824 ], [ 3.888662104118807, 51.74403805780527 ] ], [ [ 4.176035386753131, 51.65973568657104 ], [ 4.17582632285991, 51.6597077341684 ], [ 4.175795931049533, 51.659682764007364 ], [ 4.176037506549448, 51.659607081785914 ], [ 4.176035386753131, 51.65973568657104 ] ], [ [ 4.173560225305848, 51.659689458048703 ], [ 4.173752057966728, 51.659672096354278 ], [ 4.173864360838924, 51.659734947429925 ], [ 4.173511364584287, 51.659726094707423 ], [ 4.173560225305848, 51.659689458048703 ] ], [ [ 4.202610508486442, 51.629140480130005 ], [ 4.203920836827063, 51.629147935734217 ], [ 4.204497488145261, 51.629022075210088 ], [ 4.203980508380242, 51.629167089817379 ], [ 4.202610508486442, 51.629140480130005 ] ], [ [ 4.204788969206589, 51.628893301368187 ], [ 4.20519989852237, 51.628155956623829 ], [ 4.205422742115665, 51.628284771939072 ], [ 4.20494416083339, 51.628819475370278 ], [ 4.20468014062228, 51.628961059921075 ], [ 4.204788969206589, 51.628893301368187 ] ], [ [ 3.817462278878261, 51.385718307385439 ], [ 3.817459178027804, 51.385957974656918 ], [ 3.817164878086396, 51.385889058512419 ], [ 3.817232353546054, 51.385701226078091 ], [ 3.817462278878261, 51.385718307385439 ] ], [ [ 3.742377209226962, 51.411065424396433 ], [ 3.742848767588896, 51.41115074994984 ], [ 3.742842622715596, 51.411253536894947 ], [ 3.74225910405276, 51.411229263851695 ], [ 3.742377209226962, 51.411065424396433 ] ], [ [ 3.575671122618621, 51.440607775303555 ], [ 3.57585603222742, 51.440640100930246 ], [ 3.577692337191476, 51.441666361959271 ], [ 3.577566994793693, 51.44179120819534 ], [ 3.577290520658166, 51.441713940912258 ], [ 3.575379149334848, 51.440899225336956 ], [ 3.575523314383657, 51.440592065884992 ], [ 3.575671122618621, 51.440607775303555 ] ] ], [ [ [ 3.667505884020818, 51.621724263205216 ], [ 3.667715383238486, 51.622074108698996 ], [ 3.668851616712315, 51.622462414063037 ], [ 3.671118822196262, 51.623049014345547 ], [ 3.6732805448348, 51.623339516575491 ], [ 3.678484518286878, 51.623416007173404 ], [ 3.682351650058213, 51.623261785555705 ], [ 3.682782051417473, 51.623980581840456 ], [ 3.684334239717111, 51.625639529660887 ], [ 3.685647690893544, 51.626529149442369 ], [ 3.68562152614801, 51.627052137930619 ], [ 3.685968064251376, 51.62798815815399 ], [ 3.686230006158057, 51.628462622190874 ], [ 3.68690742882265, 51.629085358726641 ], [ 3.690114591066377, 51.631954398199895 ], [ 3.697411742563564, 51.636952595278622 ], [ 3.698441731088953, 51.638484882879737 ], [ 3.697330319593588, 51.639398147411264 ], [ 3.697064264790134, 51.640028200821163 ], [ 3.69709701997842, 51.64102219105569 ], [ 3.697788643091966, 51.642152609139792 ], [ 3.699343297236668, 51.643274998116752 ], [ 3.701937230046114, 51.644076471193884 ], [ 3.70390277121321, 51.644197988821368 ], [ 3.704288219016826, 51.643954930741252 ], [ 3.70437394314405, 51.643656647180308 ], [ 3.704102470862906, 51.643344634781108 ], [ 3.703176221126976, 51.643336626333522 ], [ 3.702966719858201, 51.643041925513138 ], [ 3.702553434915543, 51.642907105007346 ], [ 3.701706648304125, 51.642997124932471 ], [ 3.699313768691934, 51.641435295957244 ], [ 3.698691841111098, 51.640809389397319 ], [ 3.698477109289056, 51.640292218404596 ], [ 3.698684728925902, 51.639797537734445 ], [ 3.699207462557266, 51.639312775173593 ], [ 3.701781848840157, 51.637773710533047 ], [ 3.70314554551185, 51.637732372960805 ], [ 3.704347328610526, 51.638529515550523 ], [ 3.704216552263706, 51.638774620464446 ], [ 3.704590697952769, 51.639001975776416 ], [ 3.704885862547157, 51.638855086995328 ], [ 3.705494152377771, 51.639264098433181 ], [ 3.705355326252057, 51.639514713251373 ], [ 3.705980060037803, 51.639906940007691 ], [ 3.706222366120282, 51.639805493204207 ], [ 3.707190346682391, 51.640484051718772 ], [ 3.707117406589147, 51.640684153412906 ], [ 3.705444700231736, 51.641740941895122 ], [ 3.704575158892847, 51.641173518243519 ], [ 3.704343169950645, 51.641346175872521 ], [ 3.705128603821057, 51.641926193803116 ], [ 3.705099200364549, 51.642368330826386 ], [ 3.705414430670538, 51.64264951606706 ], [ 3.707987071828243, 51.643535827155475 ], [ 3.710026655641383, 51.643377782037398 ], [ 3.712825404421112, 51.642607563205019 ], [ 3.713833987996476, 51.642497257196339 ], [ 3.714764988403392, 51.642090073946918 ], [ 3.715033506714975, 51.641600340397559 ], [ 3.716569990475376, 51.641110673692559 ], [ 3.716644386454833, 51.640879664323933 ], [ 3.71645386691595, 51.640774265241213 ], [ 3.715403014352228, 51.641161314186157 ], [ 3.714664126065862, 51.641164374487253 ], [ 3.71363048800839, 51.639608114686816 ], [ 3.713810663599726, 51.639414875176627 ], [ 3.713420488252593, 51.6390443566575 ], [ 3.7144826764974, 51.638422565622683 ], [ 3.715014401695336, 51.63866557743777 ], [ 3.715505098102572, 51.638248694997287 ], [ 3.717066211838524, 51.63873569453915 ], [ 3.717703790961385, 51.639258754520391 ], [ 3.717934619175038, 51.639973883723414 ], [ 3.717779123476658, 51.640558965576673 ], [ 3.718186673329196, 51.640544202331512 ], [ 3.718245427965998, 51.639732680001842 ], [ 3.719158114909442, 51.639185399862079 ], [ 3.71789184928835, 51.63784846403 ], [ 3.716669135327586, 51.637031604715929 ], [ 3.716490569092968, 51.636723163120223 ], [ 3.715776979460898, 51.636518147050225 ], [ 3.714933516885253, 51.636804845978119 ], [ 3.714485688821624, 51.636786008312313 ], [ 3.713821895486703, 51.636339772681623 ], [ 3.714754426177151, 51.635801352027293 ], [ 3.714621346431666, 51.635355084885312 ], [ 3.714097837429077, 51.634858016802426 ], [ 3.714681609007546, 51.634591522926129 ], [ 3.714693950636825, 51.634420153068994 ], [ 3.714217218049802, 51.634024258730861 ], [ 3.712842530242048, 51.634509174564563 ], [ 3.711259586976871, 51.634026775071312 ], [ 3.709656114124653, 51.632500199578736 ], [ 3.70987302046779, 51.632170342881388 ], [ 3.714609191343259, 51.630075188306115 ], [ 3.715284645339482, 51.630133284493454 ], [ 3.716957503284186, 51.631492734462249 ], [ 3.717755955920252, 51.631092986082542 ], [ 3.717229475886836, 51.630512873105147 ], [ 3.723704978146382, 51.627636859312275 ], [ 3.724458117039462, 51.627530335137052 ], [ 3.726656445149171, 51.629289904902521 ], [ 3.726931713790456, 51.629736642842815 ], [ 3.726111518695977, 51.630245523411382 ], [ 3.722825360525468, 51.631705133873176 ], [ 3.722808644619016, 51.631862899461154 ], [ 3.723318673815049, 51.632308166299225 ], [ 3.72776464746593, 51.630437458154624 ], [ 3.728696769747118, 51.63123487484367 ], [ 3.729088324297915, 51.631355720269958 ], [ 3.73061795467885, 51.632735318125356 ], [ 3.730535774875693, 51.633058559664263 ], [ 3.722087811962292, 51.636726782992888 ], [ 3.722090132761263, 51.636868071289115 ], [ 3.722992354690972, 51.63756207256661 ], [ 3.731297968992804, 51.633710407432254 ], [ 3.731991711693734, 51.632912569317121 ], [ 3.731906856352651, 51.632443474874989 ], [ 3.731546691744211, 51.631999091015025 ], [ 3.726070018890725, 51.627262598983442 ], [ 3.725505642092937, 51.626861181425042 ], [ 3.724618146400972, 51.626609586891156 ], [ 3.722713403015507, 51.624977985786195 ], [ 3.722303720874085, 51.624803506703422 ], [ 3.721768129643879, 51.624888112059146 ], [ 3.7177545152417, 51.626654250714907 ], [ 3.717711835974677, 51.626820337053552 ], [ 3.718338177641075, 51.627958360754022 ], [ 3.717429734063054, 51.628486335894799 ], [ 3.716817860088947, 51.628014451287982 ], [ 3.715742056762466, 51.628016566115434 ], [ 3.708580297050895, 51.631081291115329 ], [ 3.705021832033381, 51.629377520314208 ], [ 3.704275818331539, 51.628693280267392 ], [ 3.704283969417182, 51.628164608997828 ], [ 3.706974977283066, 51.62504785195253 ], [ 3.707155689496047, 51.624447110555323 ], [ 3.707024214373874, 51.623995555932474 ], [ 3.706614405202861, 51.62354238068103 ], [ 3.703799870660957, 51.621798397634493 ], [ 3.703094529251271, 51.62188730169251 ], [ 3.702828704372808, 51.622340799608381 ], [ 3.703186278269898, 51.622730673408185 ], [ 3.703405791140191, 51.622689314705568 ], [ 3.705176348172474, 51.623963648394728 ], [ 3.704486085316711, 51.625278900660909 ], [ 3.703479677735782, 51.62607661156553 ], [ 3.700456018768008, 51.627656440139958 ], [ 3.697557916578969, 51.628739014722427 ], [ 3.696802403637664, 51.62812831786502 ], [ 3.696725290880872, 51.627829329184237 ], [ 3.695563453011791, 51.627043489489886 ], [ 3.695387307822599, 51.626419250753052 ], [ 3.694546056563428, 51.625912118013424 ], [ 3.694756796566496, 51.625642656720565 ], [ 3.69392705609231, 51.625077178072473 ], [ 3.69359234582706, 51.625235091306401 ], [ 3.692561606653452, 51.62499192351175 ], [ 3.690942366751441, 51.623874172461989 ], [ 3.690195875248512, 51.62307354875982 ], [ 3.696466347438208, 51.619470633374043 ], [ 3.698916881914622, 51.619728864293904 ], [ 3.700162735993555, 51.620501509489877 ], [ 3.700904697571335, 51.620344228145228 ], [ 3.701082702124753, 51.620077751619569 ], [ 3.700981681886597, 51.619802544559271 ], [ 3.699904382829003, 51.619074716960561 ], [ 3.699061399910228, 51.618710776640626 ], [ 3.697197278856808, 51.618462560453324 ], [ 3.694761164181001, 51.618984937173508 ], [ 3.692914624216562, 51.620167034203298 ], [ 3.692078960024705, 51.619682450688174 ], [ 3.691281145985605, 51.618865571536759 ], [ 3.69068952490754, 51.618630008673307 ], [ 3.690596533983043, 51.618860148199907 ], [ 3.691646608755166, 51.620113190761209 ], [ 3.691514715718667, 51.620713249237056 ], [ 3.690308505433815, 51.621201186256521 ], [ 3.688937535114838, 51.621446167548619 ], [ 3.688779003331777, 51.621341729842712 ], [ 3.687756653599298, 51.621752684390188 ], [ 3.687281109573515, 51.621480774786122 ], [ 3.686801534278988, 51.620536993252543 ], [ 3.686911867004792, 51.620407303874352 ], [ 3.686734055774378, 51.620012342994507 ], [ 3.686505266594612, 51.619979555511321 ], [ 3.686352487058085, 51.619703342389286 ], [ 3.686175104686084, 51.618811307253161 ], [ 3.685558457807848, 51.618513812852861 ], [ 3.686129348560006, 51.618270106453537 ], [ 3.686312999164556, 51.617957668101859 ], [ 3.686253823835364, 51.616757723706705 ], [ 3.690223303800575, 51.616577046193868 ], [ 3.693601675113676, 51.616906678265224 ], [ 3.693966068760735, 51.616826765743426 ], [ 3.69406221547494, 51.616395055405761 ], [ 3.69341939434564, 51.616144858001419 ], [ 3.690603236205344, 51.615888756919965 ], [ 3.686161395167155, 51.616059824987147 ], [ 3.685947906243884, 51.615938186970808 ], [ 3.685660426136574, 51.615219436380443 ], [ 3.6853070516358, 51.614933513478171 ], [ 3.684579175965532, 51.614765623757066 ], [ 3.683344043004638, 51.614847976510639 ], [ 3.682541064963979, 51.615369889092015 ], [ 3.682367245075371, 51.616231800072626 ], [ 3.681024831927389, 51.616558403255382 ], [ 3.676496958219166, 51.618196525256906 ], [ 3.675328577265749, 51.618910592057027 ], [ 3.674048106264494, 51.62019859898917 ], [ 3.674334590063527, 51.620563918275849 ], [ 3.675067096733542, 51.620617111019151 ], [ 3.677142429986032, 51.619046352850326 ], [ 3.681705221455349, 51.617402579903569 ], [ 3.681755190505418, 51.617794998135302 ], [ 3.682096714032492, 51.618097588726684 ], [ 3.683724548740247, 51.618617696187698 ], [ 3.682783949969898, 51.619025835490746 ], [ 3.682344045120963, 51.61947205561485 ], [ 3.682340581663419, 51.619979020116638 ], [ 3.682662407839951, 51.620634420084272 ], [ 3.681391246077417, 51.620549189593305 ], [ 3.68132534430014, 51.620777113886149 ], [ 3.680376389284358, 51.620862990836422 ], [ 3.680131822423233, 51.620787212107288 ], [ 3.679654019802344, 51.619850281747759 ], [ 3.679031400240847, 51.619767626719053 ], [ 3.678721601919104, 51.620094642745357 ], [ 3.678874388860403, 51.620940707824978 ], [ 3.678692432174085, 51.621506383897994 ], [ 3.677926210705577, 51.622108007427364 ], [ 3.676908192672708, 51.6223922213157 ], [ 3.672637813437548, 51.622310860177421 ], [ 3.668278661167771, 51.621269719329085 ], [ 3.667771642228899, 51.621364509458019 ], [ 3.667505884020818, 51.621724263205216 ] ] ] ] } }
]
}
