{
"type": "FeatureCollection",
"name": "SWVPO2101",
"crs": { "type": "name", "properties": { "name": "urn:ogc:def:crs:OGC:1.3:CRS84" } },
"features": [
{ "type": "Feature", "properties": { "PO SWV": "PO2101", "strokeColor": "#A9A9A9", "strokeWidth": 2, "fillColor": "#ADD8E6" }, "geometry": { "type": "MultiPolygon", "coordinates": [ [ [ [ 5.176003127773462, 53.003992528920996 ], [ 5.166799998058027, 52.999166398871765 ], [ 5.165790086790031, 52.999830396758185 ], [ 5.201780866546761, 53.018781838658228 ], [ 5.201355092370609, 53.020626900310901 ], [ 5.201474424888581, 53.020870674905829 ], [ 5.202013515864578, 53.02118575388554 ], [ 5.203983970783742, 53.022195804657585 ], [ 5.204995127196074, 53.022514536997363 ], [ 5.205280113345824, 53.02243145105566 ], [ 5.205248694749625, 53.022183711855121 ], [ 5.202189857427683, 53.020585206237385 ], [ 5.203268921487572, 53.019810955218304 ], [ 5.203557703571319, 53.019830084556958 ], [ 5.205505122889331, 53.020859280623853 ], [ 5.204928150239593, 53.021314822066678 ], [ 5.2050424541937, 53.021595939907137 ], [ 5.205678414214577, 53.021539037400359 ], [ 5.206477090057312, 53.021204705671884 ], [ 5.293121866030983, 53.066569760683834 ], [ 5.291821875819779, 53.067496375719095 ], [ 5.291851223785641, 53.067750065011445 ], [ 5.292108922320129, 53.067736747876047 ], [ 5.29360422003817, 53.066821129373515 ], [ 5.296933956461995, 53.068206951157656 ], [ 5.301138734913743, 53.069384961595027 ], [ 5.323552457577374, 53.072913192160811 ], [ 5.32477848301023, 53.07451720543618 ], [ 5.323054312651895, 53.078671402158321 ], [ 5.323272856854124, 53.079095459598008 ], [ 5.324059254109279, 53.079323503712025 ], [ 5.326868584714166, 53.079743071541223 ], [ 5.327222258124278, 53.079590221731841 ], [ 5.327088272186212, 53.079275304598241 ], [ 5.323784574764982, 53.078739049827973 ], [ 5.325909177076967, 53.073769147722821 ], [ 5.326373459864254, 53.073457735223336 ], [ 5.327410485465967, 53.073126090394418 ], [ 5.328356740341659, 53.07327468298142 ], [ 5.328420942466301, 53.073444765858959 ], [ 5.3289461669863, 53.07368883237956 ], [ 5.329525722415458, 53.073728765090635 ], [ 5.329964108974642, 53.07353367186019 ], [ 5.330846608459596, 53.073674356840151 ], [ 5.33224425698187, 53.074737033731154 ], [ 5.33225745851238, 53.075162644734597 ], [ 5.331361163233914, 53.077546708865839 ], [ 5.331694571958969, 53.078096095065042 ], [ 5.333186998697828, 53.079339506051774 ], [ 5.333271996514975, 53.079683571507154 ], [ 5.332508998332562, 53.080050746891295 ], [ 5.332717947243759, 53.08036129723606 ], [ 5.334220097250662, 53.07980585143536 ], [ 5.33431051972705, 53.079544264113345 ], [ 5.33222444986975, 53.077785688517658 ], [ 5.332090687300354, 53.077273468003433 ], [ 5.333015087699883, 53.075204071374245 ], [ 5.33445641532443, 53.07422699046051 ], [ 5.335285316033694, 53.074356793754767 ], [ 5.335388456034755, 53.075445763746565 ], [ 5.334158183378893, 53.078332994423413 ], [ 5.334389839821747, 53.078636227129302 ], [ 5.334687729983401, 53.078529707665083 ], [ 5.335268985478486, 53.07725791764264 ], [ 5.336437562732464, 53.077396795780317 ], [ 5.3367717912229, 53.077294857946498 ], [ 5.338326968471597, 53.075215360638346 ], [ 5.342516147506705, 53.075914166449586 ], [ 5.34600719186235, 53.076833581072833 ], [ 5.348495354738463, 53.077795861817037 ], [ 5.350922778950066, 53.079070998908087 ], [ 5.377764244051919, 53.094990935091673 ], [ 5.377750117284792, 53.095144911690269 ], [ 5.379589064727977, 53.096846876620866 ], [ 5.380563009432782, 53.098247536575144 ], [ 5.381050781138391, 53.099873800274494 ], [ 5.3813016707932, 53.100025052438603 ], [ 5.381216398558659, 53.101712455022785 ], [ 5.382285474253938, 53.104616464560621 ], [ 5.382098663131521, 53.105002278196601 ], [ 5.379238437625186, 53.106929928747135 ], [ 5.378851255314888, 53.107415303477161 ], [ 5.378858517617776, 53.107916250466076 ], [ 5.378342778213092, 53.108119891450798 ], [ 5.378327858864784, 53.10828725756857 ], [ 5.378990950187329, 53.108158506968515 ], [ 5.380750752869534, 53.108842626355703 ], [ 5.380608126663018, 53.109019412851978 ], [ 5.380695991146498, 53.109163707420244 ], [ 5.381050147821318, 53.10894738530471 ], [ 5.382685062649548, 53.10953347930981 ], [ 5.382505405983946, 53.109724702589624 ], [ 5.382612926665902, 53.109874833952873 ], [ 5.382988780170716, 53.109641467295091 ], [ 5.384979502164267, 53.110368362807733 ], [ 5.384814687835455, 53.110555309154009 ], [ 5.384914231512892, 53.110707702753558 ], [ 5.385304724262535, 53.110483519088902 ], [ 5.387254677272669, 53.111198859448862 ], [ 5.387113457353522, 53.111359503597775 ], [ 5.387179362144815, 53.11151699303489 ], [ 5.387592611597963, 53.111311819716818 ], [ 5.389506202654952, 53.112005203263166 ], [ 5.389346931204052, 53.112194589536188 ], [ 5.3894601506696, 53.112334948259168 ], [ 5.389828799154578, 53.112114889292911 ], [ 5.39175428340257, 53.112823412841706 ], [ 5.391631021324533, 53.112976979898782 ], [ 5.391716041225074, 53.113130570161609 ], [ 5.392069505959114, 53.112945107295758 ], [ 5.395521853388413, 53.114317634309465 ], [ 5.395898266167946, 53.114482289200446 ], [ 5.395222657677936, 53.11501267224056 ], [ 5.395254282531024, 53.115168039111786 ], [ 5.395464727936753, 53.115159566280482 ], [ 5.396160831202138, 53.114622336364377 ], [ 5.399264716018343, 53.116349905968121 ], [ 5.398451358229489, 53.116873573496278 ], [ 5.398503965269188, 53.117063721004392 ], [ 5.399524505878347, 53.116511766543127 ], [ 5.399953604444158, 53.116783279817582 ], [ 5.401199906834814, 53.117976350483268 ], [ 5.400336970850876, 53.118519191000189 ], [ 5.400327042777244, 53.118666910120155 ], [ 5.400544282908579, 53.118709512337666 ], [ 5.401388163630494, 53.118186359813798 ], [ 5.402694855566059, 53.119713579810792 ], [ 5.401748944398959, 53.120120382129329 ], [ 5.401721602078517, 53.120273262688102 ], [ 5.40191596011978, 53.120334161059979 ], [ 5.402869990881988, 53.119930058185169 ], [ 5.404259065148247, 53.121516776278419 ], [ 5.403223292818932, 53.121896404517827 ], [ 5.403158964926758, 53.12205810198693 ], [ 5.403348172538486, 53.122134923460827 ], [ 5.404388246594007, 53.121759567644922 ], [ 5.405565357599672, 53.12531620525202 ], [ 5.40489058593762, 53.125394538803114 ], [ 5.404833224977057, 53.125554338407916 ], [ 5.40564853044303, 53.125571531915242 ], [ 5.406523147378423, 53.127528998777088 ], [ 5.405782860821576, 53.127703484264217 ], [ 5.405733143330504, 53.127868715860757 ], [ 5.40667369277158, 53.127767564081431 ], [ 5.40743646855252, 53.129181328006467 ], [ 5.407641651821931, 53.129974038328172 ], [ 5.406978808871259, 53.130065216619236 ], [ 5.406897239499076, 53.130213878173826 ], [ 5.407074666862146, 53.130320419796632 ], [ 5.407718160656512, 53.13023917503407 ], [ 5.409562048696847, 53.137225870762798 ], [ 5.409258725391572, 53.137364368462322 ], [ 5.408807291658233, 53.137197743761277 ], [ 5.408749912708436, 53.13735039563651 ], [ 5.408954482305939, 53.137501127064851 ], [ 5.408119921094198, 53.138034347144504 ], [ 5.40834992201579, 53.138131154208999 ], [ 5.409621850672783, 53.137519972183149 ], [ 5.409927724040598, 53.139407727983581 ], [ 5.40895082454173, 53.139665311124553 ], [ 5.408829769904734, 53.139833394991811 ], [ 5.40903325837674, 53.139933268311623 ], [ 5.40998089153173, 53.139690198110621 ], [ 5.410238240110178, 53.141421866072193 ], [ 5.410438006579876, 53.142832849914896 ], [ 5.409898947241039, 53.142854420782008 ], [ 5.409765050758916, 53.142994366452065 ], [ 5.410482218783416, 53.143093928437096 ], [ 5.410665093262747, 53.145094106801906 ], [ 5.4099997156642, 53.145116937186302 ], [ 5.409895222684017, 53.145253914176948 ], [ 5.410688245510427, 53.145354746335087 ], [ 5.410852933268548, 53.147336567611148 ], [ 5.410204537566677, 53.147373586033588 ], [ 5.410104087620345, 53.147516493585528 ], [ 5.410883184702765, 53.147595573552238 ], [ 5.411145244078112, 53.149590920720385 ], [ 5.410547821520867, 53.149624185981061 ], [ 5.410443982233716, 53.149776075195987 ], [ 5.411190015595624, 53.149855316979469 ], [ 5.411460454560246, 53.151711186531223 ], [ 5.4108413612503, 53.151754715474965 ], [ 5.410740158725554, 53.151889340097256 ], [ 5.410874631645538, 53.152007699858345 ], [ 5.411503394324018, 53.151977170140619 ], [ 5.411818680496848, 53.153839245482978 ], [ 5.411175331399105, 53.153876140037291 ], [ 5.411072100190161, 53.154018419240053 ], [ 5.4118549594769, 53.154092835621022 ], [ 5.412192485550528, 53.155982283594646 ], [ 5.411451742050682, 53.156371083857032 ], [ 5.411668034057171, 53.156465071378065 ], [ 5.412259380845389, 53.156267278522485 ], [ 5.413186746987687, 53.15822066746307 ], [ 5.412579126045093, 53.158381085685534 ], [ 5.412515782760585, 53.158537168208383 ], [ 5.413303426902086, 53.158462601578123 ], [ 5.414274419700218, 53.160377206916337 ], [ 5.41367027390424, 53.160492291504227 ], [ 5.41359154469534, 53.160675318725715 ], [ 5.414400527601368, 53.160627921306002 ], [ 5.415027742175527, 53.161751588065329 ], [ 5.415294520549411, 53.162667485114824 ], [ 5.414581911592959, 53.162765244025358 ], [ 5.414485865939525, 53.1629007275112 ], [ 5.414634248676763, 53.163016519814541 ], [ 5.41535749896409, 53.162930066713308 ], [ 5.415701935897009, 53.16458929337967 ], [ 5.415422534889266, 53.165986905557965 ], [ 5.415088957723231, 53.16638164530837 ], [ 5.415151456087441, 53.167484762149442 ], [ 5.414758689229138, 53.169075171394944 ], [ 5.412268499630704, 53.16938230639758 ], [ 5.411172000368968, 53.169699755055206 ], [ 5.410053213230459, 53.170334636194944 ], [ 5.407570592680417, 53.172597614596633 ], [ 5.405456315389968, 53.17285839426939 ], [ 5.404386561125352, 53.173256075681586 ], [ 5.403583311017693, 53.173991622270449 ], [ 5.402620230381098, 53.175988473697103 ], [ 5.402846262894245, 53.176137480915017 ], [ 5.403130587253804, 53.1760429512846 ], [ 5.404170127077036, 53.174097091771536 ], [ 5.405054830785373, 53.173450198888574 ], [ 5.405930219568677, 53.173213749107582 ], [ 5.406967006132009, 53.173172872823727 ], [ 5.407335358806684, 53.173226583664437 ], [ 5.407385132942763, 53.173602435220694 ], [ 5.407761984756716, 53.173627722768863 ], [ 5.408155625250012, 53.172789549374798 ], [ 5.411123842752164, 53.170231162716817 ], [ 5.412282099165646, 53.169823505976225 ], [ 5.414976508495043, 53.169505943133899 ], [ 5.41432106296158, 53.170501928523947 ], [ 5.413268204891561, 53.170873778569138 ], [ 5.413187418961455, 53.170709880121819 ], [ 5.413682964256661, 53.170237498737578 ], [ 5.413365234262888, 53.170076272606615 ], [ 5.410364059762856, 53.172780395774815 ], [ 5.409286420218593, 53.174562395064008 ], [ 5.409461549153002, 53.174862097704157 ], [ 5.409846714978893, 53.174900505867157 ], [ 5.411072850997896, 53.173635904766954 ], [ 5.410915560742326, 53.175296836456788 ], [ 5.411271712071627, 53.175417901968927 ], [ 5.410953859622182, 53.175519209105815 ], [ 5.410873624448058, 53.175734275957581 ], [ 5.411385259430298, 53.176233252775468 ], [ 5.412359583443881, 53.176570518941183 ], [ 5.412591912045501, 53.176804632461341 ], [ 5.413216857870442, 53.17685829715689 ], [ 5.413246587218255, 53.177066400811462 ], [ 5.41439293480119, 53.177311573879479 ], [ 5.414425378366889, 53.17746102063375 ], [ 5.414896478139938, 53.177623632159182 ], [ 5.415453450779621, 53.177547610027155 ], [ 5.419291654257428, 53.178742536638403 ], [ 5.419372735335623, 53.178920878629555 ], [ 5.419071648481973, 53.179164238873817 ], [ 5.418476194582644, 53.179118617605432 ], [ 5.415044454422639, 53.178548280763096 ], [ 5.414545832914775, 53.179686059435312 ], [ 5.418212518955318, 53.180389473934682 ], [ 5.419582498481795, 53.182290750073605 ], [ 5.41959741953486, 53.182572076860914 ], [ 5.425921732404529, 53.183806657668335 ], [ 5.425914922259138, 53.184239926651031 ], [ 5.429597445221472, 53.185703523056013 ], [ 5.431409132688326, 53.186846285794111 ], [ 5.431264946871116, 53.187093965175045 ], [ 5.432845520264766, 53.188121131138779 ], [ 5.433173217929353, 53.188002924590066 ], [ 5.435311403987506, 53.189433852705626 ], [ 5.435666373050984, 53.189528175360913 ], [ 5.43809314013752, 53.193422611875199 ], [ 5.438561802252271, 53.193380027175742 ], [ 5.438831090021004, 53.193787246641207 ], [ 5.435541126312994, 53.195152228732958 ], [ 5.432522999110522, 53.192545990926561 ], [ 5.434883563057673, 53.191560065389943 ], [ 5.434378626160841, 53.19060436274642 ], [ 5.433099722247228, 53.189665597771643 ], [ 5.431397844407975, 53.189810987651875 ], [ 5.431067312018891, 53.189606649899204 ], [ 5.430474441024561, 53.188794388348121 ], [ 5.429779953188026, 53.188868491058528 ], [ 5.430077108041305, 53.188616201077657 ], [ 5.429484245157733, 53.187011579819696 ], [ 5.428080669454765, 53.187137035823497 ], [ 5.42823610957915, 53.186992648761034 ], [ 5.42786490564561, 53.185948601916373 ], [ 5.425203711167736, 53.184887418721949 ], [ 5.425012876585959, 53.18501348969788 ], [ 5.423821286622999, 53.184959011832071 ], [ 5.422008378302406, 53.184039169802354 ], [ 5.415061092951811, 53.182623698089508 ], [ 5.413879510341475, 53.182193153445482 ], [ 5.413349735172129, 53.181773620278868 ], [ 5.412966239364356, 53.181204911851587 ], [ 5.412448651799195, 53.178544602799242 ], [ 5.412210904076951, 53.178173664800369 ], [ 5.408892563661743, 53.17548580543999 ], [ 5.407974426148947, 53.17523522483333 ], [ 5.405923650964453, 53.175076859800249 ], [ 5.405719846497551, 53.17529964763763 ], [ 5.405832564828382, 53.175541742172697 ], [ 5.407195837760628, 53.175728412821677 ], [ 5.406520894078886, 53.176097193778794 ], [ 5.405098585975995, 53.176510020783937 ], [ 5.405173889763152, 53.17674009600173 ], [ 5.405511063894595, 53.176767223739965 ], [ 5.407221504843805, 53.17626234233321 ], [ 5.407891677119752, 53.175802010756108 ], [ 5.408391517911932, 53.175967325467099 ], [ 5.411020363812317, 53.17812769603875 ], [ 5.41189797928931, 53.181649794259947 ], [ 5.412559416205195, 53.182431713310436 ], [ 5.413611931850154, 53.183087235956783 ], [ 5.421258545856052, 53.184812929351096 ], [ 5.42193099104764, 53.185108337242902 ], [ 5.424018433474575, 53.188371947618684 ], [ 5.426972746595522, 53.1939776369559 ], [ 5.429155583217341, 53.197560403741704 ], [ 5.430376839669715, 53.199304893292705 ], [ 5.432671653677293, 53.202093750845933 ], [ 5.436209787136167, 53.207911126573627 ], [ 5.437567088408296, 53.209596228196133 ], [ 5.436843715129239, 53.210173063079289 ], [ 5.436945609720324, 53.210867287377702 ], [ 5.437199154579527, 53.21081148491524 ], [ 5.43721263771358, 53.210235374323112 ], [ 5.437880646897492, 53.209866046687246 ], [ 5.43747937186169, 53.210203865947001 ], [ 5.437491360436554, 53.210356051862334 ], [ 5.438158656424867, 53.21014862270362 ], [ 5.439119811135414, 53.211151617056842 ], [ 5.439162013497926, 53.211360072236602 ], [ 5.439328452894631, 53.211365431687121 ], [ 5.440273878206102, 53.212381355398968 ], [ 5.44298530423702, 53.214761162805537 ], [ 5.441896204688962, 53.215086131095759 ], [ 5.441867983105908, 53.21529074482909 ], [ 5.443179675615275, 53.214978757354629 ], [ 5.443529132681556, 53.215426847413575 ], [ 5.444250719549493, 53.216501270674485 ], [ 5.443512125515782, 53.216946429156586 ], [ 5.443498144004135, 53.217278721909842 ], [ 5.443715378713305, 53.217308968222937 ], [ 5.443854506489179, 53.21700575159123 ], [ 5.444414308138405, 53.21671752203725 ], [ 5.445780440697843, 53.217998755023558 ], [ 5.445236526810251, 53.218293675009619 ], [ 5.445263405241614, 53.218482791744258 ], [ 5.445998798735582, 53.218191416785011 ], [ 5.447450703674075, 53.219446282954664 ], [ 5.446975188609145, 53.219736032277382 ], [ 5.446960793905331, 53.219947285801247 ], [ 5.447681802445142, 53.21963792532965 ], [ 5.449852818132015, 53.221083968312136 ], [ 5.449216900691422, 53.221602490285299 ], [ 5.44925435738342, 53.221810813533367 ], [ 5.450112554436955, 53.221247138350861 ], [ 5.452426372880182, 53.222660591866351 ], [ 5.452007907822289, 53.223058309805836 ], [ 5.452055388367007, 53.223393985033624 ], [ 5.452695489317009, 53.22281193043419 ], [ 5.456705982148405, 53.22455854064323 ], [ 5.456137929064329, 53.225095703152121 ], [ 5.45618059585115, 53.225301573954937 ], [ 5.456377871547277, 53.225289865135032 ], [ 5.456999419492083, 53.224683284905126 ], [ 5.460025836492248, 53.225962755303073 ], [ 5.459566050680537, 53.22663936906843 ], [ 5.459802503355488, 53.227120136038195 ], [ 5.460013151471815, 53.227068377288589 ], [ 5.459892841765048, 53.226602948389889 ], [ 5.460288576889636, 53.226061615023077 ], [ 5.462135684501842, 53.22677526711027 ], [ 5.463021233259842, 53.227391220192551 ], [ 5.462557101371815, 53.228210742694806 ], [ 5.462647917877557, 53.228519382802943 ], [ 5.462860194880759, 53.228474109410264 ], [ 5.463322701512999, 53.227558742226435 ], [ 5.464496185696084, 53.228360244712704 ], [ 5.463859936402597, 53.228685002928415 ], [ 5.463845852360808, 53.228897738920075 ], [ 5.464043479374165, 53.228932645038391 ], [ 5.46477911588214, 53.22855348275418 ], [ 5.465833938163085, 53.229273905407304 ], [ 5.465183470393828, 53.229753366337569 ], [ 5.465158559089129, 53.230124033639427 ], [ 5.465409577794713, 53.230084753288402 ], [ 5.46609533999945, 53.229451638179462 ], [ 5.467699715521509, 53.230538194014997 ], [ 5.466840988606704, 53.231011101530207 ], [ 5.466837998280486, 53.231173696437189 ], [ 5.467034855720612, 53.231225401623796 ], [ 5.467970564725396, 53.230726423733657 ], [ 5.469571798553092, 53.231831198780633 ], [ 5.468864160744389, 53.23220071643599 ], [ 5.468839498170233, 53.232404048983717 ], [ 5.469044456128445, 53.232433176650474 ], [ 5.469836970151874, 53.232022300766182 ], [ 5.470971670972511, 53.232763604213247 ], [ 5.471326523913955, 53.23319998643111 ], [ 5.470607425396689, 53.233496753866028 ], [ 5.470563569666346, 53.233691595309764 ], [ 5.470749740680943, 53.233744505796189 ], [ 5.471490160806423, 53.233433489282902 ], [ 5.471909684416159, 53.233913511354743 ], [ 5.471499084054504, 53.234194767452124 ], [ 5.471529483156599, 53.234405370031631 ], [ 5.47172121147978, 53.234431643747804 ], [ 5.472105116749511, 53.234137686483272 ], [ 5.472677245729953, 53.23461493924566 ], [ 5.472233002101924, 53.23501842848389 ], [ 5.472242679705728, 53.235204381998564 ], [ 5.472511499527417, 53.235202885964547 ], [ 5.472975671092031, 53.234776979387227 ], [ 5.473818151645643, 53.235042926367477 ], [ 5.475281800981535, 53.235712604910965 ], [ 5.474669926936811, 53.236101725990679 ], [ 5.47474802716551, 53.236316723055502 ], [ 5.47559937295147, 53.23585968055098 ], [ 5.478494884142925, 53.237177878461537 ], [ 5.477880969418109, 53.237651575931778 ], [ 5.477953012817361, 53.237846820667976 ], [ 5.478841676838775, 53.237316163434912 ], [ 5.480068083229298, 53.238006332366069 ], [ 5.480950899785937, 53.238868872302291 ], [ 5.480112739674952, 53.239331744593684 ], [ 5.480068983128133, 53.239498372156724 ], [ 5.480260689468159, 53.239567398521544 ], [ 5.481100483817932, 53.239112172186736 ], [ 5.481496658513236, 53.239769377028708 ], [ 5.480807475725344, 53.24016946553634 ], [ 5.480715106888592, 53.240368935402117 ], [ 5.48094438484866, 53.240435449346059 ], [ 5.48163798467324, 53.240025174107366 ], [ 5.482478060875824, 53.240565032978672 ], [ 5.481961595510347, 53.241031993942727 ], [ 5.482009605540984, 53.241224653205627 ], [ 5.482786148692041, 53.24069783949242 ], [ 5.48419902257042, 53.241241738182815 ], [ 5.484039536690164, 53.241818296000751 ], [ 5.484204252107839, 53.241957107102685 ], [ 5.4845316411183, 53.241304958829978 ], [ 5.48610465684402, 53.241495926594226 ], [ 5.485889094955128, 53.242259040475865 ], [ 5.486049233997655, 53.242411720011397 ], [ 5.48622168486635, 53.242313544367022 ], [ 5.486411038166485, 53.241543778724768 ], [ 5.489626238814673, 53.242118112582489 ], [ 5.488652749642045, 53.243054842499291 ], [ 5.488670683206129, 53.243223707335822 ], [ 5.488909804315446, 53.243212295579838 ], [ 5.489917832944447, 53.242261860725549 ], [ 5.492389780736024, 53.243397036356832 ], [ 5.491719807272461, 53.24400685201298 ], [ 5.491754534341669, 53.244213001449523 ], [ 5.491995270947455, 53.244189723613886 ], [ 5.492685061173236, 53.243541085144024 ], [ 5.493457756248886, 53.244239431701438 ], [ 5.494317161546194, 53.244579082911805 ], [ 5.493877754982612, 53.244990798937522 ], [ 5.493932427496043, 53.245162113231082 ], [ 5.49414052092663, 53.245159408147671 ], [ 5.4946299344794, 53.244708713393841 ], [ 5.496727141627891, 53.245547893563945 ], [ 5.49611591148187, 53.246206728114629 ], [ 5.496153443615898, 53.246357892773212 ], [ 5.496369664457666, 53.246388786850304 ], [ 5.497041212643524, 53.245679460162719 ], [ 5.499597219052731, 53.246718409610395 ], [ 5.498949798841553, 53.247394485987627 ], [ 5.498913290055714, 53.247867247960407 ], [ 5.49911520680707, 53.247839127303166 ], [ 5.499211557489148, 53.247503961115569 ], [ 5.499901716155112, 53.246819321087045 ], [ 5.501137655834697, 53.247044123973019 ], [ 5.502073741221783, 53.247408889448742 ], [ 5.500931633426511, 53.248347040544964 ], [ 5.500885188367268, 53.248768897153077 ], [ 5.501099337345126, 53.248758556333918 ], [ 5.501183369818013, 53.248500963467997 ], [ 5.502360282090378, 53.247540932761446 ], [ 5.503275284358213, 53.248033755149244 ], [ 5.502917713565756, 53.248387613565392 ], [ 5.502949015828612, 53.248523646967406 ], [ 5.503145469655312, 53.24856719731725 ], [ 5.503540869884896, 53.248185255531915 ], [ 5.504307960873047, 53.248677970577617 ], [ 5.503274650560409, 53.249386287499227 ], [ 5.503187544875399, 53.24979063186467 ], [ 5.50338026049516, 53.249785095152639 ], [ 5.503534299087521, 53.249524341457374 ], [ 5.504510219509289, 53.248864477963316 ], [ 5.506646045523303, 53.249563871836713 ], [ 5.50610906523143, 53.250234605874418 ], [ 5.50622403383005, 53.250622175615526 ], [ 5.506433610212277, 53.250570990301497 ], [ 5.506400258563085, 53.25030041793525 ], [ 5.506930935742818, 53.249648923924795 ], [ 5.508395896767772, 53.250090619954968 ], [ 5.507697435359704, 53.250829119095336 ], [ 5.507798270101948, 53.251307511481244 ], [ 5.508013650047155, 53.251269639649358 ], [ 5.508000876515584, 53.25088623455818 ], [ 5.508671429295355, 53.250192887151044 ], [ 5.510212728482776, 53.250623344660646 ], [ 5.509794838390235, 53.25128017201363 ], [ 5.509908562154693, 53.251631187150551 ], [ 5.51012765974744, 53.251569668066701 ], [ 5.510122037977475, 53.251239007469906 ], [ 5.510497661659419, 53.250717134659538 ], [ 5.511877463031659, 53.251107205305175 ], [ 5.511149406210818, 53.251999895251906 ], [ 5.511197219594027, 53.252441068233736 ], [ 5.511433851591195, 53.252400979944248 ], [ 5.511448145028947, 53.252090317859768 ], [ 5.512175080059852, 53.25119360402666 ], [ 5.513539839362516, 53.251593559638835 ], [ 5.512973435339773, 53.252315254331684 ], [ 5.513000188288493, 53.252615091454651 ], [ 5.513179232238691, 53.25259091743029 ], [ 5.513813960442671, 53.251674379984095 ], [ 5.515142986194514, 53.252060893178545 ], [ 5.515262080767644, 53.252114711071187 ], [ 5.513639561923498, 53.253451434073135 ], [ 5.513577084314237, 53.25387666217344 ], [ 5.513808445458467, 53.253863750659569 ], [ 5.513890352551658, 53.253610554276491 ], [ 5.515489394887782, 53.252281345111015 ], [ 5.515788020434079, 53.253011960521796 ], [ 5.516136357945197, 53.253363409755295 ], [ 5.517469253929125, 53.253974154392232 ], [ 5.519327365250581, 53.254469510248398 ], [ 5.518671606000379, 53.255633144201973 ], [ 5.518770014368106, 53.255957744748748 ], [ 5.519372362574622, 53.256452569260851 ], [ 5.51955115093366, 53.256263789127985 ], [ 5.51897930731581, 53.255604169567619 ], [ 5.519604876231663, 53.254545064140387 ], [ 5.5237418281797, 53.255676162905345 ], [ 5.523009224698677, 53.257013233923736 ], [ 5.52321676538349, 53.257549127493299 ], [ 5.52357227606864, 53.257841979547656 ], [ 5.523767261782304, 53.25765595676657 ], [ 5.523394839606333, 53.257224322809797 ], [ 5.523347374636861, 53.256852121959007 ], [ 5.524032023205824, 53.25577650072605 ], [ 5.524328366764122, 53.255874496444655 ], [ 5.527172470791315, 53.257396276146302 ], [ 5.526653473251823, 53.25858028872829 ], [ 5.526769280910492, 53.259245513748283 ], [ 5.526995682284612, 53.259165751807963 ], [ 5.526985772484083, 53.258547086727177 ], [ 5.527444992731358, 53.257538999386725 ], [ 5.527621524745583, 53.257631448375207 ], [ 5.528014642368327, 53.258082115468724 ], [ 5.531503119184657, 53.260284820050316 ], [ 5.53015932862914, 53.261447262940123 ], [ 5.530175177197175, 53.261603201620517 ], [ 5.530355922638026, 53.261626720312528 ], [ 5.531711500242142, 53.260452797873114 ], [ 5.533680207154122, 53.261975855250611 ], [ 5.532497361097199, 53.262813424610371 ], [ 5.532505824510043, 53.262971395851658 ], [ 5.53267544989885, 53.263000944503332 ], [ 5.533893358548545, 53.262142442109443 ], [ 5.535720349190599, 53.263671449765994 ], [ 5.534930593275631, 53.264100583920246 ], [ 5.5349280682417, 53.264261190708041 ], [ 5.535095695910575, 53.264308016326929 ], [ 5.535932535420415, 53.263859235274857 ], [ 5.538518006329742, 53.266091472601332 ], [ 5.538419449672669, 53.26634333035301 ], [ 5.538656854481274, 53.266589525403468 ], [ 5.539299149107482, 53.266843241169035 ], [ 5.539398758890668, 53.267064249005593 ], [ 5.543893055215704, 53.269981256457385 ], [ 5.545660150754331, 53.271463892388958 ], [ 5.54560848396297, 53.271694726926697 ], [ 5.545986258471357, 53.272137002358065 ], [ 5.546231340542562, 53.27210165707006 ], [ 5.546182271599184, 53.271859854237988 ], [ 5.547057517444585, 53.272143060731416 ], [ 5.549621989398932, 53.27339599958524 ], [ 5.551715987701328, 53.27468750377809 ], [ 5.552400111670356, 53.27488222146625 ], [ 5.552798679426456, 53.274749090489777 ], [ 5.552681948277454, 53.275176453130832 ], [ 5.554514091184181, 53.276371616451264 ], [ 5.559948361786343, 53.283045358411186 ], [ 5.560861560246019, 53.284474465851908 ], [ 5.554710011970502, 53.286834206026626 ], [ 5.554641878254249, 53.287055974466057 ], [ 5.561048520184499, 53.284722345388161 ], [ 5.561592706047939, 53.285198790478027 ], [ 5.579264259641178, 53.296617312187038 ], [ 5.587077488883851, 53.300601426440487 ], [ 5.594549123128405, 53.302913292891873 ], [ 5.597583793952044, 53.304219841041359 ], [ 5.601124879829666, 53.304926182079996 ], [ 5.618130477402204, 53.310155198525436 ], [ 5.620365127483456, 53.31055650477218 ], [ 5.621128462472264, 53.310384721464807 ], [ 5.625586162464177, 53.310784801821448 ], [ 5.626460795574562, 53.311759643824267 ], [ 5.62829877535905, 53.312814039482227 ], [ 5.628729661354035, 53.312820109972186 ], [ 5.631661936269001, 53.313737363155759 ], [ 5.632493095681831, 53.314155097520178 ], [ 5.633046172176303, 53.314072094394554 ], [ 5.633031858935037, 53.314362167451115 ], [ 5.634373697355008, 53.314658571025134 ], [ 5.635156723570018, 53.315336279422596 ], [ 5.636442102760006, 53.31557050792911 ], [ 5.636911280442776, 53.316030864132948 ], [ 5.638427246010496, 53.316267855252406 ], [ 5.638464309648558, 53.316839238678099 ], [ 5.639253612403082, 53.317321973257108 ], [ 5.63958246235994, 53.317221869784305 ], [ 5.640235106227024, 53.317823605332904 ], [ 5.641267896072985, 53.317796028642526 ], [ 5.641256489339391, 53.317980772347092 ], [ 5.641525312260691, 53.318105454549759 ], [ 5.643020819770244, 53.318434363718168 ], [ 5.643059215099641, 53.318919818264781 ], [ 5.643405270423891, 53.319128797982977 ], [ 5.644447069305673, 53.319109724496812 ], [ 5.644869468695143, 53.319560624409398 ], [ 5.646795151615427, 53.319872348065466 ], [ 5.647146215615162, 53.320216503099644 ], [ 5.649697041870371, 53.320870314625452 ], [ 5.649958051587811, 53.320822505006213 ], [ 5.650074875278176, 53.320976873553406 ], [ 5.652446992030209, 53.32157695213639 ], [ 5.654406335878911, 53.32187101735704 ], [ 5.65514197812477, 53.3217999227749 ], [ 5.6557074847369, 53.321954125101982 ], [ 5.656007958063191, 53.322485418633505 ], [ 5.660180577278717, 53.32353064574918 ], [ 5.661347207212098, 53.323115151642092 ], [ 5.661118135005109, 53.323751684516118 ], [ 5.663643399725224, 53.324408022019085 ], [ 5.664043082489472, 53.324136850231639 ], [ 5.664311897888445, 53.324567038677195 ], [ 5.664765098435886, 53.324693711540526 ], [ 5.665568100892107, 53.324471230212303 ], [ 5.666070366861226, 53.32472806602685 ], [ 5.666397117559786, 53.324763633481382 ], [ 5.666770643721086, 53.324552063862534 ], [ 5.667039904437747, 53.324768498788067 ], [ 5.668379743673544, 53.325007147692077 ], [ 5.668934345696745, 53.325004073682933 ], [ 5.669175329754705, 53.324844084035185 ], [ 5.669905683289824, 53.324965336009889 ], [ 5.670129442521711, 53.325298795847914 ], [ 5.671344994673182, 53.325418997918611 ], [ 5.672041992104459, 53.325929969092591 ], [ 5.67387653168648, 53.326099171112119 ], [ 5.674611473590316, 53.326486835427282 ], [ 5.674913366588713, 53.32644291932219 ], [ 5.675184503667275, 53.326773655497732 ], [ 5.676100916612205, 53.326775097608163 ], [ 5.676204184922782, 53.327173791084505 ], [ 5.67664763060018, 53.327026632606994 ], [ 5.677823273973373, 53.327435984214695 ], [ 5.678500607966031, 53.327431238961537 ], [ 5.679138542253256, 53.327629690474048 ], [ 5.679360655049465, 53.327930424269283 ], [ 5.68008453741055, 53.328002483248639 ], [ 5.680324510087679, 53.328206444194059 ], [ 5.681524132241433, 53.328312630050384 ], [ 5.682206272009748, 53.328161986299719 ], [ 5.682651976608557, 53.328309360429202 ], [ 5.683730720281856, 53.327969279789059 ], [ 5.683251728303019, 53.32863663966296 ], [ 5.683290314706214, 53.328775007901378 ], [ 5.685681288428153, 53.328793733404069 ], [ 5.686250242800645, 53.329314193297137 ], [ 5.68714419316668, 53.329469427306066 ], [ 5.687511927783207, 53.32931165782157 ], [ 5.687530815448189, 53.329620373329831 ], [ 5.688029561068629, 53.329592516427489 ], [ 5.688534270585955, 53.330077021555766 ], [ 5.688627200535215, 53.330560337536753 ], [ 5.689629697096209, 53.330488996240497 ], [ 5.690659749473007, 53.330769311378745 ], [ 5.691061082793464, 53.330994083804107 ], [ 5.691033111199491, 53.331272699518848 ], [ 5.691479191221486, 53.331114164553895 ], [ 5.692215705972329, 53.33118561241313 ], [ 5.692300431086549, 53.331660555990666 ], [ 5.692615769620666, 53.331791602076116 ], [ 5.693005430580115, 53.331728024070038 ], [ 5.693527699962368, 53.331922288443032 ], [ 5.694117267505553, 53.331665272682052 ], [ 5.694497529819712, 53.331921473937797 ], [ 5.695145249117762, 53.331962345016692 ], [ 5.69590506307148, 53.332462605541899 ], [ 5.69800013019831, 53.332632715320159 ], [ 5.698194884894385, 53.332862723668455 ], [ 5.699033708378223, 53.33285874207688 ], [ 5.699441083710991, 53.333135939914705 ], [ 5.699434287134336, 53.33338504647984 ], [ 5.699841844074265, 53.333281977176782 ], [ 5.700832006401244, 53.333652921553025 ], [ 5.701928967001112, 53.333705200962541 ], [ 5.7035249050783, 53.334412469694051 ], [ 5.704352221399033, 53.334361880308869 ], [ 5.705915079942403, 53.334659244494354 ], [ 5.706555990320243, 53.334916996737221 ], [ 5.706822882438837, 53.335214535643672 ], [ 5.707590284456645, 53.335239275503248 ], [ 5.707495737297956, 53.335654227485733 ], [ 5.709061580213664, 53.335670774624091 ], [ 5.709076330285943, 53.336321360699969 ], [ 5.709626999027788, 53.336609502259861 ], [ 5.710280503158323, 53.336234139122126 ], [ 5.710570988441865, 53.336699446500589 ], [ 5.711268115919484, 53.33682494071094 ], [ 5.711334818277852, 53.337012978920846 ], [ 5.711780399851357, 53.337255048632493 ], [ 5.712840671080696, 53.337139496165051 ], [ 5.713014699421342, 53.337396766568169 ], [ 5.714402671136013, 53.338078754347841 ], [ 5.715063572851695, 53.338235490394119 ], [ 5.715889547776983, 53.338110166017245 ], [ 5.716666436264546, 53.338607470700886 ], [ 5.717142767232369, 53.338580466201208 ], [ 5.717177267535586, 53.338958742140704 ], [ 5.717971343468836, 53.339180041263141 ], [ 5.717331316878527, 53.339884228778701 ], [ 5.717570883688897, 53.340090683840963 ], [ 5.719067210574175, 53.339775679867152 ], [ 5.719085162083877, 53.340000807789089 ], [ 5.719988881079233, 53.339869716234709 ], [ 5.721562748053027, 53.339962339329396 ], [ 5.720168900950486, 53.340733125374243 ], [ 5.720136963735671, 53.340953003573546 ], [ 5.720362163331288, 53.341089469187672 ], [ 5.720737345584251, 53.341119173285492 ], [ 5.721496291105379, 53.340769113316874 ], [ 5.721764864509654, 53.341180555454031 ], [ 5.72281618377917, 53.341430531838029 ], [ 5.723220909135253, 53.341230120269415 ], [ 5.723200649902719, 53.340997953683392 ], [ 5.72442015273363, 53.341044695974716 ], [ 5.724544514349478, 53.341499950324284 ], [ 5.724331584662157, 53.341888594030536 ], [ 5.725129387075985, 53.342205014229975 ], [ 5.725320105955296, 53.342728337454567 ], [ 5.725792011553065, 53.342896047151498 ], [ 5.726471344694802, 53.342949275082582 ], [ 5.727896534310945, 53.342336611697199 ], [ 5.727782577797734, 53.342811209189996 ], [ 5.727948834822545, 53.343121455846145 ], [ 5.728260856598941, 53.343209382648347 ], [ 5.728107475607384, 53.343397618509734 ], [ 5.728181051331358, 53.343524042944729 ], [ 5.728699297887832, 53.343473252426477 ], [ 5.729082940857709, 53.343620424189311 ], [ 5.729310498662235, 53.343397447284133 ], [ 5.729744406745454, 53.343443129216212 ], [ 5.731320752154491, 53.342913538646236 ], [ 5.731884651135463, 53.343089998757158 ], [ 5.732131447462533, 53.343533639452545 ], [ 5.732607461349819, 53.343622847687513 ], [ 5.733184129406061, 53.343492868728958 ], [ 5.733142113045581, 53.343292801337689 ], [ 5.732583667583825, 53.343038066988214 ], [ 5.73291432550541, 53.342811808211344 ], [ 5.733014230707746, 53.342503225051125 ], [ 5.734582140013216, 53.342169520012284 ], [ 5.734538989461432, 53.342529082263809 ], [ 5.733657297519908, 53.343338609824663 ], [ 5.733672430802841, 53.343668332788745 ], [ 5.734950411353092, 53.344079784840311 ], [ 5.734053231231171, 53.345333121696918 ], [ 5.734917726371277, 53.345534101676549 ], [ 5.735380163485182, 53.345398801944341 ], [ 5.73569127258996, 53.345801070548916 ], [ 5.736647342833578, 53.345375229228146 ], [ 5.736945674031023, 53.345509837940611 ], [ 5.737244918065834, 53.346167173666664 ], [ 5.737767253809644, 53.346044804785059 ], [ 5.738175526251651, 53.346165052159222 ], [ 5.738075778167104, 53.346545241062131 ], [ 5.738220154525597, 53.346826663898682 ], [ 5.738408739148177, 53.346807790898609 ], [ 5.738725494483266, 53.346384879650977 ], [ 5.738983648482407, 53.346427837114945 ], [ 5.739014414737071, 53.346872031137778 ], [ 5.738482067009011, 53.347017497270571 ], [ 5.738503999782925, 53.347197713518355 ], [ 5.740255247125062, 53.347755187070014 ], [ 5.740831859537574, 53.347157051172793 ], [ 5.742070722547473, 53.346793906938665 ], [ 5.742517757276567, 53.347378162625205 ], [ 5.742393093351036, 53.347789496633112 ], [ 5.742497915914858, 53.348021483088338 ], [ 5.743641282734874, 53.347578738198123 ], [ 5.743215657829485, 53.348081025886195 ], [ 5.743534963592031, 53.348829312602632 ], [ 5.744162533239575, 53.34901712818246 ], [ 5.744639002127697, 53.348538877189313 ], [ 5.744811080357149, 53.348914481743712 ], [ 5.745278470802923, 53.348993862207017 ], [ 5.745181722504145, 53.349262878011587 ], [ 5.745885936761712, 53.349427287031219 ], [ 5.746917299067931, 53.349232007919127 ], [ 5.747981359464568, 53.348480442323847 ], [ 5.74875862347818, 53.348334871514027 ], [ 5.749011919460218, 53.348477023139004 ], [ 5.749264923386295, 53.348965353260205 ], [ 5.748683158422065, 53.349605553443276 ], [ 5.747428149534512, 53.349713989855658 ], [ 5.747024193152281, 53.349910099860303 ], [ 5.749340585244648, 53.350719089690479 ], [ 5.749567151378601, 53.350572410111859 ], [ 5.749264795572101, 53.350143666219445 ], [ 5.749633429815071, 53.349494572625602 ], [ 5.750276121891436, 53.349443869807594 ], [ 5.751205559280518, 53.348955201978747 ], [ 5.752984113044265, 53.348871870055277 ], [ 5.750934488314319, 53.351129817505011 ], [ 5.752039897922765, 53.351597337490617 ], [ 5.752256919866404, 53.35131217236961 ], [ 5.751987526470189, 53.350832772279588 ], [ 5.752441592743731, 53.350614959681856 ], [ 5.753295615248714, 53.349747339539384 ], [ 5.754043449735568, 53.349448211774074 ], [ 5.754438460537689, 53.34969795971675 ], [ 5.755467880416608, 53.34963835518829 ], [ 5.755803213516694, 53.349821451595638 ], [ 5.753771058433081, 53.352074143964323 ], [ 5.755149719849118, 53.352611319219832 ], [ 5.755357959688189, 53.352441207663105 ], [ 5.755071917635052, 53.352079783853625 ], [ 5.755582011318277, 53.352033265042394 ], [ 5.756025317756658, 53.351565492427994 ], [ 5.755784060872845, 53.351098435162434 ], [ 5.75695779107162, 53.350697131673719 ], [ 5.757333970661786, 53.350106512514017 ], [ 5.757975676904332, 53.350537315717361 ], [ 5.758348175581001, 53.350103560516096 ], [ 5.758833561628777, 53.350173014331482 ], [ 5.756382739792221, 53.352867932000315 ], [ 5.7564279733583, 53.353030991363916 ], [ 5.757410434353995, 53.352969924990234 ], [ 5.757659360402743, 53.352260147280234 ], [ 5.758509033808502, 53.351795214832322 ], [ 5.75921612908721, 53.35101499600168 ], [ 5.759943014011826, 53.35151897329753 ], [ 5.75951965833597, 53.351866834245932 ], [ 5.759983325110681, 53.352310265079417 ], [ 5.76371240407533, 53.350530657475922 ], [ 5.763400530573261, 53.351107019418819 ], [ 5.763556065482172, 53.35124295812691 ], [ 5.763468616965234, 53.351689965511845 ], [ 5.759848159669812, 53.353761132380541 ], [ 5.760059036335496, 53.353967536454462 ], [ 5.760781687398212, 53.354163811903739 ], [ 5.761004425451028, 53.354118784238189 ], [ 5.760984776642855, 53.353950733248276 ], [ 5.761333426104978, 53.353586268242623 ], [ 5.761634348147634, 53.353594336629293 ], [ 5.762428380470898, 53.352831324290811 ], [ 5.763033535398214, 53.352597915155187 ], [ 5.763324661029843, 53.352223352699717 ], [ 5.764582392347934, 53.351493474985865 ], [ 5.764879381008528, 53.351407376672839 ], [ 5.766931487646892, 53.351836623168012 ], [ 5.766683187763992, 53.352169733856108 ], [ 5.762481010557787, 53.354644279254877 ], [ 5.7625539559166, 53.354812237763142 ], [ 5.763526446719198, 53.355095370317756 ], [ 5.763674468754497, 53.354887583754021 ], [ 5.76359667646006, 53.354505895302729 ], [ 5.764084223592928, 53.354139144607117 ], [ 5.764856474917301, 53.353782338461812 ], [ 5.765853984449391, 53.35300773267641 ], [ 5.767675448433036, 53.352240550544074 ], [ 5.768571402230118, 53.352796270198176 ], [ 5.769588799047296, 53.353094810683714 ], [ 5.765493792377296, 53.355472427592382 ], [ 5.765496339622216, 53.355638927703993 ], [ 5.767082493488395, 53.356064640231516 ], [ 5.767132076831804, 53.355931009846778 ], [ 5.76680920608746, 53.355507192014144 ], [ 5.767261991613813, 53.354754918225211 ], [ 5.76837944174821, 53.354477293111728 ], [ 5.769632017851098, 53.353621730380425 ], [ 5.77213964773086, 53.354255504586064 ], [ 5.76848958199811, 53.356369361573144 ], [ 5.768546102955733, 53.356498294586302 ], [ 5.769870144333415, 53.356851764441281 ], [ 5.770039598559039, 53.356665793320168 ], [ 5.769758014958817, 53.356421151153491 ], [ 5.770066479701364, 53.355944085817377 ], [ 5.772284742519372, 53.354485057842155 ], [ 5.773222855859135, 53.354223638985609 ], [ 5.774103197825896, 53.354337422473066 ], [ 5.773897422497448, 53.354549737598688 ], [ 5.774119079725196, 53.354709842043256 ], [ 5.77525433183532, 53.354807136579353 ], [ 5.771456379859739, 53.356985173037728 ], [ 5.771439212248452, 53.35714571780219 ], [ 5.771944187839228, 53.357271930415422 ], [ 5.773465584856128, 53.35628329246331 ], [ 5.774511167192086, 53.356078318905965 ], [ 5.777038461878507, 53.355185568980787 ], [ 5.778046970191299, 53.35546142757206 ], [ 5.773859824517008, 53.357894478729804 ], [ 5.77391669301881, 53.35802382594342 ], [ 5.775291415502813, 53.358403150527039 ], [ 5.775490654633421, 53.358259540188087 ], [ 5.77522363921674, 53.357883349862774 ], [ 5.775305888043353, 53.357782536634737 ], [ 5.776322270441211, 53.357191801521481 ], [ 5.776532827975381, 53.356772086300325 ], [ 5.777505728711177, 53.356285625779044 ], [ 5.778094726504706, 53.355786522163811 ], [ 5.778603960277765, 53.355803449840948 ], [ 5.779244715560539, 53.356197139733148 ], [ 5.780178594212141, 53.356043271729014 ], [ 5.781752937323184, 53.356145660419728 ], [ 5.781811797536795, 53.356373269373336 ], [ 5.782897797961327, 53.356531545575677 ], [ 5.782557417708295, 53.357120715178347 ], [ 5.783114880506826, 53.357343686428258 ], [ 5.782960902676806, 53.357459713134354 ], [ 5.782941321569508, 53.357841736639138 ], [ 5.781572997664981, 53.358680679157096 ], [ 5.781544896907062, 53.358864124473754 ], [ 5.781708144315627, 53.35898435706207 ], [ 5.782960948819044, 53.358459470697838 ], [ 5.78445169795128, 53.358378906724347 ], [ 5.78485188942348, 53.358143614808263 ], [ 5.786457090267916, 53.358508966987543 ], [ 5.785186691389582, 53.359241975825555 ], [ 5.785285463525275, 53.359454549737201 ], [ 5.786044839068906, 53.359264278310391 ], [ 5.787082874315765, 53.358622564142848 ], [ 5.787274284805623, 53.358916834877405 ], [ 5.787691586485999, 53.359122812005793 ], [ 5.787012560521111, 53.359558434397954 ], [ 5.787043973478792, 53.35982613356061 ], [ 5.786199281152742, 53.360328687541312 ], [ 5.786292911121161, 53.360598220152241 ], [ 5.787313764068929, 53.360249988698015 ], [ 5.787866071637962, 53.360254617790112 ], [ 5.788477281829492, 53.359892743777479 ], [ 5.789419759493637, 53.359945207150332 ], [ 5.789946601548472, 53.359650510904146 ], [ 5.790905617310695, 53.359500505397222 ], [ 5.791221341055648, 53.35961083798086 ], [ 5.791119177073511, 53.359825781007402 ], [ 5.791245165950373, 53.360044254834079 ], [ 5.790969653030741, 53.360244034759674 ], [ 5.791101840119371, 53.360403804089628 ], [ 5.791872502450154, 53.360159058159503 ], [ 5.792649638215879, 53.360129173963642 ], [ 5.793043216236906, 53.360198275203636 ], [ 5.792768452713744, 53.360605522674476 ], [ 5.792891527402508, 53.360867096606349 ], [ 5.793392707739071, 53.360456761274882 ], [ 5.793920432289613, 53.360669692626175 ], [ 5.793576103425378, 53.361223096664915 ], [ 5.791614727867075, 53.362329772036759 ], [ 5.79164046798297, 53.362506321565242 ], [ 5.793078306956001, 53.362822256044218 ], [ 5.793138940051214, 53.362661641492132 ], [ 5.79268308895178, 53.362431966989114 ], [ 5.792525386601004, 53.362155838583583 ], [ 5.79274421113122, 53.362143531587996 ], [ 5.792912669511659, 53.362331054020906 ], [ 5.793410019445175, 53.362262977281404 ], [ 5.793510322907743, 53.362727892545749 ], [ 5.794400902188431, 53.362585513442731 ], [ 5.794411977687711, 53.36282845920141 ], [ 5.794813753605754, 53.362913298878247 ], [ 5.794901895160302, 53.363187052041972 ], [ 5.796234732931079, 53.362448254782791 ], [ 5.79628359082058, 53.362770288193673 ], [ 5.796587011025666, 53.362639080804591 ], [ 5.796320063411985, 53.363262146563216 ], [ 5.796121130840233, 53.363376477224797 ], [ 5.796177828357528, 53.363514802262507 ], [ 5.798645814965371, 53.36404531887559 ], [ 5.798747944025643, 53.363713883601406 ], [ 5.799188531364976, 53.363860426041668 ], [ 5.798873823586351, 53.363938501614179 ], [ 5.79887130987735, 53.364093748702672 ], [ 5.799384034723994, 53.364211699975947 ], [ 5.800494455505151, 53.363983916975513 ], [ 5.80021547038887, 53.364254014801887 ], [ 5.800299304291383, 53.364396140708571 ], [ 5.801102469444761, 53.364005501784902 ], [ 5.800961459575272, 53.364288681387052 ], [ 5.801313258073328, 53.364358972905251 ], [ 5.801388679088515, 53.36476495903382 ], [ 5.813450651825809, 53.367335565195219 ], [ 5.818285297292476, 53.369637841372452 ], [ 5.821585416644738, 53.367752588749546 ], [ 5.822142767801231, 53.367693882522246 ], [ 5.822866106831973, 53.368278623099904 ], [ 5.823862065189885, 53.368470740413422 ], [ 5.821300521003506, 53.369931274418668 ], [ 5.819403778992672, 53.369857898101827 ], [ 5.819203409835566, 53.370079280406294 ], [ 5.822270796362175, 53.371541931342662 ], [ 5.822755253842088, 53.370842479054602 ], [ 5.823283479524469, 53.370417364157021 ], [ 5.824140352869284, 53.370493609222081 ], [ 5.82442811655618, 53.370712452131798 ], [ 5.825237439019316, 53.370054534534042 ], [ 5.824966634680949, 53.370733233392521 ], [ 5.824261221489813, 53.370891005266351 ], [ 5.824270237127008, 53.371211728372892 ], [ 5.824109193769224, 53.371342002101962 ], [ 5.823567438549784, 53.371544144551571 ], [ 5.822562230687383, 53.37160767415422 ], [ 5.823681398589106, 53.372234488538425 ], [ 5.824712299015453, 53.372584336363175 ], [ 5.824873783696624, 53.37166572960102 ], [ 5.826094384992826, 53.371098124899191 ], [ 5.827022522881243, 53.371005620331047 ], [ 5.827652926109326, 53.371229390327471 ], [ 5.82818065858071, 53.371030553671659 ], [ 5.829423467481743, 53.371192326333528 ], [ 5.830786833881457, 53.371037451110567 ], [ 5.830991528333895, 53.371434801294306 ], [ 5.831534467804248, 53.371616990674447 ], [ 5.830994324021236, 53.372244252945151 ], [ 5.830219850497191, 53.37254172893013 ], [ 5.829953802635968, 53.373196685566 ], [ 5.831375116550535, 53.372828735775286 ], [ 5.833075179405121, 53.372929810345518 ], [ 5.832340956888833, 53.373730569396024 ], [ 5.831421027598783, 53.374425853512776 ], [ 5.83166710738172, 53.374699833577623 ], [ 5.832104131390308, 53.374606601603915 ], [ 5.83238958256271, 53.374734172543128 ], [ 5.83278722501324, 53.374576230532725 ], [ 5.832471402684684, 53.374178219026902 ], [ 5.834199969760398, 53.373252816401795 ], [ 5.834260817545737, 53.373817567620115 ], [ 5.833830709816143, 53.374024351830066 ], [ 5.833342585873535, 53.374693530763224 ], [ 5.833442611235448, 53.374854448011085 ], [ 5.83443866399657, 53.374978548227482 ], [ 5.834531065213085, 53.375249031191046 ], [ 5.834299752819209, 53.375430966895919 ], [ 5.83446057995964, 53.375607049170902 ], [ 5.834755756478697, 53.375622245871327 ], [ 5.835348046078064, 53.375099523788322 ], [ 5.835552086542394, 53.375311190710114 ], [ 5.836052495599005, 53.374922926103508 ], [ 5.836238152275726, 53.374149082513291 ], [ 5.835040699717944, 53.374402428463696 ], [ 5.835229353680694, 53.374183868863938 ], [ 5.836799843043032, 53.373843151497042 ], [ 5.837151691211602, 53.373914564425178 ], [ 5.837681828876533, 53.373672803573548 ], [ 5.837974922798918, 53.373863492168311 ], [ 5.839346034957827, 53.373876161314719 ], [ 5.840119537201233, 53.37414686707379 ], [ 5.840209957420007, 53.374429433633082 ], [ 5.83975120004565, 53.374706100585371 ], [ 5.839802220650525, 53.374968808443583 ], [ 5.840648094365179, 53.375034660188881 ], [ 5.841854462003371, 53.374798415892137 ], [ 5.84130832543175, 53.375323137571186 ], [ 5.841534456996751, 53.375373984417685 ], [ 5.842255551824654, 53.375061191674284 ], [ 5.842645354985906, 53.375282794178865 ], [ 5.842340885515728, 53.37553211212937 ], [ 5.842553539324057, 53.37578502828957 ], [ 5.844400882340367, 53.375520778403605 ], [ 5.842326177551044, 53.377003869580726 ], [ 5.840617241975909, 53.377273837395933 ], [ 5.84026902546332, 53.377541951998026 ], [ 5.842591843175373, 53.378321718245729 ], [ 5.84260685806048, 53.37784543657606 ], [ 5.843147246203782, 53.377634375699543 ], [ 5.843236610904595, 53.377778285288336 ], [ 5.843018787840518, 53.378232698472686 ], [ 5.843708335005454, 53.378361793505441 ], [ 5.84396511236873, 53.378283009260542 ], [ 5.843913877569999, 53.378036934640612 ], [ 5.844164227469056, 53.377693737069812 ], [ 5.844538534298693, 53.377589422291379 ], [ 5.8448846811507, 53.377863802850712 ], [ 5.84660140746327, 53.376652400366417 ], [ 5.847132454204299, 53.376535380886452 ], [ 5.847521803649149, 53.376761589178471 ], [ 5.847427112493523, 53.37737590093716 ], [ 5.846366133396875, 53.378293986777805 ], [ 5.846646104070633, 53.378328763463841 ], [ 5.846936787000314, 53.378830769559258 ], [ 5.84720446413964, 53.378910607603672 ], [ 5.848082100588947, 53.378748084065954 ], [ 5.848436851396083, 53.378261480194674 ], [ 5.848710650651414, 53.378528988070713 ], [ 5.847569312559586, 53.37994082605173 ], [ 5.848777881181339, 53.380331352269636 ], [ 5.848789429260645, 53.380053062879604 ], [ 5.849124342443407, 53.379898098310399 ], [ 5.849149514365798, 53.379582214437633 ], [ 5.849806263467581, 53.379492459831809 ], [ 5.849535175200486, 53.380189873680202 ], [ 5.849759876748323, 53.38033251047468 ], [ 5.850578548882968, 53.380307696514606 ], [ 5.850258764181636, 53.380796478176023 ], [ 5.851360970946758, 53.381161078679654 ], [ 5.851481970738138, 53.381066793826172 ], [ 5.851382600071691, 53.380774633084947 ], [ 5.85223286205041, 53.380265270408593 ], [ 5.852115066683043, 53.379951429221698 ], [ 5.851731765737155, 53.379655376009808 ], [ 5.851699622734933, 53.379333060044885 ], [ 5.851998811466917, 53.378944459736793 ], [ 5.851884199413545, 53.378580915128204 ], [ 5.852012845530013, 53.378511975050813 ], [ 5.852135931545219, 53.378734435575907 ], [ 5.852609304458288, 53.378575274056566 ], [ 5.85328048995769, 53.378723423610467 ], [ 5.854112065185545, 53.37850613609293 ], [ 5.855267105766981, 53.378846428877182 ], [ 5.854582458222282, 53.379353507305872 ], [ 5.854165980148133, 53.379414574456121 ], [ 5.853355468749018, 53.379940164687035 ], [ 5.853232330894044, 53.380312004228735 ], [ 5.853458598901114, 53.381033922652314 ], [ 5.853805543794425, 53.380920738591215 ], [ 5.854395388960786, 53.380185069539877 ], [ 5.854918120834927, 53.379971653461084 ], [ 5.855440842647352, 53.379105825785643 ], [ 5.855410677788406, 53.379401183921182 ], [ 5.854837166142194, 53.380112744448915 ], [ 5.854660055315996, 53.380261498460236 ], [ 5.854754568244667, 53.380475086277492 ], [ 5.855007565401042, 53.380446764046802 ], [ 5.856176356984295, 53.37963978407209 ], [ 5.856795661699338, 53.379494550393069 ], [ 5.857673230063586, 53.379709977420227 ], [ 5.857472711959409, 53.380015826780046 ], [ 5.857338847813979, 53.379831792274274 ], [ 5.856607402938875, 53.379902630448782 ], [ 5.856406552086852, 53.38025926294776 ], [ 5.856452473177304, 53.380663575725364 ], [ 5.8559293109395, 53.381464742813705 ], [ 5.855580046110757, 53.38189293278667 ], [ 5.854886937591471, 53.382001561095642 ], [ 5.854866329800476, 53.382275121731617 ], [ 5.856103279107748, 53.382680833820359 ], [ 5.856788592974445, 53.38253986894609 ], [ 5.857162683725018, 53.381832052521133 ], [ 5.857675847660978, 53.381922902674248 ], [ 5.858134119527725, 53.382248178248275 ], [ 5.858488975051381, 53.382234341704155 ], [ 5.859136560789389, 53.382032893582029 ], [ 5.859626219297844, 53.381584918453036 ], [ 5.859656226491057, 53.381329219271429 ], [ 5.859464689455227, 53.381261550418131 ], [ 5.859998616271074, 53.381174066658623 ], [ 5.858181131789205, 53.383245375029517 ], [ 5.859144131718739, 53.383658061810564 ], [ 5.859235036066316, 53.383546983086973 ], [ 5.859063472873486, 53.383030441872904 ], [ 5.86069419801785, 53.381525676939219 ], [ 5.861280865336437, 53.381492500562828 ], [ 5.861643376111727, 53.381700773761096 ], [ 5.862300419156197, 53.381411174893714 ], [ 5.862760914307722, 53.38142453861375 ], [ 5.861879007617112, 53.382463864024949 ], [ 5.861403807404169, 53.38324836621814 ], [ 5.861433816865679, 53.383508245281021 ], [ 5.860894742274926, 53.384122796271633 ], [ 5.86173355967887, 53.384501148972923 ], [ 5.86186426194992, 53.384409558868541 ], [ 5.861746011526908, 53.383883846837918 ], [ 5.862053110410116, 53.383465018683999 ], [ 5.863437814697101, 53.38234999974798 ], [ 5.86366030898609, 53.381824603829806 ], [ 5.863970253081424, 53.381808701803422 ], [ 5.864176838474708, 53.381983005749454 ], [ 5.863720019788408, 53.382308985710388 ], [ 5.863345592391009, 53.383320561533367 ], [ 5.864171451512991, 53.383778245728308 ], [ 5.864828343426214, 53.383694410841372 ], [ 5.865189425586012, 53.383842976357975 ], [ 5.865497233834737, 53.383512702823595 ], [ 5.866036136853789, 53.383380794382745 ], [ 5.866529387336644, 53.382402047202277 ], [ 5.867596472820522, 53.382139672268352 ], [ 5.867453269444917, 53.382788579723446 ], [ 5.868103032190835, 53.382332994381244 ], [ 5.868591669762678, 53.382529391954677 ], [ 5.868026112763543, 53.383685021347432 ], [ 5.868102720573791, 53.384074604657897 ], [ 5.870046651827995, 53.383166783437396 ], [ 5.870222424977351, 53.383952247817376 ], [ 5.869766925512662, 53.384430427308189 ], [ 5.869767203433414, 53.384638562802955 ], [ 5.870038873731041, 53.384779722780571 ], [ 5.870662689715083, 53.384648485095383 ], [ 5.869865038219747, 53.38553914407661 ], [ 5.869896397249636, 53.38568516177596 ], [ 5.87028713335264, 53.385568061343101 ], [ 5.871340520684445, 53.384607399673776 ], [ 5.871654755100148, 53.384651102399104 ], [ 5.871087667372455, 53.385791543686146 ], [ 5.87116258845997, 53.386116327649745 ], [ 5.870948503886384, 53.386440740090912 ], [ 5.871081035153685, 53.386627501025174 ], [ 5.873339986083699, 53.385491519151365 ], [ 5.872157694081433, 53.386827372865824 ], [ 5.87224766833075, 53.3869424697005 ], [ 5.872564305979173, 53.386880249272231 ], [ 5.874009194922025, 53.385429698009695 ], [ 5.874619078162084, 53.385192920203941 ], [ 5.875171144477751, 53.385222481530093 ], [ 5.875849812029927, 53.385595757642172 ], [ 5.877580336006993, 53.385731968471703 ], [ 5.877857997643991, 53.386047677380226 ], [ 5.877803732011601, 53.386434303564521 ], [ 5.877255185189144, 53.387092391211489 ], [ 5.877382457572216, 53.387337572047514 ], [ 5.878067548366621, 53.387209896530017 ], [ 5.878152939781392, 53.386698343856686 ], [ 5.879259420745639, 53.386706633511693 ], [ 5.87744767233434, 53.388892112567774 ], [ 5.877989074737153, 53.388658454574667 ], [ 5.879335510210915, 53.387365138707992 ], [ 5.880002387149818, 53.387193797311795 ], [ 5.880371950098382, 53.387256819015626 ], [ 5.881798975008453, 53.387710850284314 ], [ 5.880166869156048, 53.38964357485883 ], [ 5.881291700343506, 53.38915137412279 ], [ 5.881906494095418, 53.389129018911035 ], [ 5.881740036087445, 53.389668849000955 ], [ 5.881875325798597, 53.389854370374948 ], [ 5.883210165344557, 53.389527039053569 ], [ 5.883873419582091, 53.388850221891069 ], [ 5.884025817127297, 53.388496655301054 ], [ 5.883841267112127, 53.387533827925303 ], [ 5.884139748274173, 53.387165261670035 ], [ 5.8843529612623, 53.387203997160888 ], [ 5.884762364008288, 53.386839518452263 ], [ 5.886136500891039, 53.38717013221882 ], [ 5.88611632005898, 53.386893197667021 ], [ 5.885191224199086, 53.386338135423344 ], [ 5.885584947337392, 53.386132779089529 ], [ 5.886513038371796, 53.386432869707143 ], [ 5.886780071963947, 53.386932449096648 ], [ 5.885913333828087, 53.3878722667951 ], [ 5.885906481643905, 53.388052560138199 ], [ 5.883255968071787, 53.390728576856951 ], [ 5.879020748563311, 53.394630876143367 ], [ 5.878671982399879, 53.394728220758338 ], [ 5.877833211221821, 53.395456187650126 ], [ 5.877850501318604, 53.395596087147808 ], [ 5.878236861661735, 53.395749513993287 ], [ 5.878977140003602, 53.395358604317053 ], [ 5.879606228176054, 53.39544760662686 ], [ 5.881529079883254, 53.395242684904773 ], [ 5.884036047268426, 53.392839155101775 ], [ 5.884960328588127, 53.393012260809272 ], [ 5.885367832615502, 53.392932821122763 ], [ 5.887152345681243, 53.391364799665993 ], [ 5.887899578307869, 53.390965112602409 ], [ 5.888207918037448, 53.390943331681264 ], [ 5.888546623002779, 53.391362747425035 ], [ 5.888842787297469, 53.391461200219844 ], [ 5.889447024778599, 53.390928368305318 ], [ 5.889859800918591, 53.39128013736709 ], [ 5.890376407817428, 53.390943368085054 ], [ 5.890282315914273, 53.390695094679032 ], [ 5.89052264468519, 53.390472608756866 ], [ 5.890561052579063, 53.39018442640085 ], [ 5.891759384126995, 53.390004319878898 ], [ 5.892694283724234, 53.390281664411688 ], [ 5.893447327864196, 53.389988036956822 ], [ 5.89444166658888, 53.390088282458407 ], [ 5.895285935217675, 53.389839896181243 ], [ 5.896898647835743, 53.390109936879348 ], [ 5.898342473953672, 53.389562209295249 ], [ 5.899342589597125, 53.389484127274216 ], [ 5.90033797762313, 53.388933913062395 ], [ 5.901265438667245, 53.38903684094609 ], [ 5.90144407104897, 53.389268582818715 ], [ 5.904023314231454, 53.388611291538915 ], [ 5.904197447355074, 53.388788373774304 ], [ 5.904114974535818, 53.38915178561394 ], [ 5.904302727446065, 53.389361277295095 ], [ 5.905031763087003, 53.389055780952077 ], [ 5.905465240322646, 53.389100034947916 ], [ 5.906454012885034, 53.388572908672678 ], [ 5.907131821666931, 53.388448918797479 ], [ 5.907772874373438, 53.388777361169893 ], [ 5.909919867322506, 53.388776184107371 ], [ 5.909985781777465, 53.388611815107531 ], [ 5.910377338153475, 53.388535866465389 ], [ 5.910702331739292, 53.388933983321657 ], [ 5.911165079466175, 53.389016566807996 ], [ 5.913317335165044, 53.388475414788005 ], [ 5.913627781403329, 53.388485656555055 ], [ 5.913756034323498, 53.388847401642394 ], [ 5.913997397809448, 53.388889090699678 ], [ 5.915200028628851, 53.388571199135889 ], [ 5.916724602180489, 53.388527411913948 ], [ 5.91715105845526, 53.388789746346241 ], [ 5.918147470523741, 53.388900446016684 ], [ 5.918587664466626, 53.38922655822639 ], [ 5.918956927909999, 53.389029854213781 ], [ 5.919285008093222, 53.389296659017184 ], [ 5.919570038705855, 53.38892684588911 ], [ 5.919946063243605, 53.388974359435629 ], [ 5.920162149326207, 53.389173713822366 ], [ 5.920596815697101, 53.388749349306941 ], [ 5.922155682070877, 53.388777686490513 ], [ 5.922686847855074, 53.389126451685051 ], [ 5.922927875914772, 53.389628938731505 ], [ 5.92360025154038, 53.388894100465286 ], [ 5.924675315030422, 53.388606041072073 ], [ 5.92478441035912, 53.389053469204981 ], [ 5.92542738401249, 53.388558205271785 ], [ 5.926135477199768, 53.388582430008249 ], [ 5.926491891420019, 53.388922721632568 ], [ 5.928025307309786, 53.388569426559144 ], [ 5.929285614319257, 53.38852078907248 ], [ 5.929691113211324, 53.388752550979447 ], [ 5.930948209802248, 53.388513883497595 ], [ 5.932752563226951, 53.38853643548876 ], [ 5.933667922186609, 53.388341095637884 ], [ 5.934765746715884, 53.388486779271808 ], [ 5.940114903261845, 53.38986082535758 ], [ 5.947383066275702, 53.390988681837996 ], [ 5.958900601973249, 53.393728486698066 ], [ 5.967720306621559, 53.394690442512633 ], [ 5.968787436447326, 53.394684360770071 ], [ 5.969660222385595, 53.395014337465021 ], [ 5.970175503891086, 53.395389807055118 ], [ 5.971667839919808, 53.398132896182354 ], [ 5.974865037351234, 53.400734926144743 ], [ 5.974389779126454, 53.401358231432248 ], [ 5.974506271327981, 53.401536155709472 ], [ 5.975104652929459, 53.40086697169361 ], [ 5.975708830046027, 53.400979989696914 ], [ 5.97588225050159, 53.40081881380879 ], [ 5.975147738820515, 53.400605590097832 ], [ 5.972496998346066, 53.398449940534469 ], [ 5.972092607140354, 53.398116550969789 ], [ 5.971969497335509, 53.397612336062785 ], [ 5.97256616606741, 53.397643547629521 ], [ 5.973901628060831, 53.396843309367732 ], [ 5.974616551914166, 53.396358433849613 ], [ 5.974675613693867, 53.396197278383291 ], [ 5.97449898898827, 53.395953103143377 ], [ 5.981235755165308, 53.396681910757451 ], [ 5.989650741566415, 53.397953657341873 ], [ 5.990543829232561, 53.397874381911194 ], [ 5.995669138497759, 53.399126378100931 ], [ 6.002749571146082, 53.400259307930654 ], [ 6.00662347845302, 53.401146774989684 ], [ 6.011243977987305, 53.401922505372447 ], [ 6.013291745364099, 53.402547016611535 ], [ 6.015819394263763, 53.403051487941688 ], [ 6.018883260691132, 53.403179585382404 ], [ 6.020661866821171, 53.402737166551759 ], [ 6.021210635966611, 53.402745468889435 ], [ 6.022845439319987, 53.403270931652152 ], [ 6.023611227334423, 53.403230384678999 ], [ 6.024101783149567, 53.403403520417022 ], [ 6.024895587038434, 53.403081910144863 ], [ 6.026278733946634, 53.402924367967131 ], [ 6.026643464179885, 53.403176975436921 ], [ 6.028021702081547, 53.403201223355673 ], [ 6.028344907738095, 53.403077509291784 ], [ 6.02858532361011, 53.40332808111458 ], [ 6.031351579296233, 53.403495455399167 ], [ 6.032264713607119, 53.403293353492565 ], [ 6.03475436446387, 53.403462417480291 ], [ 6.035068020020334, 53.403674250947603 ], [ 6.035611206971402, 53.403426603719566 ], [ 6.036408038478436, 53.403630680707934 ], [ 6.039170654696208, 53.403730343424733 ], [ 6.068387154679605, 53.407399728283487 ], [ 6.070156158184873, 53.40727105050555 ], [ 6.077152412481634, 53.405615361847154 ], [ 6.081803110136822, 53.40649962513212 ], [ 6.08500825045251, 53.404850024220494 ], [ 6.08577372523329, 53.404743691447123 ], [ 6.08624140020378, 53.404877314213742 ], [ 6.092020110089707, 53.409553591634612 ], [ 6.091401058711288, 53.410305076319837 ], [ 6.091435712159143, 53.410452646475996 ], [ 6.091641777357866, 53.410452506048536 ], [ 6.092333884420626, 53.409738308960655 ], [ 6.096170935558458, 53.412608091464513 ], [ 6.099521237423347, 53.414667424912118 ], [ 6.099674787929241, 53.414579595817784 ], [ 6.099639732738618, 53.414406898256075 ], [ 6.095835606700243, 53.411937397604291 ], [ 6.092848328384031, 53.409705701621988 ], [ 6.09316139579664, 53.409581246786345 ], [ 6.092914664264898, 53.409356118743084 ], [ 6.092620745123468, 53.409333957703467 ], [ 6.092448781884565, 53.408831520679989 ], [ 6.092067061914114, 53.408643414772598 ], [ 6.091931410462728, 53.407565664126537 ], [ 6.090918151905602, 53.406799028713863 ], [ 6.090203094072566, 53.406517471250723 ], [ 6.090587971094338, 53.406441035056318 ], [ 6.093504747806257, 53.408272540300665 ], [ 6.093677289910071, 53.408149335855818 ], [ 6.100797307382943, 53.407678528447804 ], [ 6.101290068513431, 53.407574954585691 ], [ 6.101361928936891, 53.407376650917577 ], [ 6.100730543189274, 53.407169344482476 ], [ 6.102857566003118, 53.406980703306843 ], [ 6.103150823825906, 53.406790811940418 ], [ 6.103705358297849, 53.406948678436606 ], [ 6.105913713711578, 53.406737932339986 ], [ 6.106316415889284, 53.40693255186445 ], [ 6.107848344506834, 53.406818726912711 ], [ 6.107968455782805, 53.406967178245431 ], [ 6.113962329107637, 53.406376851120243 ], [ 6.114150779617047, 53.406254723426599 ], [ 6.114043147004414, 53.405972765257289 ], [ 6.116028429107423, 53.405841152563291 ], [ 6.116311223529904, 53.405490802390872 ], [ 6.118108253705084, 53.404904770540405 ], [ 6.122030853017277, 53.405294671478643 ], [ 6.124064830448506, 53.405122681002936 ], [ 6.123803940499666, 53.405236847779506 ], [ 6.123862872764281, 53.405511001768332 ], [ 6.124046841427068, 53.405546715367258 ], [ 6.132822594812582, 53.404757206591256 ], [ 6.137957266162982, 53.403550117696277 ], [ 6.1385974845009, 53.40351970954832 ], [ 6.160664815882282, 53.410095687737453 ], [ 6.160402857917434, 53.410426664491602 ], [ 6.160469312509892, 53.410560441064376 ], [ 6.160953640831888, 53.410198625946464 ], [ 6.175028038940147, 53.414374082554396 ], [ 6.1784036616527, 53.414911677635786 ], [ 6.182006615261436, 53.414671902420409 ], [ 6.184403203457741, 53.414142235256584 ], [ 6.189542921892668, 53.412495635192009 ], [ 6.19003804855454, 53.411833441310392 ], [ 6.191274791945638, 53.411332821764567 ], [ 6.191567050960162, 53.411060031690113 ], [ 6.191034237284692, 53.410594411753351 ], [ 6.19038102303745, 53.410574809951513 ], [ 6.190233116873894, 53.410701459519466 ], [ 6.190285757447616, 53.410879286815515 ], [ 6.189918551106647, 53.411030179265367 ], [ 6.1896914489006, 53.410852986649935 ], [ 6.189150692816941, 53.410856473789082 ], [ 6.185561385084429, 53.409718586555833 ], [ 6.185447366757074, 53.409832363156276 ], [ 6.185533365468772, 53.409976425358728 ], [ 6.187664125720747, 53.410661436100504 ], [ 6.186598454326887, 53.411950161121418 ], [ 6.183644747157183, 53.413106529200384 ], [ 6.182316745063748, 53.413449494748974 ], [ 6.18014610170786, 53.41370246125895 ], [ 6.178397031073962, 53.413673771598965 ], [ 6.17592258517963, 53.413187542126337 ], [ 6.158915495505663, 53.40813058096181 ], [ 6.159477465657464, 53.407809912147748 ], [ 6.160356645470197, 53.408061459700619 ], [ 6.160500455011067, 53.408310781003664 ], [ 6.160795048341433, 53.408394508604452 ], [ 6.161330844104139, 53.408300850842124 ], [ 6.161653332485855, 53.40848068780403 ], [ 6.1632817263889, 53.4087251893584 ], [ 6.163631553089528, 53.408597598236796 ], [ 6.161196397606266, 53.407789356137535 ], [ 6.161351828119368, 53.407706895775043 ], [ 6.161319880448905, 53.407504868126175 ], [ 6.160367142127231, 53.406424291762214 ], [ 6.160620392523109, 53.406228278388738 ], [ 6.16109916863874, 53.406268398412564 ], [ 6.160806731841652, 53.405539373618289 ], [ 6.159845385561425, 53.405189735852112 ], [ 6.159241002531703, 53.404515652964001 ], [ 6.158380364250885, 53.402995687265062 ], [ 6.158266847032172, 53.402489393925087 ], [ 6.157856038477417, 53.402066874232929 ], [ 6.157461031339763, 53.401959308398965 ], [ 6.15704142256806, 53.40139518014265 ], [ 6.156549623583828, 53.400492591296562 ], [ 6.156626114656631, 53.399399441211223 ], [ 6.15635088331747, 53.399124911658518 ], [ 6.15630310242658, 53.398207213776935 ], [ 6.155860128501997, 53.397413550714404 ], [ 6.155745581999407, 53.396387813354472 ], [ 6.155922890815444, 53.395860421898817 ], [ 6.155677046964206, 53.394529077049228 ], [ 6.155363954800733, 53.394193332325493 ], [ 6.155385284620484, 53.39385731357158 ], [ 6.1550938395296, 53.393517989255294 ], [ 6.155185092232349, 53.392644176432391 ], [ 6.155043055414117, 53.392332373079334 ], [ 6.155411796224713, 53.391844037797718 ], [ 6.155478066030758, 53.390489857012618 ], [ 6.155678528369992, 53.389753663169039 ], [ 6.156256160199367, 53.388984117414836 ], [ 6.156651788397392, 53.38884732608421 ], [ 6.156537466970266, 53.388496019951226 ], [ 6.156911239469591, 53.387862098799907 ], [ 6.156880422343737, 53.387503740732413 ], [ 6.15710766544836, 53.387362581679071 ], [ 6.156996099743219, 53.387156700340668 ], [ 6.157950165096165, 53.386089023369244 ], [ 6.1591990984764, 53.3857289915153 ], [ 6.159113201116182, 53.385561438610061 ], [ 6.158266316863187, 53.385397820306522 ], [ 6.160553675390037, 53.384562669053963 ], [ 6.161182035982544, 53.38319171624137 ], [ 6.160907374407967, 53.382556076318465 ], [ 6.160451017194686, 53.38245894837047 ], [ 6.160247083531817, 53.382693509390549 ], [ 6.16036648049448, 53.383118250668915 ], [ 6.157229073839757, 53.384170286381469 ], [ 6.155773482094216, 53.382586863393591 ], [ 6.15641339076193, 53.38236908514908 ], [ 6.157011238502352, 53.382606491778326 ], [ 6.157552432788735, 53.382600366345464 ], [ 6.159271141937033, 53.381667283932686 ], [ 6.160446157432219, 53.382201830616019 ], [ 6.160529860384955, 53.382019451953234 ], [ 6.16005808265818, 53.381663073828591 ], [ 6.160093400728171, 53.381444025880597 ], [ 6.160458871203423, 53.381388130565568 ], [ 6.160527505987003, 53.381145740071354 ], [ 6.161112713262483, 53.380767706122725 ], [ 6.16128512616574, 53.380420744609253 ], [ 6.161536339261748, 53.380300527538068 ], [ 6.161639004817406, 53.379923105236742 ], [ 6.162454592613724, 53.379621308962186 ], [ 6.163028507770278, 53.379711692147978 ], [ 6.163074413294384, 53.379524699465918 ], [ 6.162777693770086, 53.379446369783309 ], [ 6.163216370052202, 53.379048790268826 ], [ 6.164213456713707, 53.378812785011213 ], [ 6.164067379857322, 53.3785281584396 ], [ 6.163468542621433, 53.37859406168014 ], [ 6.164166637397715, 53.378154499262422 ], [ 6.163926453296109, 53.377919437021745 ], [ 6.163421639017604, 53.378060998606962 ], [ 6.16330851753271, 53.377576789400031 ], [ 6.163824936850218, 53.377577920517048 ], [ 6.164214314201668, 53.377956326558227 ], [ 6.164364483662021, 53.377927564794916 ], [ 6.164303424011619, 53.377605694620108 ], [ 6.163959470823628, 53.377336528783204 ], [ 6.163964820630667, 53.376521533657076 ], [ 6.164807538962899, 53.375616567156499 ], [ 6.163972761954921, 53.375339672820296 ], [ 6.163652236823726, 53.374482152215535 ], [ 6.164042279497123, 53.374393934767014 ], [ 6.16414613609734, 53.374220691268398 ], [ 6.163549615219177, 53.374019650166169 ], [ 6.163383635551408, 53.373625660462508 ], [ 6.163299728494303, 53.373170896639181 ], [ 6.163481320682661, 53.373097181405313 ], [ 6.163562680757889, 53.372717517253335 ], [ 6.163236143897794, 53.372166074510666 ], [ 6.163415823148794, 53.37180978846272 ], [ 6.163027245486087, 53.371289396236008 ], [ 6.16303517788831, 53.370923853463331 ], [ 6.162365708398696, 53.370408200098993 ], [ 6.16241505076684, 53.370046781556034 ], [ 6.162160530971153, 53.369502848747445 ], [ 6.162283819304165, 53.369055238787702 ], [ 6.162025914144338, 53.368806264056197 ], [ 6.162635057725486, 53.368041033786909 ], [ 6.16260425965626, 53.367670976451819 ], [ 6.16336397596895, 53.367544913106983 ], [ 6.163694695332966, 53.36730921521751 ], [ 6.163033376716474, 53.365412271309879 ], [ 6.16243864706771, 53.365082282131851 ], [ 6.162771878081573, 53.364790499081735 ], [ 6.162798613824166, 53.364389562414232 ], [ 6.163047573184062, 53.364161828724171 ], [ 6.162981818171886, 53.363974970840999 ], [ 6.163345574236304, 53.363789429879496 ], [ 6.163526772700286, 53.363320005495559 ], [ 6.163818882022879, 53.363112700120233 ], [ 6.16366744116706, 53.362840293476872 ], [ 6.164194012020053, 53.361782950316666 ], [ 6.163948679869452, 53.361015001434112 ], [ 6.164314445909504, 53.361057170673298 ], [ 6.164603140687503, 53.360902530379754 ], [ 6.164592756430942, 53.360471733337903 ], [ 6.164794123832024, 53.360348156212552 ], [ 6.164905678526666, 53.359984365809161 ], [ 6.164556392912885, 53.359501397992737 ], [ 6.163875281642681, 53.359046162936835 ], [ 6.162777717968861, 53.358890641229969 ], [ 6.161702853164451, 53.358282518875924 ], [ 6.160827628540211, 53.358276644638835 ], [ 6.159672587055199, 53.357899698681337 ], [ 6.157302999913679, 53.357840298936559 ], [ 6.15498835958501, 53.358010326596535 ], [ 6.15342957207248, 53.357744749089285 ], [ 6.14933719515609, 53.358715954773096 ], [ 6.15310061267134, 53.357672336292076 ], [ 6.153096545681614, 53.357358481721555 ], [ 6.1523219876725, 53.356646527358741 ], [ 6.153676785459242, 53.357638299159944 ], [ 6.154763531332116, 53.357873521544775 ], [ 6.155676661542431, 53.357936083782903 ], [ 6.156983357235901, 53.357794666035446 ], [ 6.159273890928912, 53.357817429928652 ], [ 6.161409912534462, 53.358139655978405 ], [ 6.162085688462223, 53.358105878363816 ], [ 6.164684877221124, 53.359196991554008 ], [ 6.165276914953278, 53.359281010020567 ], [ 6.167753961988096, 53.358847434683305 ], [ 6.167844252147954, 53.358668843124498 ], [ 6.1677205458318, 53.358368548684936 ], [ 6.167055805782676, 53.357695221515002 ], [ 6.166878020431096, 53.357305206106098 ], [ 6.166956589160537, 53.357075727420181 ], [ 6.166503877869197, 53.356407400982924 ], [ 6.16638317335567, 53.355927993078119 ], [ 6.166520475872826, 53.355574176105598 ], [ 6.166306201035399, 53.355076385720032 ], [ 6.166438862091164, 53.354552321122277 ], [ 6.166336639995062, 53.354282937941747 ], [ 6.166638135461441, 53.353761092226804 ], [ 6.166619126781709, 53.352696140024982 ], [ 6.166926902838772, 53.352352540133758 ], [ 6.166746409831992, 53.352037192820156 ], [ 6.167444168638995, 53.351176901462786 ], [ 6.167382964090675, 53.350921665403817 ], [ 6.167755265939054, 53.350309941154407 ], [ 6.16769582678264, 53.349861606807742 ], [ 6.167878615205526, 53.349570925492337 ], [ 6.16844299888858, 53.34965733888896 ], [ 6.169063288727324, 53.349140519548001 ], [ 6.168954087398346, 53.348935727435304 ], [ 6.168123476394539, 53.348945017358531 ], [ 6.167940485377851, 53.348792249024449 ], [ 6.167948088671763, 53.34847696076158 ], [ 6.168265449413869, 53.348377484541416 ], [ 6.168430059094545, 53.348023662789835 ], [ 6.169139897122223, 53.34770065480383 ], [ 6.169620084977454, 53.346860981320532 ], [ 6.169355641510457, 53.346521107230906 ], [ 6.16965309959861, 53.346322025002607 ], [ 6.169695398018364, 53.346076774501242 ], [ 6.170323425264181, 53.345671961875389 ], [ 6.170418195446702, 53.345411312206565 ], [ 6.170225291442701, 53.345262539297352 ], [ 6.170462085295426, 53.345211012134591 ], [ 6.170499328658315, 53.344795236753072 ], [ 6.171257982961508, 53.344035940566428 ], [ 6.172235807246833, 53.343298876678219 ], [ 6.173184018672594, 53.342989320280132 ], [ 6.174268092721642, 53.342207094450785 ], [ 6.174727699846507, 53.342123189053915 ], [ 6.176206049343789, 53.341310086366498 ], [ 6.176963000910395, 53.3407076027569 ], [ 6.178305239768036, 53.340368573056445 ], [ 6.178434380288317, 53.340192316284345 ], [ 6.178348111831203, 53.3398994298406 ], [ 6.178571108886979, 53.339782550351643 ], [ 6.178950204811212, 53.33986204641441 ], [ 6.179177818845678, 53.339518480969538 ], [ 6.178691072435285, 53.338974097687263 ], [ 6.178741809822182, 53.338740737624967 ], [ 6.178406045748412, 53.337844879093801 ], [ 6.175438602079074, 53.335515137141698 ], [ 6.174859722817078, 53.334436726409521 ], [ 6.174177458589972, 53.3341094349353 ], [ 6.174423883506199, 53.332625683124327 ], [ 6.174318499604698, 53.331830787865478 ], [ 6.1745579392968, 53.330842790923654 ], [ 6.176746586979294, 53.32500644884351 ], [ 6.177144348643565, 53.32425362494773 ], [ 6.178552081245426, 53.32308932718044 ], [ 6.17906873171941, 53.32243745179224 ], [ 6.179082957385699, 53.321641185116185 ], [ 6.178411428859736, 53.320615858283468 ], [ 6.177960487264411, 53.32024488807707 ], [ 6.177135688317122, 53.319897849526676 ], [ 6.175439348383629, 53.319461228755287 ], [ 6.174987923548276, 53.319561437902998 ], [ 6.174932322392694, 53.319355227420616 ], [ 6.174645023688403, 53.319260447558911 ], [ 6.17242191734081, 53.319596359651847 ], [ 6.171605367722885, 53.319526526411202 ], [ 6.170983296957696, 53.319796107730411 ], [ 6.169614996700303, 53.31935376069795 ], [ 6.168753241265724, 53.318884832954723 ], [ 6.168043092365926, 53.318740485682 ], [ 6.161681465311394, 53.318545573701734 ], [ 6.16009077486791, 53.318874083723173 ], [ 6.158201757765199, 53.318415263459407 ], [ 6.158380183895686, 53.318311372275403 ], [ 6.159374168675036, 53.318480917156869 ], [ 6.161889145738227, 53.317979430764908 ], [ 6.16181789830733, 53.317800927135387 ], [ 6.159635647716251, 53.316996029117156 ], [ 6.16289369910008, 53.317644148785597 ], [ 6.163993366906108, 53.317573537556157 ], [ 6.164363588959908, 53.318011654207972 ], [ 6.164846352169432, 53.318142719400903 ], [ 6.167754120449954, 53.31841189459967 ], [ 6.168021303882629, 53.31828003060054 ], [ 6.167940217785549, 53.318096344282999 ], [ 6.164846907842493, 53.317796402493514 ], [ 6.164567908048636, 53.317689217270363 ], [ 6.164509988159935, 53.317333513394381 ], [ 6.166022699270237, 53.317295601297218 ], [ 6.169082565820909, 53.31761513130143 ], [ 6.16901450821868, 53.318043925861147 ], [ 6.16920250489251, 53.318128263106161 ], [ 6.169602292345393, 53.318070650133819 ], [ 6.169844749372512, 53.317637900714537 ], [ 6.171859564256086, 53.317753355895633 ], [ 6.171760007008005, 53.31820836224351 ], [ 6.169610670152537, 53.318095909791943 ], [ 6.169361086344182, 53.318274619881514 ], [ 6.169784092346468, 53.318484838220279 ], [ 6.171976424043567, 53.318632010788839 ], [ 6.172844336424668, 53.318540306151533 ], [ 6.17328552466908, 53.318746890133077 ], [ 6.174566718320335, 53.318686847207346 ], [ 6.174962912440432, 53.318850902077997 ], [ 6.176371628715599, 53.318968322586898 ], [ 6.180910790064566, 53.320778433487604 ], [ 6.181114946956341, 53.321215979452298 ], [ 6.180834924523578, 53.321405057087894 ], [ 6.180665525683463, 53.321941602810064 ], [ 6.180774040154976, 53.322268322446796 ], [ 6.180611629368089, 53.32261197388322 ], [ 6.180720696649387, 53.322709937387856 ], [ 6.18034960078753, 53.322699778993005 ], [ 6.179802729558328, 53.322964411267272 ], [ 6.178664255042056, 53.323794405596054 ], [ 6.178248846475307, 53.324618023092889 ], [ 6.177726823709926, 53.325220263849211 ], [ 6.177719365420098, 53.325540197156805 ], [ 6.17738350863888, 53.32609615438934 ], [ 6.177725923170018, 53.326492454269442 ], [ 6.177561253804676, 53.326583036904793 ], [ 6.177488013191846, 53.32695797529302 ], [ 6.177155760251899, 53.327135557089179 ], [ 6.176803756501279, 53.327793964742682 ], [ 6.176868532724592, 53.328048123053442 ], [ 6.176430083189379, 53.328548766869105 ], [ 6.176435823247678, 53.329109444795442 ], [ 6.176076397871648, 53.329614337693897 ], [ 6.176078060716679, 53.329954710173723 ], [ 6.175858333816967, 53.330210246478721 ], [ 6.175927336843246, 53.330491323287319 ], [ 6.175484146356957, 53.331091076722593 ], [ 6.175134612949505, 53.332093096580877 ], [ 6.175323778399406, 53.332355175388606 ], [ 6.175156660786862, 53.332554230834447 ], [ 6.175235621030626, 53.333291270288697 ], [ 6.175940296431974, 53.334715441064709 ], [ 6.176716524367769, 53.335234964490837 ], [ 6.176995039316545, 53.335603065081436 ], [ 6.17817358464097, 53.336187830124928 ], [ 6.17904762719197, 53.33698641437072 ], [ 6.180193152163012, 53.33757202150349 ], [ 6.181022912992184, 53.33857373061349 ], [ 6.181489770446566, 53.33855331080818 ], [ 6.18196819167065, 53.338254708230046 ], [ 6.181846889192707, 53.338742578326368 ], [ 6.182493431672154, 53.338989191588162 ], [ 6.183097823938028, 53.338659608648527 ], [ 6.183000408255615, 53.338371847592583 ], [ 6.183168722729436, 53.338227615506 ], [ 6.183977648326268, 53.337979477764613 ], [ 6.184130870631352, 53.337532300012143 ], [ 6.185868392973536, 53.336301435653127 ], [ 6.186818776486233, 53.335815103836488 ], [ 6.187495268479359, 53.335704778297718 ], [ 6.188590663802737, 53.335098901074531 ], [ 6.190766249459313, 53.334292333796519 ], [ 6.191131450058079, 53.334280082075587 ], [ 6.19236530356403, 53.33338996975754 ], [ 6.193839987431771, 53.333021992264953 ], [ 6.191731222090307, 53.333892164723814 ], [ 6.191154703926925, 53.334587121060586 ], [ 6.190901892953669, 53.335198130900814 ], [ 6.191853775039466, 53.335833723517815 ], [ 6.193474524058745, 53.336007049294516 ], [ 6.191774508433227, 53.336366872269167 ], [ 6.190560765046309, 53.337292896066849 ], [ 6.188490934336906, 53.337921771442787 ], [ 6.188012345220504, 53.339190500391354 ], [ 6.187428796446725, 53.339532849710444 ], [ 6.186651897389526, 53.340415438255832 ], [ 6.185176834723603, 53.341420335624235 ], [ 6.184663002828335, 53.341907862693596 ], [ 6.184694987903852, 53.342145365079517 ], [ 6.183882659357009, 53.34257484631808 ], [ 6.183620855694282, 53.34292678187807 ], [ 6.1816155273348, 53.344354116015538 ], [ 6.181564522838742, 53.34454590894515 ], [ 6.181796158732241, 53.344701734104085 ], [ 6.181526997953966, 53.344982847107495 ], [ 6.180455534703327, 53.345241662702463 ], [ 6.1804015822141, 53.34541390427475 ], [ 6.180608435636453, 53.345533580598257 ], [ 6.180181476380067, 53.345760126420643 ], [ 6.180153511884055, 53.345959407644806 ], [ 6.179204932613631, 53.346384767007507 ], [ 6.178204278988495, 53.347413249222626 ], [ 6.177729999748308, 53.347460201374972 ], [ 6.177724236573948, 53.347652167329876 ], [ 6.177127847773422, 53.348250495140086 ], [ 6.176270714509135, 53.348445508021904 ], [ 6.174937311139034, 53.349744497337383 ], [ 6.174231761807353, 53.350795570201477 ], [ 6.174434863333204, 53.351118498065226 ], [ 6.174362233575287, 53.351637598117847 ], [ 6.174664447921313, 53.351733033573957 ], [ 6.174737974445642, 53.351918433802474 ], [ 6.174398651777238, 53.352162745738177 ], [ 6.174365881609615, 53.352634794024709 ], [ 6.174807749864937, 53.353054408897158 ], [ 6.17477372853738, 53.353398663077087 ], [ 6.175136488531473, 53.354235926519031 ], [ 6.17532368146593, 53.354356442576325 ], [ 6.175364263885023, 53.35500045666938 ], [ 6.177957971568129, 53.355830883356582 ], [ 6.17902191380968, 53.356463914795533 ], [ 6.180331065827476, 53.356862056418379 ], [ 6.180540365606022, 53.357268186256434 ], [ 6.181046866565318, 53.357423529544342 ], [ 6.182439445389029, 53.357153728729955 ], [ 6.184405072634521, 53.35632991185188 ], [ 6.189239456880302, 53.355259801509462 ], [ 6.190106612292378, 53.354955918668352 ], [ 6.190519207458824, 53.354526965720815 ], [ 6.191973839697884, 53.354132277476182 ], [ 6.192650693620116, 53.354236322459037 ], [ 6.193989025316506, 53.353612013943739 ], [ 6.195380723821036, 53.353380171464039 ], [ 6.196863859005171, 53.35275715263051 ], [ 6.197278256225129, 53.351185709594496 ], [ 6.197770421215079, 53.350283682839169 ], [ 6.197672486979673, 53.349933584635231 ], [ 6.197885087601202, 53.349295338172219 ], [ 6.197808694918507, 53.348732858788537 ], [ 6.197279761574578, 53.347786471997821 ], [ 6.196964606153349, 53.346175411509655 ], [ 6.196263098046717, 53.345139892812703 ], [ 6.196196501065628, 53.344446652620185 ], [ 6.196547006204661, 53.343816081693092 ], [ 6.196425475775258, 53.343257997037007 ], [ 6.196633318786388, 53.342447811992905 ], [ 6.196556154958424, 53.341742827357265 ], [ 6.19679552735088, 53.34088052825399 ], [ 6.1990924251906, 53.338751755647728 ], [ 6.198957358999791, 53.339091003692957 ], [ 6.199242536051654, 53.33927449049677 ], [ 6.198543282554701, 53.339609795512253 ], [ 6.197922398733596, 53.340157602655246 ], [ 6.197913642131335, 53.340853409702333 ], [ 6.198421985095295, 53.341070481017915 ], [ 6.198476775621865, 53.341806081434825 ], [ 6.197460677810456, 53.342572120350532 ], [ 6.19721029754116, 53.343456032901976 ], [ 6.197210402282394, 53.344164431710205 ], [ 6.197760778783819, 53.344598425411348 ], [ 6.198909973099733, 53.344482158292223 ], [ 6.199308447328605, 53.344121707413251 ], [ 6.199547582125524, 53.343595829445128 ], [ 6.200059097371295, 53.343249161897042 ], [ 6.200662608659526, 53.342147490007477 ], [ 6.201481498642726, 53.342273516124138 ], [ 6.201036934881783, 53.34284690134394 ], [ 6.201121804192503, 53.343300969056138 ], [ 6.200837247628426, 53.344106644432209 ], [ 6.20095594195586, 53.344386504797008 ], [ 6.200682453629637, 53.345053302044001 ], [ 6.201013263160151, 53.345592681192578 ], [ 6.200615381715524, 53.346305051947937 ], [ 6.200209247237932, 53.346518099834675 ], [ 6.200151420397814, 53.346804015107409 ], [ 6.200264216193472, 53.346968180774432 ], [ 6.20103314360555, 53.347197078738887 ], [ 6.201340233663913, 53.347673417949125 ], [ 6.201761386245872, 53.347839441559188 ], [ 6.201797752213347, 53.348103308664101 ], [ 6.202007036245323, 53.348212038656939 ], [ 6.201898734009226, 53.348587025226394 ], [ 6.202066736124958, 53.34901992162257 ], [ 6.201936060765985, 53.349400615529632 ], [ 6.202331994078714, 53.349598968307092 ], [ 6.202517451572992, 53.349966186553246 ], [ 6.20220991743808, 53.350146388649044 ], [ 6.202161165657942, 53.350523068713521 ], [ 6.202405281260636, 53.350656055737808 ], [ 6.202462278191068, 53.35103338191918 ], [ 6.202743421815872, 53.351316314206841 ], [ 6.20331746950616, 53.351310849016556 ], [ 6.203201875385196, 53.352393600967709 ], [ 6.203730535809798, 53.352933138624415 ], [ 6.203921790680821, 53.353407010552445 ], [ 6.204454563701733, 53.353827131224804 ], [ 6.204503316009021, 53.354060673846405 ], [ 6.205774641581947, 53.354642507849206 ], [ 6.206689890089749, 53.354831599944482 ], [ 6.207257789179435, 53.354605410551216 ], [ 6.2077134361204, 53.354054561900945 ], [ 6.208463022027106, 53.354119473625367 ], [ 6.20895093785851, 53.353936803740126 ], [ 6.209389999977846, 53.353988901902213 ], [ 6.209653457345047, 53.354202778027336 ], [ 6.210466320726886, 53.353905073117517 ], [ 6.210914206591346, 53.353952516081009 ], [ 6.210999704340665, 53.354128772659202 ], [ 6.211802331627966, 53.354197835033055 ], [ 6.215892703111966, 53.353692486474806 ], [ 6.21629763536667, 53.353803314153105 ], [ 6.21617304735334, 53.353965392433039 ], [ 6.21626314496118, 53.35407936634418 ], [ 6.217636595798393, 53.353807029684504 ], [ 6.217814393224489, 53.353677812796008 ], [ 6.217790557936375, 53.353398138661184 ], [ 6.218145139395543, 53.353248279789398 ], [ 6.218530820148024, 53.352810500744567 ], [ 6.218881607709346, 53.351804527224402 ], [ 6.218687244865881, 53.351569579332235 ], [ 6.218620284721449, 53.350812078146326 ], [ 6.218921761925566, 53.350666309127071 ], [ 6.218990874778055, 53.350364377642158 ], [ 6.218367915709975, 53.349615301688658 ], [ 6.218279205789116, 53.349110472254424 ], [ 6.217922974119898, 53.348832294754821 ], [ 6.217662573247186, 53.348306266243213 ], [ 6.217686189411928, 53.347584183667486 ], [ 6.217973972117506, 53.347371363851586 ], [ 6.217833525803196, 53.347024365971805 ], [ 6.218199915003138, 53.346356906806207 ], [ 6.218188521721654, 53.346042982693177 ], [ 6.218587909819363, 53.345763817590424 ], [ 6.218550978148468, 53.345478326329122 ], [ 6.218936590373826, 53.345132410592797 ], [ 6.219279812514526, 53.344405355530675 ], [ 6.220075269981311, 53.343618624917013 ], [ 6.220489042509103, 53.343409719342368 ], [ 6.220741663753566, 53.342908098163946 ], [ 6.221467853326526, 53.34233516355188 ], [ 6.224227486304192, 53.340760092337177 ], [ 6.224327850623405, 53.340554089151354 ], [ 6.225368471798842, 53.340384301539721 ], [ 6.225669785460367, 53.340079630302164 ], [ 6.22605706557323, 53.339960652574888 ], [ 6.226555910233783, 53.34007040353665 ], [ 6.227245782297464, 53.339871005692331 ], [ 6.228413715637972, 53.339219922222888 ], [ 6.229886701663559, 53.336748529989116 ], [ 6.229860066052206, 53.335267934589496 ], [ 6.229727428483384, 53.335049616121708 ], [ 6.229869341426733, 53.334701952733731 ], [ 6.229577452872848, 53.334184745073451 ], [ 6.229464361755664, 53.332302838076693 ], [ 6.229799096088805, 53.331428360565404 ], [ 6.229801087944036, 53.331046282338825 ], [ 6.229944855719332, 53.330755061895616 ], [ 6.229927544255299, 53.332091632485124 ], [ 6.229711211574817, 53.332585862910477 ], [ 6.229974035857614, 53.333348432243383 ], [ 6.229930070283118, 53.333674260241267 ], [ 6.23022562557902, 53.334095507225925 ], [ 6.230609043938363, 53.334252147516203 ], [ 6.230396739003217, 53.334545559671888 ], [ 6.230430109670584, 53.334884158033134 ], [ 6.23181352114562, 53.335631452203685 ], [ 6.232346788277951, 53.336532520203093 ], [ 6.233136739557771, 53.33689504336381 ], [ 6.234992824164295, 53.336526432721378 ], [ 6.235739589386832, 53.335963664817164 ], [ 6.237919009649477, 53.335175435043759 ], [ 6.246789606429116, 53.333432490154195 ], [ 6.253063880884389, 53.332566585043523 ], [ 6.249824625677491, 53.333341606853423 ], [ 6.247585699922586, 53.333563388357874 ], [ 6.24593999747724, 53.333942081670905 ], [ 6.245609740854771, 53.334207947369407 ], [ 6.244168025694313, 53.334339638814008 ], [ 6.242955520502059, 53.33472739844796 ], [ 6.239429585508045, 53.335372397236448 ], [ 6.235962591873072, 53.336521204221029 ], [ 6.232578398439468, 53.338831458945897 ], [ 6.231089680524675, 53.340408331265422 ], [ 6.23012810418317, 53.340717865984871 ], [ 6.229595168263088, 53.341212992224364 ], [ 6.228996642782048, 53.341249335924452 ], [ 6.227761908176235, 53.341873436880405 ], [ 6.225112323355724, 53.344138365196969 ], [ 6.224761673481505, 53.344626917481307 ], [ 6.223922276795093, 53.344865221613482 ], [ 6.222901138565939, 53.345780465522083 ], [ 6.222670895600952, 53.34635667637621 ], [ 6.221871411190064, 53.346962542403098 ], [ 6.220586915795352, 53.348590427706881 ], [ 6.22071484020719, 53.34903542734132 ], [ 6.222500022424657, 53.350426768014863 ], [ 6.222617198455275, 53.350836768800484 ], [ 6.222328287006861, 53.351267473944361 ], [ 6.222694895977634, 53.351615337088425 ], [ 6.223525711930536, 53.351531904705524 ], [ 6.224377100875442, 53.350912415779945 ], [ 6.224606574925679, 53.350198350207336 ], [ 6.225634129728094, 53.349114739136851 ], [ 6.22688711952336, 53.347444396646395 ], [ 6.226881655798092, 53.347134995350899 ], [ 6.22707592317628, 53.347052056190023 ], [ 6.22704222644938, 53.346817017819852 ], [ 6.227240553660427, 53.346656707034541 ], [ 6.227282596027078, 53.346172522316969 ], [ 6.22809900438708, 53.34462414934351 ], [ 6.230515732880741, 53.343029702840838 ], [ 6.232064323177067, 53.342560720632676 ], [ 6.233130251511687, 53.34202797511179 ], [ 6.233991795350974, 53.342030810200676 ], [ 6.234282896383712, 53.341789924960821 ], [ 6.236413783284247, 53.341517627385251 ], [ 6.237136554275543, 53.341686672687295 ], [ 6.237328041127124, 53.341993513954549 ], [ 6.239071933101584, 53.341905439084336 ], [ 6.239296968027444, 53.342156573914039 ], [ 6.240505825034411, 53.342344056354065 ], [ 6.24082556736037, 53.342698465805242 ], [ 6.242222138002029, 53.34306465414592 ], [ 6.243102078005382, 53.343495131375839 ], [ 6.243511419803934, 53.343906371810228 ], [ 6.24436509008089, 53.344139915031668 ], [ 6.24488660523616, 53.344436188527453 ], [ 6.245153358038412, 53.344840573141056 ], [ 6.245655839117812, 53.344878793647027 ], [ 6.245935612308771, 53.345281930696061 ], [ 6.246735198617444, 53.345466848088535 ], [ 6.247052723692627, 53.345816011436263 ], [ 6.247759384095975, 53.345914021238769 ], [ 6.248096161928995, 53.346301626395253 ], [ 6.247952340314304, 53.346510067421178 ], [ 6.248053708319089, 53.346696083425648 ], [ 6.249845172360492, 53.347648246406308 ], [ 6.253633060173586, 53.34807824348637 ], [ 6.25531931160448, 53.347923147897973 ], [ 6.261604994365938, 53.346370297483766 ], [ 6.263792405105002, 53.345993312448677 ], [ 6.264045962350401, 53.345753343844116 ], [ 6.264670782285041, 53.34587662083301 ], [ 6.267992838120821, 53.345529101557851 ], [ 6.269418565209473, 53.345554347704784 ], [ 6.273043760000843, 53.345079968523422 ], [ 6.275270034917084, 53.344293378041527 ], [ 6.277551023862666, 53.343244032630857 ], [ 6.278191282900943, 53.342673253001031 ], [ 6.280314055642283, 53.342324563544665 ], [ 6.281183011769686, 53.342029314815122 ], [ 6.284173159221465, 53.341593148200332 ], [ 6.284833027214749, 53.341328346467336 ], [ 6.2869418093311, 53.341117582534714 ], [ 6.280610175781338, 53.31261912820198 ], [ 6.284036402670875, 53.311892093997102 ], [ 6.286709684051013, 53.312121711189079 ], [ 6.29044295588846, 53.311225336530597 ], [ 6.292578151704711, 53.31034057749185 ], [ 6.293656949674493, 53.308679514850297 ], [ 6.294461121031794, 53.308171454632429 ], [ 6.289682096427462, 53.304978190775294 ], [ 6.288513746356763, 53.304700584855382 ], [ 6.281485936140086, 53.303808560606079 ], [ 6.279260299593955, 53.303155783260301 ], [ 6.278488312242814, 53.30274950717844 ], [ 6.276802566793243, 53.301260131412619 ], [ 6.276672739006123, 53.300849302280874 ], [ 6.276027330364629, 53.300522971736143 ], [ 6.274629827180437, 53.299186483974289 ], [ 6.274442463848649, 53.298760011415027 ], [ 6.274492527830538, 53.296447135142898 ], [ 6.273577115902159, 53.295615901566499 ], [ 6.271716579767213, 53.294713106851169 ], [ 6.271105271406947, 53.29413012478178 ], [ 6.270822221203527, 53.29363493836339 ], [ 6.270774900574228, 53.291517993698683 ], [ 6.270319620872993, 53.290895140518217 ], [ 6.268949718668379, 53.289961665159112 ], [ 6.268758847838128, 53.289682638953572 ], [ 6.268299220446833, 53.289691351044667 ], [ 6.268056417647372, 53.289855301325531 ], [ 6.26780180547721, 53.290545107762703 ], [ 6.267429625102316, 53.290756371139366 ], [ 6.266625493226913, 53.290800974464972 ], [ 6.265612617044359, 53.291118418203766 ], [ 6.259918020349216, 53.29097666914442 ], [ 6.257304009889653, 53.290249446331785 ], [ 6.254762309501523, 53.288881486164385 ], [ 6.253306081732096, 53.287862628683541 ], [ 6.253472512900088, 53.286036546711522 ], [ 6.253043590324449, 53.284441424776958 ], [ 6.252275333614967, 53.282804899087957 ], [ 6.252095378499213, 53.282049861270544 ], [ 6.252199895075137, 53.281122649680988 ], [ 6.252649827532268, 53.280020824413455 ], [ 6.252589937359236, 53.279425229445984 ], [ 6.252393624539695, 53.278952806147153 ], [ 6.251674596676864, 53.278088305543015 ], [ 6.251508164427554, 53.277266254584696 ], [ 6.253046180332658, 53.273526262793375 ], [ 6.253856773949759, 53.272618815342426 ], [ 6.255788943334321, 53.271033037974611 ], [ 6.255862475661474, 53.269598250165949 ], [ 6.255606974214209, 53.268919425134527 ], [ 6.253994619989347, 53.267804538880419 ], [ 6.251995676491677, 53.267305707664512 ], [ 6.249454014072592, 53.267171805240181 ], [ 6.248767099927616, 53.267578741036729 ], [ 6.248280031840777, 53.268114724981977 ], [ 6.247609701739394, 53.26830418097888 ], [ 6.246665054134364, 53.268132602764169 ], [ 6.245258968597429, 53.26753817232467 ], [ 6.2436358638247, 53.266335976754092 ], [ 6.243586921964627, 53.265448476022186 ], [ 6.243128140980445, 53.264920741353443 ], [ 6.241131663708409, 53.263550672016365 ], [ 6.239355285905771, 53.263016279675107 ], [ 6.238920477564866, 53.262741187498797 ], [ 6.237941207810513, 53.261378969792048 ], [ 6.237676588232216, 53.26073532014567 ], [ 6.237901245483145, 53.2602194829269 ], [ 6.23890230094823, 53.259684527941467 ], [ 6.239003451924289, 53.259282073086247 ], [ 6.238743532675219, 53.258599989266806 ], [ 6.237795629496643, 53.257588799012034 ], [ 6.237041312495451, 53.257128371852694 ], [ 6.235109473483314, 53.256628029611832 ], [ 6.232178184402666, 53.256626968109074 ], [ 6.231856678842828, 53.255966275814423 ], [ 6.231852786379224, 53.255600090277234 ], [ 6.232500098574457, 53.254802280092285 ], [ 6.233601204763788, 53.254168436221384 ], [ 6.234754003997647, 53.254054230404179 ], [ 6.235200198122972, 53.253345044814523 ], [ 6.234978337228128, 53.252694020353253 ], [ 6.234341849866881, 53.252034153236707 ], [ 6.234208498928663, 53.251066797831442 ], [ 6.233758455788113, 53.250715475779849 ], [ 6.232719169175961, 53.25023068418654 ], [ 6.23163698428554, 53.250071559600748 ], [ 6.230128360744096, 53.250322743171807 ], [ 6.229570654341154, 53.249780925843311 ], [ 6.229551213058106, 53.249173162682837 ], [ 6.230152773366233, 53.248153936423691 ], [ 6.230997727627933, 53.247594946625966 ], [ 6.231697345642676, 53.247510957036354 ], [ 6.232042523501987, 53.247229898139025 ], [ 6.232060359525512, 53.246899416590281 ], [ 6.23167463630316, 53.246296822897115 ], [ 6.231531265279894, 53.245519367120771 ], [ 6.231103225079867, 53.24498689190839 ], [ 6.230450011725781, 53.24470232593346 ], [ 6.229702078600951, 53.244652032498408 ], [ 6.227763837255047, 53.245140991522291 ], [ 6.226794613648587, 53.244626291446529 ], [ 6.225498751166305, 53.244568751709146 ], [ 6.224542421997017, 53.244275707264038 ], [ 6.223251420846388, 53.243208363693007 ], [ 6.220035717309876, 53.242959005289897 ], [ 6.21911459007411, 53.242596680649349 ], [ 6.21816220931013, 53.241950421337158 ], [ 6.22284345580632, 53.239600612272604 ], [ 6.224661574392022, 53.239789910890742 ], [ 6.225060836258927, 53.238546819112479 ], [ 6.222608875748401, 53.237769261771923 ], [ 6.22026011097307, 53.23725000364179 ], [ 6.21564192698478, 53.236891954192728 ], [ 6.215629300161042, 53.235960988855716 ], [ 6.214895708199515, 53.235892594400141 ], [ 6.214967525898952, 53.235268863625905 ], [ 6.21584527663949, 53.234769852550997 ], [ 6.216492842143986, 53.234615143273345 ], [ 6.216846492946543, 53.234305135674767 ], [ 6.214415624185055, 53.234076306384594 ], [ 6.214639155665378, 53.233795992203888 ], [ 6.215105656670185, 53.233671443567673 ], [ 6.216670376912395, 53.233703856338373 ], [ 6.21712127880897, 53.233517494254365 ], [ 6.217939248110774, 53.232635293567547 ], [ 6.217989570782361, 53.231877919004781 ], [ 6.218164114140774, 53.231725381263473 ], [ 6.219220047002056, 53.231795742152549 ], [ 6.220598965406543, 53.232122424033903 ], [ 6.22271029431277, 53.231332293327995 ], [ 6.224791568442107, 53.23005413507002 ], [ 6.225160292147923, 53.229463628679355 ], [ 6.225127673052598, 53.227989869572745 ], [ 6.226336209343454, 53.226844068864636 ], [ 6.226138652907109, 53.226086511336369 ], [ 6.225447892466565, 53.225489183071247 ], [ 6.226547239796066, 53.224484001523074 ], [ 6.230069356054458, 53.222699414653647 ], [ 6.23026589901169, 53.222478236264543 ], [ 6.230389370458076, 53.221811168026214 ], [ 6.230167547272936, 53.220149877684413 ], [ 6.229791068906297, 53.219641468184228 ], [ 6.229086497254371, 53.219143720993756 ], [ 6.229334555998056, 53.218646020860568 ], [ 6.229997611448273, 53.218045343716113 ], [ 6.23007452831253, 53.217754619805632 ], [ 6.228847429137248, 53.216629993939264 ], [ 6.22801213981599, 53.216231544213763 ], [ 6.226722789568752, 53.215983196033697 ], [ 6.226070056992027, 53.21541489512687 ], [ 6.225390719860869, 53.215098487394158 ], [ 6.224823130397358, 53.214510074798483 ], [ 6.224765269756001, 53.214307453554284 ], [ 6.225418841064018, 53.213312789825757 ], [ 6.225012138721024, 53.212572351723551 ], [ 6.224886866591162, 53.211893243142441 ], [ 6.223368456173498, 53.210755012326885 ], [ 6.222369612633288, 53.210448413934621 ], [ 6.221950526399609, 53.209795002693561 ], [ 6.222167984023785, 53.208735246731017 ], [ 6.221107807872722, 53.207957444275628 ], [ 6.220137498524161, 53.207590268513606 ], [ 6.219695042817722, 53.206953370173999 ], [ 6.219588602276871, 53.206322195065439 ], [ 6.219110393439387, 53.205908596834725 ], [ 6.218060561072946, 53.205484107737576 ], [ 6.216422163539535, 53.204418864046495 ], [ 6.214220529751684, 53.203806141743968 ], [ 6.213359693868997, 53.20294501209645 ], [ 6.211902362618499, 53.202149770590729 ], [ 6.211443010576623, 53.201074403074031 ], [ 6.210143961191792, 53.200467878085966 ], [ 6.209465915056613, 53.199792707290726 ], [ 6.20826321530318, 53.19956622650961 ], [ 6.206270303843966, 53.199849019694788 ], [ 6.204132333967721, 53.199659945665481 ], [ 6.20336419250838, 53.19926180791726 ], [ 6.202572653325202, 53.199108918917581 ], [ 6.20195119724371, 53.198718505196609 ], [ 6.199687162844449, 53.19827930290532 ], [ 6.200111766386707, 53.197023789122028 ], [ 6.199388048195358, 53.196133536950576 ], [ 6.200018488286332, 53.195124906700315 ], [ 6.199970405302889, 53.194504037731882 ], [ 6.199567198268703, 53.194098937538051 ], [ 6.199513277327544, 53.193195280664071 ], [ 6.198693631562951, 53.192912101871684 ], [ 6.197790250047611, 53.19198025734044 ], [ 6.196744200401865, 53.191882962677553 ], [ 6.195387885343319, 53.191452469358389 ], [ 6.195132086818141, 53.190962955940655 ], [ 6.194444050621076, 53.190552490046748 ], [ 6.194019911740744, 53.189638145764938 ], [ 6.192934381424958, 53.189007954461225 ], [ 6.192194046003324, 53.187538042538414 ], [ 6.191231911563212, 53.18624581793491 ], [ 6.18978254219707, 53.183799000878679 ], [ 6.188941202062991, 53.183063648143495 ], [ 6.188213019322195, 53.182670349949319 ], [ 6.187652242706909, 53.181528964846208 ], [ 6.184615918221263, 53.176831693317475 ], [ 6.184792298564982, 53.17659121815511 ], [ 6.184227593311963, 53.176290108953161 ], [ 6.181455369014272, 53.170496615059996 ], [ 6.181141218779539, 53.170136932059251 ], [ 6.17786304872519, 53.167871034220724 ], [ 6.177279662974533, 53.166397663181428 ], [ 6.175617128286008, 53.142094781680832 ], [ 6.175414851786758, 53.135514655705066 ], [ 6.176515996655663, 53.134714742306045 ], [ 6.177911158261654, 53.134530991988754 ], [ 6.178860635771034, 53.13422837005232 ], [ 6.183973158647223, 53.130949860495683 ], [ 6.187870114257676, 53.127254155764035 ], [ 6.190007629029313, 53.125821332222294 ], [ 6.18976141048502, 53.125537897639219 ], [ 6.205079868950848, 53.115583209642281 ], [ 6.222616157406013, 53.115013705047673 ], [ 6.22756809859746, 53.114173703433522 ], [ 6.23635532607851, 53.113484514873875 ], [ 6.243530365972975, 53.113558673264187 ], [ 6.258366000934708, 53.11447107701003 ], [ 6.26109965108278, 53.114440238853177 ], [ 6.262677569463186, 53.114219448372204 ], [ 6.264354591700404, 53.113628540627474 ], [ 6.273934397310814, 53.111347682750051 ], [ 6.281261417707535, 53.107659206769817 ], [ 6.283108948740294, 53.106944136630744 ], [ 6.288821976706576, 53.102143250484275 ], [ 6.290621054757832, 53.099919509319335 ], [ 6.315224062801636, 53.0941273666417 ], [ 6.311612015381581, 53.089142531671847 ], [ 6.305449699713093, 53.081255105437663 ], [ 6.367867435098921, 53.067442219732975 ], [ 6.36500912170911, 53.051884613197132 ], [ 6.36262734706708, 53.034005244302378 ], [ 6.427714573200323, 52.971810191350123 ], [ 6.393495094410171, 52.932762945768211 ], [ 6.334489801526693, 52.906474346463746 ], [ 6.333228167442836, 52.906270880183982 ], [ 6.302954292149916, 52.924874029703034 ], [ 6.256611092536611, 52.927539972306583 ], [ 6.247614093101941, 52.923609314686928 ], [ 6.245210193295833, 52.920830914587121 ], [ 6.244883328940358, 52.919502665025639 ], [ 6.232347430265116, 52.913354449003677 ], [ 6.206944286736054, 52.89065419900075 ], [ 6.16603113944265, 52.874934093234288 ], [ 6.121284960423505, 52.854649789151352 ], [ 6.092396639702096, 52.84418780052885 ], [ 6.087523016312881, 52.843023174642092 ], [ 6.084627709981495, 52.840977365257373 ], [ 6.083831151510445, 52.840311377224268 ], [ 6.083820933953469, 52.839739408312504 ], [ 6.08264345882589, 52.83905729386565 ], [ 6.08100768826991, 52.838632599899441 ], [ 6.075615137939432, 52.838596864043133 ], [ 6.068118515555263, 52.839311032487799 ], [ 6.061510695880297, 52.839196317390879 ], [ 6.056229341417169, 52.837801430040621 ], [ 6.052747219363121, 52.837241944007552 ], [ 6.055165451883534, 52.83121273568181 ], [ 6.060024343444385, 52.826050525185948 ], [ 6.055902574187215, 52.824760342998871 ], [ 6.05297231551154, 52.824029710849757 ], [ 6.050214626253076, 52.822525878221207 ], [ 6.04699295394339, 52.820432903162384 ], [ 6.04184018250232, 52.818980902276692 ], [ 6.034776368016161, 52.81645786664226 ], [ 6.031198965569786, 52.814895501912417 ], [ 6.026538232657463, 52.821015058484605 ], [ 6.025927164114175, 52.821606290582054 ], [ 6.024540112184632, 52.822440828717617 ], [ 6.017336629102761, 52.821731277663638 ], [ 6.00750612989263, 52.819949003216067 ], [ 5.999106293371353, 52.816813981704847 ], [ 5.996462839171358, 52.816472216492507 ], [ 5.99625848360356, 52.816858106510708 ], [ 5.994146274988526, 52.819038471252483 ], [ 5.991649224037791, 52.820551345963764 ], [ 5.990531152620536, 52.821506355968836 ], [ 5.988874943756328, 52.821959241968329 ], [ 5.98641187682794, 52.821619220417837 ], [ 5.98416709632061, 52.825686912489942 ], [ 5.981680597300754, 52.828901027761056 ], [ 5.981635528026281, 52.829274675685674 ], [ 5.977126692376807, 52.833369516530652 ], [ 5.976093313700555, 52.834690470143045 ], [ 5.972780266951959, 52.840670945958379 ], [ 5.972897313551993, 52.840938354440496 ], [ 5.972338096328592, 52.841915404260526 ], [ 5.972831903378602, 52.842360639279029 ], [ 5.969988449070263, 52.842275644075826 ], [ 5.960862989896303, 52.840386558631522 ], [ 5.959189015092353, 52.839860699256342 ], [ 5.95815196452448, 52.839310882282447 ], [ 5.956565133458081, 52.838141485142025 ], [ 5.955858192298165, 52.837339388650676 ], [ 5.955918408781883, 52.836719561546261 ], [ 5.956797137189167, 52.835076732810265 ], [ 5.956953330633338, 52.834440271950577 ], [ 5.956544251936566, 52.833477466866761 ], [ 5.955803084225162, 52.833136471912546 ], [ 5.954681330854362, 52.833246198328091 ], [ 5.953030815692512, 52.834490470752698 ], [ 5.949299372651256, 52.835900051553935 ], [ 5.946863821576026, 52.837145326172838 ], [ 5.94592861590276, 52.837352251942065 ], [ 5.944804655430618, 52.837166707369093 ], [ 5.942961505734776, 52.836243607633257 ], [ 5.940626200680457, 52.835608145809772 ], [ 5.937652314310678, 52.835251803735979 ], [ 5.935164621470492, 52.835389526962217 ], [ 5.931600854994032, 52.835228597479926 ], [ 5.930186634875874, 52.8349169675231 ], [ 5.927201317991652, 52.833772443717734 ], [ 5.92682849455816, 52.833387616090377 ], [ 5.927054726973798, 52.833037788971936 ], [ 5.929992570388269, 52.832725134429893 ], [ 5.930728602466682, 52.832313925706423 ], [ 5.93078525626458, 52.831911776268747 ], [ 5.930455841449278, 52.831410792034241 ], [ 5.929922907551424, 52.831207538251 ], [ 5.926852928620168, 52.831487869448459 ], [ 5.925532186774499, 52.831439255630798 ], [ 5.923644723748068, 52.831158897883668 ], [ 5.922918903369317, 52.830727969530955 ], [ 5.922750994747801, 52.830099812654183 ], [ 5.923127088060635, 52.829614774540588 ], [ 5.925968113181278, 52.828826924064266 ], [ 5.926506582212381, 52.828362478859077 ], [ 5.926456186611813, 52.828047724109176 ], [ 5.9261874684554, 52.827870863436651 ], [ 5.923890515596494, 52.827904072263472 ], [ 5.923279707682402, 52.827710668022313 ], [ 5.922993724945335, 52.827406447315447 ], [ 5.923120152492419, 52.826504396460358 ], [ 5.924434750602507, 52.82402405143138 ], [ 5.924429418798263, 52.823662013400373 ], [ 5.924135775365374, 52.823406008768963 ], [ 5.921661771571799, 52.822723704844442 ], [ 5.919424994559582, 52.821851643632918 ], [ 5.917851862340648, 52.821082064823209 ], [ 5.915051150170711, 52.819371494443651 ], [ 5.913632592008472, 52.818261587680574 ], [ 5.912549889157134, 52.816670579442551 ], [ 5.911454165643534, 52.815396799717448 ], [ 5.909412840960066, 52.813968829748433 ], [ 5.906033228227636, 52.812842246318624 ], [ 5.902314063732058, 52.81232555412123 ], [ 5.900707079894874, 52.811738124223901 ], [ 5.899855536061168, 52.811044889059744 ], [ 5.899401967056128, 52.810281688691163 ], [ 5.898720322204541, 52.808418956552551 ], [ 5.897924060865143, 52.807712831014605 ], [ 5.895218677742453, 52.807031711191961 ], [ 5.892804007566302, 52.805953360016389 ], [ 5.888591465767591, 52.805233752870059 ], [ 5.883139652868422, 52.804014247788075 ], [ 5.881760607143004, 52.803394217564822 ], [ 5.879634882580459, 52.801118553766344 ], [ 5.878791960771844, 52.800753189504277 ], [ 5.877753361695304, 52.80061845299187 ], [ 5.876263051790385, 52.800759227377924 ], [ 5.872659116377191, 52.801972694444721 ], [ 5.868652051575061, 52.802630111446646 ], [ 5.867685383237412, 52.803054454380472 ], [ 5.866576645670918, 52.804034957791607 ], [ 5.86561257446736, 52.804553029946113 ], [ 5.864645925079684, 52.804591275102787 ], [ 5.861803220500527, 52.8042313108839 ], [ 5.859609244801119, 52.804441079005308 ], [ 5.858644179151037, 52.805021202318123 ], [ 5.857698543060266, 52.806559075019656 ], [ 5.857408395468143, 52.806934170399948 ], [ 5.85701579913854, 52.807129213388237 ], [ 5.856592030201003, 52.807015502513522 ], [ 5.855500727066296, 52.805645116801095 ], [ 5.854675784571362, 52.805407189845994 ], [ 5.851297258539793, 52.806036762998801 ], [ 5.85017667049943, 52.806074582870195 ], [ 5.84619392972123, 52.805486250961621 ], [ 5.844186315701616, 52.805353687448267 ], [ 5.843573274415728, 52.80493463994884 ], [ 5.842142568995989, 52.807483138374195 ], [ 5.840471607992667, 52.806978917705976 ], [ 5.839469638909567, 52.806228900443529 ], [ 5.838778104591527, 52.805936293139965 ], [ 5.837341613045735, 52.805671402576834 ], [ 5.836445594462775, 52.805697283720569 ], [ 5.835856569277658, 52.806047343240742 ], [ 5.835834114716548, 52.806410465147287 ], [ 5.837211172241107, 52.807943749415308 ], [ 5.837270234312663, 52.808227636244411 ], [ 5.836754831595959, 52.80868831787911 ], [ 5.834923469151689, 52.80972721823489 ], [ 5.834397256530152, 52.810718547738226 ], [ 5.833576787463662, 52.811570097769177 ], [ 5.830943661709476, 52.812394520742878 ], [ 5.828701584074412, 52.813328700858982 ], [ 5.824991746971317, 52.813064609701065 ], [ 5.824163388724768, 52.813183220018139 ], [ 5.823219884785786, 52.813837408636381 ], [ 5.822156749917829, 52.815145873219727 ], [ 5.820016656283899, 52.816031334800321 ], [ 5.819747894387254, 52.816379625815138 ], [ 5.819812971915699, 52.816965764033455 ], [ 5.819691382203683, 52.817172331380732 ], [ 5.817064771092157, 52.816580330202896 ], [ 5.810055597735169, 52.813791899815833 ], [ 5.789779321351455, 52.803595299645949 ], [ 5.788150400144852, 52.806312408277286 ], [ 5.787783415520877, 52.807193867678656 ], [ 5.786614294662232, 52.811250230170188 ], [ 5.784300375736469, 52.81740911428038 ], [ 5.748770862171815, 52.83958455052268 ], [ 5.724840735625803, 52.843852685301343 ], [ 5.725103248926349, 52.843184244899426 ], [ 5.72506007920339, 52.84254407105476 ], [ 5.727561734201291, 52.836465589988521 ], [ 5.728406473870009, 52.835158366334603 ], [ 5.729348604447674, 52.83429402652186 ], [ 5.729313990683528, 52.834133605450042 ], [ 5.729666982933284, 52.833763339627154 ], [ 5.728658640887631, 52.833298124317743 ], [ 5.726452176976337, 52.834623973884369 ], [ 5.723302289353772, 52.835820625259949 ], [ 5.717750092560504, 52.836928351540159 ], [ 5.714684123618576, 52.837282306128714 ], [ 5.714718206587127, 52.837811876780066 ], [ 5.713335414557734, 52.838065920902288 ], [ 5.713265731597514, 52.837916576286204 ], [ 5.713067055074148, 52.837928271455326 ], [ 5.712463710436113, 52.83819880567119 ], [ 5.712354042019783, 52.8388147376616 ], [ 5.712483259315021, 52.839512015801581 ], [ 5.712214537382221, 52.839481496872814 ], [ 5.71132240218657, 52.838658629055502 ], [ 5.711105740783218, 52.838704208680703 ], [ 5.711083852036571, 52.838853258385981 ], [ 5.71219576916077, 52.839858971015794 ], [ 5.711976804689389, 52.84013907680314 ], [ 5.712701267065471, 52.840520023219803 ], [ 5.712566504919245, 52.840948848668646 ], [ 5.710862091067701, 52.840467362743354 ], [ 5.710279534037872, 52.838885371405219 ], [ 5.708827065334666, 52.838358512618093 ], [ 5.708739277798943, 52.838560126453039 ], [ 5.708880710005056, 52.838983806134166 ], [ 5.710075983174329, 52.840871605381153 ], [ 5.714216321276711, 52.841880823525749 ], [ 5.715868342307517, 52.842576131127345 ], [ 5.714815917329212, 52.842636717137019 ], [ 5.714647634068849, 52.8424445789285 ], [ 5.713367691041173, 52.841986791108198 ], [ 5.711028530068909, 52.841535461743256 ], [ 5.710564687122379, 52.841579197450272 ], [ 5.710205658345608, 52.84184393583908 ], [ 5.709551594022637, 52.841815488889338 ], [ 5.709034309796726, 52.842662086572282 ], [ 5.70869137866619, 52.842764767974501 ], [ 5.709557456766323, 52.841342853347726 ], [ 5.708074793504213, 52.838572875848101 ], [ 5.708084273863753, 52.837819290522532 ], [ 5.708865679594034, 52.836517659726354 ], [ 5.708822929958861, 52.836371265294844 ], [ 5.708549268935926, 52.836318376438562 ], [ 5.707800513043106, 52.837117647662723 ], [ 5.707506598550046, 52.838360249217622 ], [ 5.707299374174274, 52.838488362189118 ], [ 5.706420060178527, 52.83865037949942 ], [ 5.705638880850896, 52.837305387924758 ], [ 5.70538285683507, 52.837216793034813 ], [ 5.705245320571838, 52.837347703896981 ], [ 5.707549460417845, 52.841404433219999 ], [ 5.70780304334949, 52.841476659115244 ], [ 5.707723484383359, 52.84164487657327 ], [ 5.707488540492139, 52.841645901474429 ], [ 5.707326593730764, 52.841947282951431 ], [ 5.706913278698377, 52.842180226617046 ], [ 5.702939016338569, 52.843445526130424 ], [ 5.702592190356518, 52.843518787659363 ], [ 5.702401104389284, 52.843171539570918 ], [ 5.705728362188698, 52.841788441759377 ], [ 5.705364103867953, 52.841141481269723 ], [ 5.706156288044859, 52.840757725353022 ], [ 5.705323819637068, 52.839807438539808 ], [ 5.70458204231151, 52.84005487704809 ], [ 5.704201429116793, 52.839713591297667 ], [ 5.703845153420226, 52.839177032238673 ], [ 5.703990013006605, 52.839058104163257 ], [ 5.703903474003725, 52.838917837270117 ], [ 5.704653510474336, 52.838478213254731 ], [ 5.7033555380036, 52.837652033439994 ], [ 5.702259644597576, 52.838434042074901 ], [ 5.701947653809524, 52.83844140452522 ], [ 5.702003809559296, 52.838651363577412 ], [ 5.699336131329609, 52.840696064229988 ], [ 5.699232502736132, 52.840975619189834 ], [ 5.699407749982766, 52.841212551659417 ], [ 5.698753917815029, 52.842225887549858 ], [ 5.699039477493213, 52.842287283543207 ], [ 5.699392903856883, 52.841875320358412 ], [ 5.699653416770738, 52.841881453796105 ], [ 5.700105820761907, 52.842260974119093 ], [ 5.700179003829042, 52.842675807387891 ], [ 5.699948064653971, 52.843130878101313 ], [ 5.698523109005372, 52.844129839025925 ], [ 5.698049062464533, 52.844149351204663 ], [ 5.697561396457594, 52.843923611148803 ], [ 5.696746479851883, 52.844298506302799 ], [ 5.695176995257682, 52.844525932962085 ], [ 5.694955393978257, 52.844406077573936 ], [ 5.694659064655827, 52.843435948093628 ], [ 5.693638934060592, 52.84302491956521 ], [ 5.693548959365422, 52.843254595072004 ], [ 5.694346376758843, 52.843606570322848 ], [ 5.694493711301666, 52.844036008487031 ], [ 5.693885239761026, 52.844309180334101 ], [ 5.692951532345273, 52.845100062540027 ], [ 5.68518744168725, 52.845840304848537 ], [ 5.684004051834492, 52.844869853999754 ], [ 5.683678971979671, 52.844818434829293 ], [ 5.683516456036314, 52.844972722595386 ], [ 5.683472439801176, 52.844766604408164 ], [ 5.682994953320292, 52.844741012076547 ], [ 5.680279706086711, 52.845159203105645 ], [ 5.680074859513234, 52.845416191904981 ], [ 5.680284281868422, 52.845826307214551 ], [ 5.679580358677918, 52.846014092179679 ], [ 5.678847062960686, 52.845329914005902 ], [ 5.678846363704112, 52.845130223022856 ], [ 5.678604589845575, 52.845062282974368 ], [ 5.678484377875911, 52.844172408632453 ], [ 5.679193156138718, 52.843621919408847 ], [ 5.678915431678419, 52.843415715951132 ], [ 5.67818685730199, 52.843845823849925 ], [ 5.678006123724472, 52.84431453025708 ], [ 5.678080764607797, 52.844721887449637 ], [ 5.677686848235305, 52.845007209883839 ], [ 5.673573197793955, 52.844973654744834 ], [ 5.673498538698706, 52.845330180937218 ], [ 5.675161958896781, 52.848119449395917 ], [ 5.675591375474148, 52.849235472839204 ], [ 5.675981402910534, 52.849511826813945 ], [ 5.675952584918988, 52.849975110448618 ], [ 5.675694524745169, 52.850143616506244 ], [ 5.67623377014054, 52.850698023292672 ], [ 5.676403192887708, 52.851008876470516 ], [ 5.676284347745659, 52.851167868247259 ], [ 5.67642855673745, 52.851395285995437 ], [ 5.676615279054755, 52.851386892754121 ], [ 5.67713333757021, 52.85230444449558 ], [ 5.677017800249224, 52.852449133104422 ], [ 5.67682653089675, 52.85237597442633 ], [ 5.676249223020045, 52.851453207025571 ], [ 5.676349477010763, 52.851345816004184 ], [ 5.676236913320451, 52.851128415923448 ], [ 5.676027203819502, 52.851101652656695 ], [ 5.675730413702222, 52.85059890155582 ], [ 5.675823877808714, 52.850415141758482 ], [ 5.67565543844773, 52.850103592408388 ], [ 5.675362277829734, 52.850103172033698 ], [ 5.67485140380374, 52.849634328829644 ], [ 5.672191767074049, 52.844968533645265 ], [ 5.66852387726049, 52.844624434248921 ], [ 5.668135421835329, 52.844234442811491 ], [ 5.668567871153197, 52.842976717800923 ], [ 5.669390116240692, 52.841580010354804 ], [ 5.671076903357555, 52.839904467046097 ], [ 5.671012130697921, 52.839722407210381 ], [ 5.670755720660753, 52.839666985213512 ], [ 5.669250054809726, 52.841062165586536 ], [ 5.668897164443771, 52.841279682098026 ], [ 5.668509281253988, 52.841202531540581 ], [ 5.66842021696628, 52.841402307927936 ], [ 5.66868993059291, 52.841525482915529 ], [ 5.668170218280608, 52.841936829111432 ], [ 5.666427073062354, 52.843193752758609 ], [ 5.664474482714381, 52.84424623644432 ], [ 5.657795802515937, 52.84359290662902 ], [ 5.657358431632527, 52.843704192807429 ], [ 5.657358161640187, 52.844454251100814 ], [ 5.657086416214641, 52.845363589419712 ], [ 5.655852177810779, 52.846158335444322 ], [ 5.654858850380204, 52.846252031644568 ], [ 5.654688659241772, 52.846582067104116 ], [ 5.653806884928397, 52.847221734257722 ], [ 5.65390140747945, 52.847569641795914 ], [ 5.654534483094406, 52.847880945392887 ], [ 5.655637531164889, 52.847935663138102 ], [ 5.656637552571311, 52.847655746982277 ], [ 5.65666402109425, 52.849753392408452 ], [ 5.655856244280145, 52.85307299279733 ], [ 5.654330003262463, 52.855507181519464 ], [ 5.652917287019856, 52.856208361977117 ], [ 5.652419756363566, 52.85618412471996 ], [ 5.651038305158446, 52.856872346639136 ], [ 5.649708838891499, 52.857302156139845 ], [ 5.649337416818977, 52.85798165493388 ], [ 5.644592664425789, 52.860287026994421 ], [ 5.64352004426802, 52.859925037006441 ], [ 5.643903916771549, 52.861944625411731 ], [ 5.643194809900498, 52.859834180947978 ], [ 5.641222916156488, 52.860115006947211 ], [ 5.634656367229886, 52.858273164585931 ], [ 5.632106022081183, 52.857074759302762 ], [ 5.623927186224618, 52.853957283425103 ], [ 5.621277801321904, 52.852453956462895 ], [ 5.621386867053905, 52.852199274413778 ], [ 5.618156746734546, 52.85073634358961 ], [ 5.618404933072218, 52.850605120455533 ], [ 5.618289264257099, 52.850450781265685 ], [ 5.607940745277348, 52.851703830849338 ], [ 5.601380897407554, 52.851884651783855 ], [ 5.594561923582686, 52.850582317607135 ], [ 5.589323691737603, 52.850186813147509 ], [ 5.588888580623325, 52.849877299910339 ], [ 5.588228989341929, 52.849878692759518 ], [ 5.58749803716594, 52.849617499718384 ], [ 5.585296251572902, 52.849285790232486 ], [ 5.583847684223408, 52.848511446005475 ], [ 5.582793195927652, 52.847277716609028 ], [ 5.583124777664988, 52.845956484748605 ], [ 5.582842455195451, 52.845459151032195 ], [ 5.583074698949693, 52.845060955839244 ], [ 5.581488153453081, 52.843249926642677 ], [ 5.581365396462773, 52.842554276522229 ], [ 5.581120769430808, 52.842395720269202 ], [ 5.581005461408265, 52.840885646772378 ], [ 5.580587881275795, 52.840237391911195 ], [ 5.580266316199129, 52.840069036254405 ], [ 5.58010440543109, 52.839685316171703 ], [ 5.57835036126345, 52.838453468916335 ], [ 5.576250824652776, 52.837441981068771 ], [ 5.574554627384061, 52.836914271818713 ], [ 5.573656964125306, 52.83611955023742 ], [ 5.573267422121402, 52.836159337675532 ], [ 5.572268257636583, 52.835610644751497 ], [ 5.569742483536533, 52.834811133284937 ], [ 5.567240130897152, 52.834078008591213 ], [ 5.566899777148299, 52.834163384787246 ], [ 5.56418189227288, 52.833846633400263 ], [ 5.56107823836742, 52.833348583386908 ], [ 5.560140484082141, 52.832958821871017 ], [ 5.559170212373538, 52.83287708723315 ], [ 5.558439674225489, 52.832983914349875 ], [ 5.55276400242262, 52.832490061843323 ], [ 5.549880190950733, 52.832601302897345 ], [ 5.545901996659187, 52.832998886229795 ], [ 5.544870178938404, 52.832967308729309 ], [ 5.544506712388648, 52.832784154230602 ], [ 5.544099434996539, 52.833344534253214 ], [ 5.542493107456511, 52.833776701704508 ], [ 5.536733189422465, 52.835113707288983 ], [ 5.536664421093741, 52.835280239213937 ], [ 5.536471068672388, 52.835181929595912 ], [ 5.527321044508481, 52.837228043538651 ], [ 5.522514890168003, 52.839047474456635 ], [ 5.521103662489388, 52.839247697583779 ], [ 5.507617394930753, 52.843015440708506 ], [ 5.501491456364466, 52.845256791209394 ], [ 5.490258196505162, 52.848344110258594 ], [ 5.483225557448873, 52.8496536926339 ], [ 5.482857207936707, 52.849983724826423 ], [ 5.48241599412677, 52.85001198868278 ], [ 5.481205631137512, 52.850542118390472 ], [ 5.480614882358958, 52.850537505316382 ], [ 5.480287995644513, 52.850201190263917 ], [ 5.479670023432306, 52.850573237233405 ], [ 5.478217079781289, 52.850799071301033 ], [ 5.477171998304598, 52.850714332636045 ], [ 5.475903754919858, 52.851241696531936 ], [ 5.474400501287697, 52.85113533523154 ], [ 5.472796579820972, 52.851670763646162 ], [ 5.471672201437222, 52.85165689947771 ], [ 5.470431723411516, 52.851888372974543 ], [ 5.46879480814816, 52.851825472129903 ], [ 5.468439122373324, 52.852066971399623 ], [ 5.467410387757988, 52.852008361205236 ], [ 5.466950506135941, 52.851822908202905 ], [ 5.465825186887331, 52.85197885070248 ], [ 5.46540557399436, 52.85221805381348 ], [ 5.463642496863405, 52.852455903392212 ], [ 5.462942223263208, 52.852909518798739 ], [ 5.462245092257445, 52.852837985593347 ], [ 5.459709933280311, 52.853491758890449 ], [ 5.458136472892303, 52.853574032687703 ], [ 5.457151278932654, 52.853968841336908 ], [ 5.45652745066922, 52.853950225070093 ], [ 5.4558385801048, 52.854442290687793 ], [ 5.455187165198178, 52.854280777923066 ], [ 5.453861690606065, 52.85448893664438 ], [ 5.453270134863891, 52.855140234409006 ], [ 5.452312207790372, 52.854364488907862 ], [ 5.45139893887222, 52.854330370371905 ], [ 5.450955587106693, 52.853932911767821 ], [ 5.450289391766447, 52.854061458765194 ], [ 5.449820736022325, 52.85352833123634 ], [ 5.449941378104891, 52.853262737333239 ], [ 5.449832786144186, 52.853016421912891 ], [ 5.449499883729894, 52.852849314823118 ], [ 5.448958933937662, 52.852893221721907 ], [ 5.449104600781994, 52.852196901271569 ], [ 5.449304111176237, 52.852142782121575 ], [ 5.452065301817935, 52.852199102598419 ], [ 5.452249069313329, 52.852252448705066 ], [ 5.452381512478044, 52.852579926168161 ], [ 5.452582428272068, 52.852593937759373 ], [ 5.452784653700576, 52.851825088067216 ], [ 5.451583687596248, 52.851316410517285 ], [ 5.450552519344838, 52.851207659998394 ], [ 5.449802654830821, 52.851532669290251 ], [ 5.44949740176575, 52.851389113610246 ], [ 5.447333924171359, 52.851423244896942 ], [ 5.442612675252458, 52.8509249584991 ], [ 5.442082847146238, 52.850740459390259 ], [ 5.440115744099392, 52.851015096894137 ], [ 5.437377255670993, 52.850885014204671 ], [ 5.436781388465453, 52.850434818733682 ], [ 5.434176555115142, 52.849625124736463 ], [ 5.43327023444099, 52.849604241370045 ], [ 5.432721863007806, 52.849822043052633 ], [ 5.431358452510827, 52.849981672570074 ], [ 5.429970397110715, 52.849776132106207 ], [ 5.429032140239269, 52.849442265065306 ], [ 5.427940744092282, 52.848807478541289 ], [ 5.426929252290011, 52.848903466904432 ], [ 5.426267493394209, 52.848039455057979 ], [ 5.415343945560652, 52.850042451653714 ], [ 5.412054833400315, 52.851237785857926 ], [ 5.411219897372588, 52.851353101878942 ], [ 5.411154164426994, 52.851608995859358 ], [ 5.411302862554481, 52.851793856841503 ], [ 5.410790738224022, 52.852135430805824 ], [ 5.410662212696166, 52.852040939853453 ], [ 5.411045083436259, 52.851801501297068 ], [ 5.410972377763121, 52.851512529498002 ], [ 5.407978403086632, 52.853178809222321 ], [ 5.404379920109874, 52.854219009116477 ], [ 5.398035064094466, 52.857011647195968 ], [ 5.395739373352537, 52.858378184374033 ], [ 5.395230803636093, 52.85819740465643 ], [ 5.395167156116707, 52.858365284989617 ], [ 5.395379270995212, 52.858513711611138 ], [ 5.395286820081351, 52.858649088028201 ], [ 5.394461368136179, 52.859133675198841 ], [ 5.393971109063449, 52.858970907234728 ], [ 5.393925085985293, 52.859141782396236 ], [ 5.394188925194058, 52.85931451901115 ], [ 5.393151469711918, 52.85995778970581 ], [ 5.392638224976107, 52.859769492196691 ], [ 5.392589633198712, 52.859936545278053 ], [ 5.392845884251475, 52.860122766944798 ], [ 5.391882429825375, 52.860667752612677 ], [ 5.391467862881474, 52.86056043019444 ], [ 5.391433254455115, 52.860702925155579 ], [ 5.391645496637056, 52.860856702502652 ], [ 5.390631366584758, 52.861465203814319 ], [ 5.390197429649915, 52.861306211001917 ], [ 5.390116082735489, 52.861473046967731 ], [ 5.390331682053159, 52.861617066088876 ], [ 5.389801880017975, 52.861861995171594 ], [ 5.387508487417786, 52.863602141334724 ], [ 5.386955329861068, 52.863440483815239 ], [ 5.386938757303834, 52.863617967692697 ], [ 5.387289409121555, 52.863786222787368 ], [ 5.386268995507425, 52.864637120947194 ], [ 5.385700628342088, 52.864537324631399 ], [ 5.385699467100047, 52.864687988454143 ], [ 5.386035789727152, 52.864844963710794 ], [ 5.384820624877332, 52.865962524428753 ], [ 5.384117021466433, 52.866038556368338 ], [ 5.384281994522992, 52.866276659616446 ], [ 5.384144135285125, 52.866438831459277 ], [ 5.380203342122726, 52.868040955145347 ], [ 5.379464086972259, 52.867966034491289 ], [ 5.379352881991553, 52.867438102315276 ], [ 5.379111293255693, 52.867416693451915 ], [ 5.379243144148348, 52.868411187463309 ], [ 5.37519493180119, 52.870560141276634 ], [ 5.373553942573297, 52.871074329749625 ], [ 5.372535404576667, 52.870282831065516 ], [ 5.372454666080716, 52.870499959817394 ], [ 5.37292219484328, 52.870954646772738 ], [ 5.372506420203882, 52.871281846141443 ], [ 5.371889745959455, 52.871566436075398 ], [ 5.370791909430498, 52.871491614340883 ], [ 5.370653797280242, 52.871035255580082 ], [ 5.370459603141655, 52.870986734946278 ], [ 5.370369797550821, 52.871111482141266 ], [ 5.370535683426155, 52.871816920744727 ], [ 5.369470188282917, 52.872303627865406 ], [ 5.368302281787257, 52.87215412770675 ], [ 5.368126646777554, 52.871734489464579 ], [ 5.367935523499908, 52.871667039439878 ], [ 5.367825379154806, 52.871791655567328 ], [ 5.36797450954024, 52.872217057454094 ], [ 5.366801368029638, 52.872654035388116 ], [ 5.366013899459571, 52.87278132912833 ], [ 5.365119968393353, 52.872516076602963 ], [ 5.364216234027388, 52.872630208039297 ], [ 5.363234480016078, 52.8728992315434 ], [ 5.362144871103638, 52.873436985315188 ], [ 5.360735650466594, 52.874657174944609 ], [ 5.360338024885928, 52.875389675455274 ], [ 5.360290940056432, 52.876009539497751 ], [ 5.360599165368018, 52.875966496522359 ], [ 5.360826796361183, 52.875226656135695 ], [ 5.361425279011082, 52.874411559678272 ], [ 5.362383986387371, 52.87369870323824 ], [ 5.363417217009768, 52.873188162688372 ], [ 5.364977472938926, 52.872856340142988 ], [ 5.366364415099873, 52.873641568199787 ], [ 5.364978747055239, 52.874804855620354 ], [ 5.363974009802741, 52.876076310341773 ], [ 5.363312808206907, 52.875987126321355 ], [ 5.363154128929597, 52.876290586826897 ], [ 5.361430982512237, 52.876175272377608 ], [ 5.361282009467716, 52.87575156628013 ], [ 5.361134642767873, 52.876108166221748 ], [ 5.360325763418869, 52.876294432356893 ], [ 5.360460058372809, 52.876519735412941 ], [ 5.362486624062323, 52.876542780558893 ], [ 5.36452826157218, 52.876939822752462 ], [ 5.364157861319711, 52.877181282529875 ], [ 5.364127321813924, 52.877764150797454 ], [ 5.363738181133453, 52.878052764551832 ], [ 5.362558232544184, 52.877893056805227 ], [ 5.361810622511823, 52.878087450466438 ], [ 5.361310618164831, 52.877744044873261 ], [ 5.361096237673435, 52.877812136896026 ], [ 5.361757740639868, 52.878447262835799 ], [ 5.362450847017718, 52.878560735925433 ], [ 5.362879038303974, 52.878452975202201 ], [ 5.363381114508417, 52.878703879867587 ], [ 5.363269838922588, 52.878916385256538 ], [ 5.362336319174311, 52.878743727911235 ], [ 5.359605174115442, 52.878806927483495 ], [ 5.358829128181067, 52.87824767628743 ], [ 5.358440864028314, 52.877668247611041 ], [ 5.358339939956677, 52.876986859536402 ], [ 5.358647449548736, 52.876194579564739 ], [ 5.3583149645469, 52.876088676600332 ], [ 5.357904546545551, 52.876930297549961 ], [ 5.35794230009852, 52.877567148012091 ], [ 5.358477319156049, 52.87845954244343 ], [ 5.359371751318112, 52.879103417463398 ], [ 5.359201345865942, 52.879814246590755 ], [ 5.358829601415434, 52.880297756563884 ], [ 5.358191222278957, 52.880299965963474 ], [ 5.358229701883298, 52.880436079557661 ], [ 5.358685568715464, 52.880561855430827 ], [ 5.358655324922813, 52.880730670843271 ], [ 5.357430850783897, 52.882599247540988 ], [ 5.356670604331679, 52.884115566938064 ], [ 5.355129540233594, 52.884798173454662 ], [ 5.354279589388626, 52.885968012221831 ], [ 5.353826066209176, 52.885766417576413 ], [ 5.353576208845434, 52.885979921087618 ], [ 5.355232220403112, 52.886911488731627 ], [ 5.355418773422651, 52.886799016256852 ], [ 5.355390037209149, 52.886610543782766 ], [ 5.354778459198124, 52.886337335617419 ], [ 5.355736423799488, 52.885969334142935 ], [ 5.358161977000656, 52.886052453198808 ], [ 5.356796716430179, 52.886279249303627 ], [ 5.356618410469708, 52.886576669420187 ], [ 5.361234971255238, 52.887114994170645 ], [ 5.361195371304944, 52.88751230186066 ], [ 5.355245882190561, 52.887371401765307 ], [ 5.352372048219407, 52.886091145125576 ], [ 5.351992323336525, 52.886244899783485 ], [ 5.352030226638094, 52.886496103168462 ], [ 5.354572743250301, 52.887774312476893 ], [ 5.355758856838793, 52.888017305251992 ], [ 5.356628427858296, 52.887985148362397 ], [ 5.356789872360136, 52.888461940398997 ], [ 5.356710698940939, 52.888667603685803 ], [ 5.358271933034288, 52.889761265647373 ], [ 5.357860993156947, 52.889941195127925 ], [ 5.357862005023308, 52.890125469689757 ], [ 5.35850460693415, 52.889957336843317 ], [ 5.358732441835601, 52.89018837957255 ], [ 5.359202725747083, 52.890971432270845 ], [ 5.358844419452801, 52.891069366657852 ], [ 5.358828135029198, 52.891235305663045 ], [ 5.359357697884992, 52.891204985792015 ], [ 5.35980377084352, 52.8919644445686 ], [ 5.360950266684483, 52.892863267729538 ], [ 5.360738315296143, 52.893218780907588 ], [ 5.361231344435799, 52.893023867272035 ], [ 5.362979259593774, 52.893714464793057 ], [ 5.362422444401982, 52.894177390494264 ], [ 5.362480129260058, 52.894363140147938 ], [ 5.363198005408558, 52.893909602206477 ], [ 5.364228310086713, 52.894331778881174 ], [ 5.364475397964554, 52.8946451574609 ], [ 5.36388255223585, 52.894984488285679 ], [ 5.363899776399565, 52.895188997735907 ], [ 5.364687569458767, 52.894850192095674 ], [ 5.365352360763525, 52.89513871008495 ], [ 5.365782893661922, 52.895619831979559 ], [ 5.365180788145526, 52.895890590891256 ], [ 5.365159377560232, 52.89609533928931 ], [ 5.36599621034706, 52.895837678305767 ], [ 5.366377171195342, 52.895960841117265 ], [ 5.367947362212284, 52.897487920138111 ], [ 5.370160144695836, 52.898973249898837 ], [ 5.3697912971308, 52.899253705727922 ], [ 5.369851129944203, 52.899445939704549 ], [ 5.370469111316944, 52.899122843949463 ], [ 5.372231899291608, 52.899705064800166 ], [ 5.372094479722236, 52.900010834375855 ], [ 5.372192190513871, 52.900149606824883 ], [ 5.372530838022915, 52.899776024790256 ], [ 5.375001007353703, 52.900169419202342 ], [ 5.375331350427915, 52.900317382191091 ], [ 5.37518853815503, 52.900563119539555 ], [ 5.375332726078703, 52.900712263497788 ], [ 5.375646068141447, 52.900393424028856 ], [ 5.37600259034285, 52.90039401540777 ], [ 5.377677494522918, 52.901157278706691 ], [ 5.377691939812031, 52.90152740527521 ], [ 5.3779519409392, 52.901273753197607 ], [ 5.379775133237067, 52.90169648891991 ], [ 5.379545648914089, 52.901975894278777 ], [ 5.379630337017022, 52.902136546799525 ], [ 5.380074952314511, 52.901790329355471 ], [ 5.381949625686128, 52.902249683307296 ], [ 5.381717465899573, 52.902530569304787 ], [ 5.381825053755304, 52.902708016756065 ], [ 5.382261106411667, 52.902329680500365 ], [ 5.382945340163511, 52.902543954728998 ], [ 5.384289147574234, 52.903160818793275 ], [ 5.383967278517266, 52.903450562700655 ], [ 5.384011972146917, 52.90361795123971 ], [ 5.3845228176718, 52.903336475876714 ], [ 5.38644455116589, 52.904195851982863 ], [ 5.387533129179256, 52.905017530932447 ], [ 5.387255478873291, 52.90524963704339 ], [ 5.38733632291, 52.90542074114525 ], [ 5.387795316449306, 52.905181466420025 ], [ 5.389087631798115, 52.905594716605442 ], [ 5.390773567238834, 52.905754949015062 ], [ 5.391454608702295, 52.90554987730512 ], [ 5.392173263938627, 52.905837570836681 ], [ 5.392272522632516, 52.905682904907458 ], [ 5.392046893400198, 52.905502159461349 ], [ 5.392073421765556, 52.905207052350811 ], [ 5.392550367748705, 52.904940989700115 ], [ 5.394068849123893, 52.904878395446048 ], [ 5.39676291258204, 52.905808712972508 ], [ 5.397267604856405, 52.90726542256148 ], [ 5.397464267214292, 52.907146719003549 ], [ 5.397278368036888, 52.906440401630384 ], [ 5.397546958647713, 52.906293527280972 ], [ 5.397515975655559, 52.905972771085125 ], [ 5.397634067216535, 52.905927565346403 ], [ 5.398321785738565, 52.90586106874175 ], [ 5.400985631416741, 52.906145374680861 ], [ 5.406680613740983, 52.910159026570675 ], [ 5.406583845835797, 52.910482242997887 ], [ 5.406981180308506, 52.910795821733807 ], [ 5.407271649748778, 52.912463281507087 ], [ 5.407045040623402, 52.913067555497463 ], [ 5.407188642466981, 52.913361106409361 ], [ 5.407745317077754, 52.913514624178035 ], [ 5.407847895240447, 52.913828013271306 ], [ 5.407688594875306, 52.91485964192097 ], [ 5.407826925176495, 52.91518304506647 ], [ 5.407464663063356, 52.915413965309725 ], [ 5.407420558157285, 52.915954711295811 ], [ 5.406918910687814, 52.916297178603564 ], [ 5.406995698859424, 52.91671382825951 ], [ 5.406817782565819, 52.917139687779489 ], [ 5.407247868758224, 52.917855509823944 ], [ 5.407087396454179, 52.918442732369208 ], [ 5.407417834403376, 52.918904597502028 ], [ 5.408216657576673, 52.91918111007957 ], [ 5.408069398177659, 52.91941568102542 ], [ 5.408226147278064, 52.920380228369972 ], [ 5.408509856069926, 52.920632443527431 ], [ 5.408700046761539, 52.920603628415122 ], [ 5.408722533244057, 52.920961681091484 ], [ 5.409187236438616, 52.921540833751578 ], [ 5.409137410807015, 52.921927547433278 ], [ 5.40794431910285, 52.924450136982593 ], [ 5.407282800469556, 52.924256453201892 ], [ 5.406678727948048, 52.92449107888271 ], [ 5.405956986734662, 52.924504032755131 ], [ 5.405963222223656, 52.924712848551614 ], [ 5.406403455803473, 52.924797596775008 ], [ 5.406110517059473, 52.925374470615573 ], [ 5.405534802972852, 52.925378311553089 ], [ 5.405586804798355, 52.925536965982737 ], [ 5.405964681871009, 52.925605149151764 ], [ 5.405885856801791, 52.925943746430598 ], [ 5.405167563301372, 52.926096508747257 ], [ 5.405245967411672, 52.926258679710571 ], [ 5.405838865353311, 52.926307050085207 ], [ 5.405928489015039, 52.926436243397546 ], [ 5.405810008178135, 52.927329572725078 ], [ 5.405964751528052, 52.92766657951865 ], [ 5.40544502685582, 52.927937464726938 ], [ 5.405185608774536, 52.928433873022414 ], [ 5.405263607008944, 52.928761336796782 ], [ 5.404779245869066, 52.928935895372767 ], [ 5.404858925181637, 52.929096977477734 ], [ 5.405446297333368, 52.929092010349514 ], [ 5.404351022092629, 52.9314129696712 ], [ 5.403489374620994, 52.931664771749759 ], [ 5.403546217203622, 52.932057042625104 ], [ 5.403823792779386, 52.932228023263818 ], [ 5.403830259935304, 52.932539577535763 ], [ 5.403434280257041, 52.933057966289773 ], [ 5.403400488507867, 52.933557570374433 ], [ 5.402796593448492, 52.934467970675755 ], [ 5.402797213170181, 52.934819598199866 ], [ 5.40225467422732, 52.935886809098726 ], [ 5.402049781786688, 52.936875994026984 ], [ 5.400947133463068, 52.939118850686256 ], [ 5.399677710627377, 52.940163442657699 ], [ 5.399271275577596, 52.940062079190874 ], [ 5.399429947619518, 52.940333394200955 ], [ 5.396074513591693, 52.942491223399649 ], [ 5.395758835133941, 52.942395979940024 ], [ 5.395633446208609, 52.942520623413543 ], [ 5.395882014495109, 52.942692063876585 ], [ 5.395805472722983, 52.943039805625027 ], [ 5.395948391457798, 52.943214345698074 ], [ 5.399017775442753, 52.944253861489983 ], [ 5.398976875885785, 52.944560498542991 ], [ 5.399498563145088, 52.944326450067976 ], [ 5.401312747817587, 52.944754861145803 ], [ 5.402170002794853, 52.945388376207092 ], [ 5.402478344013559, 52.945048470478739 ], [ 5.401870878099637, 52.944482582841054 ], [ 5.402284270568962, 52.944215485975668 ], [ 5.40263546935625, 52.944310637556413 ], [ 5.402664733091894, 52.944173684138704 ], [ 5.402453647177973, 52.944039322031557 ], [ 5.402621444492276, 52.943938511279583 ], [ 5.402993319526914, 52.943974612885988 ], [ 5.402767816376516, 52.944758627344271 ], [ 5.403656088045167, 52.94485541011484 ], [ 5.403798837483729, 52.944084726845865 ], [ 5.40473190222998, 52.944061691598506 ], [ 5.404801873316988, 52.945209430829884 ], [ 5.406274636746501, 52.945216749667338 ], [ 5.406291103049145, 52.946951937434797 ], [ 5.403958657707403, 52.946985154907665 ], [ 5.402813462208403, 52.946602774371307 ], [ 5.402598233786305, 52.946385192241621 ], [ 5.402609865944565, 52.945895777671872 ], [ 5.402904211533, 52.945200409388484 ], [ 5.403453894326605, 52.945129003059719 ], [ 5.403345042128926, 52.944842859984469 ], [ 5.402815640448511, 52.944801069791126 ], [ 5.4026301262967, 52.944900092027588 ], [ 5.402261184568229, 52.945911459638864 ], [ 5.402253674053759, 52.946461530799787 ], [ 5.402553259743279, 52.946825686681066 ], [ 5.40393828368732, 52.947301757773353 ], [ 5.406688054236115, 52.94729537442052 ], [ 5.406974491689756, 52.946963485263893 ], [ 5.407030077509451, 52.946640479973176 ], [ 5.40785992991754, 52.94653449633789 ], [ 5.408988280224646, 52.947829782271612 ], [ 5.409207736570858, 52.948991714092948 ], [ 5.408785729539587, 52.949332480825682 ], [ 5.408904004955541, 52.949685005342793 ], [ 5.408712032794647, 52.949985890302116 ], [ 5.408710774056705, 52.950658421284508 ], [ 5.409063623100245, 52.951301859966939 ], [ 5.40961952200055, 52.951647863135491 ], [ 5.409331719760482, 52.951937313310516 ], [ 5.409347629048496, 52.952404314971091 ], [ 5.408856639148898, 52.952785180944694 ], [ 5.409208398235935, 52.953176182837005 ], [ 5.40877733840192, 52.954065933061223 ], [ 5.408926302831678, 52.954454980836275 ], [ 5.408837047505776, 52.95481963725468 ], [ 5.409122620909272, 52.955247686785526 ], [ 5.409421900712962, 52.955352761798238 ], [ 5.410292944329706, 52.955502556402053 ], [ 5.41073928992722, 52.955405206206542 ], [ 5.411012930569911, 52.955130670628542 ], [ 5.411135795354722, 52.955260001168128 ], [ 5.409222923308544, 52.95633374609254 ], [ 5.409260457536424, 52.956750162852138 ], [ 5.408161504939155, 52.957799323044703 ], [ 5.408194565693478, 52.958249670342845 ], [ 5.407860009513358, 52.959261772333512 ], [ 5.407932688344811, 52.959611389849236 ], [ 5.405877781713876, 52.959821842438323 ], [ 5.405845694556686, 52.959628290528705 ], [ 5.406556159380711, 52.959227902299972 ], [ 5.406095771403232, 52.958904729030017 ], [ 5.404648173733168, 52.959686996626274 ], [ 5.403079552467704, 52.959507911416466 ], [ 5.402956918266062, 52.959717717070745 ], [ 5.412094628936309, 52.960803355641112 ], [ 5.414106505629001, 52.962190151654475 ], [ 5.417453140037272, 52.96401263408297 ], [ 5.433066845436807, 52.971541800275233 ], [ 5.434220697049486, 52.971922243425809 ], [ 5.434181160046252, 52.972101795819455 ], [ 5.433594469714244, 52.972319331611551 ], [ 5.433379378951762, 52.97211834359971 ], [ 5.433310176385745, 52.971723180737946 ], [ 5.430332831428428, 52.970374392966121 ], [ 5.430159058364147, 52.970440304912714 ], [ 5.426428687948992, 52.968601474760234 ], [ 5.425905875044195, 52.968925997459124 ], [ 5.425161759335704, 52.968572775143109 ], [ 5.425586565306072, 52.968165174208778 ], [ 5.42525459456567, 52.968157844928172 ], [ 5.424882167481567, 52.967955329665585 ], [ 5.424850396038409, 52.967783044397812 ], [ 5.42445101582604, 52.967814569237703 ], [ 5.42375503989527, 52.968318340676319 ], [ 5.424335041577459, 52.967863262002552 ], [ 5.424296799509293, 52.967587616648728 ], [ 5.424009381202019, 52.967589722949874 ], [ 5.422223667368071, 52.966754486218413 ], [ 5.422166870905148, 52.966476413572558 ], [ 5.421486247673782, 52.96631589405456 ], [ 5.421256061823056, 52.9664748052367 ], [ 5.421399636313205, 52.966617042973013 ], [ 5.420485141323092, 52.967321615766132 ], [ 5.420232296958893, 52.967307620323886 ], [ 5.418312680197441, 52.968807222009978 ], [ 5.417545705737491, 52.96879023133291 ], [ 5.418119932162781, 52.96671276976673 ], [ 5.419382848212728, 52.965935853122907 ], [ 5.419547377608602, 52.965683165169295 ], [ 5.419485003809553, 52.965382008013712 ], [ 5.414556744972027, 52.962668195465646 ], [ 5.414370740267407, 52.962692402357618 ], [ 5.411596068760979, 52.960903688777535 ], [ 5.411329390243141, 52.960945276560317 ], [ 5.412313420972171, 52.963108197167166 ], [ 5.412572793601482, 52.963211577134487 ], [ 5.412675281672858, 52.963523080042151 ], [ 5.410923443696134, 52.96832264074088 ], [ 5.410375317548397, 52.969238379826209 ], [ 5.410435418513223, 52.969489804381531 ], [ 5.410152312700934, 52.969519909819226 ], [ 5.409997631681256, 52.969783786324058 ], [ 5.410036445462209, 52.970375165092285 ], [ 5.410291698574889, 52.970494712367746 ], [ 5.410219476500642, 52.970677006811414 ], [ 5.409158894443499, 52.971007434682896 ], [ 5.409175611116167, 52.971180718717662 ], [ 5.409442023995362, 52.971300928694575 ], [ 5.409325636177087, 52.971816418381692 ], [ 5.409580676902939, 52.972152624868386 ], [ 5.409199000830228, 52.972131358791763 ], [ 5.4087000652406, 52.97240323515409 ], [ 5.408921293135748, 52.972797539393312 ], [ 5.408864285139585, 52.972965119831507 ], [ 5.408313900754875, 52.973135563022886 ], [ 5.408133042628768, 52.973455654434737 ], [ 5.408051362670421, 52.973894383207671 ], [ 5.408318863255383, 52.974109829883041 ], [ 5.407921991216178, 52.974193291413968 ], [ 5.407564626261377, 52.974518697417338 ], [ 5.407544039838762, 52.975062808855178 ], [ 5.407846897869695, 52.975225644278694 ], [ 5.407231694601291, 52.9751947676382 ], [ 5.406684341300967, 52.974936430045474 ], [ 5.406519727488182, 52.975159391040755 ], [ 5.406560460680755, 52.97571934433028 ], [ 5.406218132887281, 52.975856496239494 ], [ 5.406189393720111, 52.976041371709421 ], [ 5.405782542318285, 52.976325028186508 ], [ 5.405803147831869, 52.976507988091335 ], [ 5.406064409787344, 52.976659488627085 ], [ 5.405784267525808, 52.976721534695209 ], [ 5.405743166471679, 52.976989812280898 ], [ 5.405994553402203, 52.977198860500017 ], [ 5.406486407694439, 52.977214426882696 ], [ 5.406295113421475, 52.977319151797879 ], [ 5.406265618475227, 52.977787200672942 ], [ 5.406071891577146, 52.977904365236185 ], [ 5.40561115423324, 52.977704679421365 ], [ 5.405227655650515, 52.977855325709385 ], [ 5.404872573674059, 52.978274735930349 ], [ 5.404873785564948, 52.978585559748204 ], [ 5.4043262451544, 52.978805353599128 ], [ 5.404423348139907, 52.978990192595887 ], [ 5.404653789921593, 52.979017526430447 ], [ 5.404642054277856, 52.979297613670902 ], [ 5.404940361990982, 52.979518306955612 ], [ 5.40448995861787, 52.980113006513882 ], [ 5.40461173158029, 52.980317602326473 ], [ 5.404269976841266, 52.980541419961185 ], [ 5.404367142683556, 52.980708913436601 ], [ 5.40413929081138, 52.981025173600884 ], [ 5.404371456286347, 52.981293999952427 ], [ 5.402920725732383, 52.982796074086231 ], [ 5.403121913287232, 52.983041573489842 ], [ 5.403623630289383, 52.983011851383196 ], [ 5.403846850422249, 52.983183906295451 ], [ 5.403796261703421, 52.983447398537592 ], [ 5.403414405551535, 52.98329434348377 ], [ 5.402500373730251, 52.98355234094069 ], [ 5.402829284044579, 52.984795372940845 ], [ 5.40244070675294, 52.984995643934695 ], [ 5.40165093234818, 52.985058055552344 ], [ 5.401670613587545, 52.985249292332092 ], [ 5.401953646785592, 52.985355829522945 ], [ 5.40137289453135, 52.985783174953831 ], [ 5.40136542242241, 52.987248671992404 ], [ 5.400263349152072, 52.987944882831925 ], [ 5.400274187121181, 52.98832404640639 ], [ 5.400622902492823, 52.988526682448629 ], [ 5.400467445341026, 52.988674012941011 ], [ 5.400074599474757, 52.988676421774521 ], [ 5.399912107804794, 52.988884140893795 ], [ 5.399998531195608, 52.989120498009335 ], [ 5.399872273363888, 52.989372539525533 ], [ 5.400124063857705, 52.989616726790906 ], [ 5.399959113732818, 52.989886562215808 ], [ 5.399155787478929, 52.9900111369397 ], [ 5.399418402731205, 52.99047271988082 ], [ 5.399190190377211, 52.990863301015253 ], [ 5.399477401862627, 52.991147919471274 ], [ 5.399016411860221, 52.991422252831498 ], [ 5.399073497855396, 52.992092746103204 ], [ 5.398546849455399, 52.992274389495812 ], [ 5.399121612646907, 52.992722308773914 ], [ 5.399218683257054, 52.993155572177031 ], [ 5.399247756334718, 52.993373055582261 ], [ 5.398831162033385, 52.99384783563216 ], [ 5.399294451951932, 52.994569528603847 ], [ 5.398839530442992, 52.994809564928133 ], [ 5.398758214747451, 52.995070712102326 ], [ 5.398878282736966, 52.995306930745826 ], [ 5.398746738359618, 52.995471215945393 ], [ 5.399383569654305, 52.996240238569229 ], [ 5.398942977213973, 52.996222749143804 ], [ 5.398613296000977, 52.996439931653192 ], [ 5.398538751677111, 52.996723288164553 ], [ 5.39882850902565, 52.996905061448075 ], [ 5.398574227656681, 52.997207071633156 ], [ 5.39861417341773, 52.997515962348594 ], [ 5.398459410688759, 52.997746157297684 ], [ 5.398828325210242, 52.997953605399665 ], [ 5.398866486742665, 52.998393672265301 ], [ 5.399240858347356, 52.998502131291758 ], [ 5.398807981967071, 52.998699192825711 ], [ 5.398830846146863, 52.998980840508061 ], [ 5.399058592945928, 52.999192749628904 ], [ 5.399604888064038, 52.999209783917486 ], [ 5.399592201961058, 52.999739431061137 ], [ 5.39978168141963, 52.99989511112387 ], [ 5.39962377224265, 53.00005822817316 ], [ 5.399063249670055, 53.000015761800654 ], [ 5.398908156617565, 53.000216804268817 ], [ 5.399445083636991, 53.000697678188793 ], [ 5.399287045211435, 53.001324635142893 ], [ 5.399891667699446, 53.002228048949377 ], [ 5.399603881877391, 53.002838614335069 ], [ 5.40096534491136, 53.003961495074144 ], [ 5.400615566312837, 53.004170541077791 ], [ 5.400604419432754, 53.004492288481948 ], [ 5.401075542107264, 53.005368920527964 ], [ 5.401415923561424, 53.005303445762678 ], [ 5.400847084931652, 53.005964790188536 ], [ 5.400997237332495, 53.006583286473159 ], [ 5.402567528534404, 53.00724603501633 ], [ 5.403512130910351, 53.007181405735309 ], [ 5.403408496406336, 53.006494723514685 ], [ 5.40380639614781, 53.006475383756097 ], [ 5.404403188622729, 53.00691244044512 ], [ 5.404306082250615, 53.007098271181306 ], [ 5.403874314277597, 53.007106067170724 ], [ 5.403497642504996, 53.00745474556053 ], [ 5.403768780928432, 53.007971387492113 ], [ 5.404120632302851, 53.007917141197716 ], [ 5.404114653717895, 53.008221370339456 ], [ 5.403750343073785, 53.008551207465054 ], [ 5.40373176535017, 53.008891026303509 ], [ 5.404258621258366, 53.009296384399114 ], [ 5.404881397039618, 53.009375745268805 ], [ 5.4049880598061, 53.009198335068156 ], [ 5.405691917953951, 53.010279545229288 ], [ 5.405592593685663, 53.01060089995255 ], [ 5.405199565569223, 53.010206268844357 ], [ 5.404879303493389, 53.010332556923132 ], [ 5.405145294226637, 53.011088695639188 ], [ 5.405727130619244, 53.011148943516808 ], [ 5.40529317911472, 53.011436512623689 ], [ 5.405290898751929, 53.011809822245226 ], [ 5.406138473919494, 53.011764545070371 ], [ 5.40687395090694, 53.011449970350185 ], [ 5.407364406358238, 53.011997047793677 ], [ 5.407767729946408, 53.013314632866901 ], [ 5.406073225205986, 53.012805230405782 ], [ 5.405675613630029, 53.012494876253719 ], [ 5.404775812898272, 53.013534245371687 ], [ 5.405969059017979, 53.01379532194192 ], [ 5.406090808347162, 53.01411364867203 ], [ 5.406428520540562, 53.014301918583222 ], [ 5.406459064674948, 53.014754576285817 ], [ 5.406181907690915, 53.015284111757772 ], [ 5.40723545037966, 53.016230430722331 ], [ 5.406950264592393, 53.016462062509483 ], [ 5.406820303325916, 53.016821156693211 ], [ 5.407382876143391, 53.016932889116582 ], [ 5.407683900227291, 53.017286288400491 ], [ 5.40721554847967, 53.017785732996096 ], [ 5.40790141739392, 53.017746984311209 ], [ 5.40828738443048, 53.018497697096137 ], [ 5.408322171731773, 53.018951600036551 ], [ 5.407500825926223, 53.019219480659565 ], [ 5.407557396031896, 53.019410286741554 ], [ 5.408050185162537, 53.019621583016402 ], [ 5.408141354653426, 53.020058209019481 ], [ 5.407485004591862, 53.020612160973968 ], [ 5.40748467964783, 53.020865492373602 ], [ 5.408277542993472, 53.021124147512559 ], [ 5.407912342729603, 53.02115530983172 ], [ 5.407187901609036, 53.021537885485579 ], [ 5.406529100278963, 53.021369149020288 ], [ 5.405881552086216, 53.020924240508059 ], [ 5.404921236204075, 53.020846978576103 ], [ 5.40329265200936, 53.021283814714401 ], [ 5.403142740864466, 53.021613155246882 ], [ 5.40270391779718, 53.021572490887188 ], [ 5.401642440914212, 53.022076041552545 ], [ 5.400303160645699, 53.02210897780266 ], [ 5.400139830351631, 53.02229733452841 ], [ 5.398892927910507, 53.022598391429796 ], [ 5.398486136468541, 53.023049370970924 ], [ 5.397657179205262, 53.023317959091983 ], [ 5.396875942875417, 53.024177345873916 ], [ 5.396703856508851, 53.025271214898773 ], [ 5.396940247745501, 53.025870075155417 ], [ 5.397349613244351, 53.026209985703119 ], [ 5.397526956968603, 53.026591088261554 ], [ 5.397330176454005, 53.027155874994932 ], [ 5.397847319032565, 53.027415671174182 ], [ 5.398032507365097, 53.027796059853067 ], [ 5.398753914391934, 53.028354167138545 ], [ 5.396468065497708, 53.028201823736318 ], [ 5.396098049069246, 53.028281078570707 ], [ 5.395909937764491, 53.028504766810862 ], [ 5.396366479524578, 53.02889146055206 ], [ 5.396406348104779, 53.029318744573267 ], [ 5.396599966097846, 53.029522470717218 ], [ 5.39635560810014, 53.0300093832101 ], [ 5.396435753627725, 53.030206361259232 ], [ 5.397580126246378, 53.030326303916667 ], [ 5.399312161946319, 53.02992714940499 ], [ 5.399794433871013, 53.029956584075293 ], [ 5.399894985709095, 53.030395322123653 ], [ 5.40039078405653, 53.030504662013726 ], [ 5.400973403564818, 53.030248230076744 ], [ 5.401459703562801, 53.030644414339115 ], [ 5.402450830618737, 53.030993618297181 ], [ 5.402486913035549, 53.031325149424426 ], [ 5.402698853264305, 53.031420629726831 ], [ 5.402721166771475, 53.031601297129583 ], [ 5.402426023189904, 53.031522152810055 ], [ 5.402206407374609, 53.031665213572055 ], [ 5.402427745418381, 53.032080886818363 ], [ 5.402074368863835, 53.032595436438505 ], [ 5.402205288539728, 53.03281512978586 ], [ 5.402076971609284, 53.033847082256557 ], [ 5.402158973302653, 53.034363695914038 ], [ 5.402349000697768, 53.034476807558789 ], [ 5.402307956831934, 53.035155980930277 ], [ 5.402426958956356, 53.035294667399775 ], [ 5.401124309665125, 53.035139240714336 ], [ 5.40081480923557, 53.035412833682841 ], [ 5.400698276888674, 53.036438702363398 ], [ 5.40090638726419, 53.037317645939112 ], [ 5.400726653523765, 53.037456745646374 ], [ 5.401020290377242, 53.037786828969409 ], [ 5.401706097272827, 53.037992524923581 ], [ 5.402255482264236, 53.037885010833165 ], [ 5.402502938976112, 53.037761348111154 ], [ 5.402659702219186, 53.037426000808026 ], [ 5.403264952607011, 53.03730310754267 ], [ 5.403743457712192, 53.036957313651136 ], [ 5.403803775374278, 53.035839841766595 ], [ 5.404785018460593, 53.035166960970635 ], [ 5.404677665801157, 53.03490065517763 ], [ 5.405060289150339, 53.034217362909409 ], [ 5.405475566195798, 53.03424200022144 ], [ 5.406227586926494, 53.033883343361843 ], [ 5.406667411521418, 53.033403208396862 ], [ 5.406796439611719, 53.033663410437754 ], [ 5.405991853517418, 53.034265687672736 ], [ 5.405657944090597, 53.035079762369961 ], [ 5.405701053471446, 53.035326765842797 ], [ 5.406002060489642, 53.035574951061619 ], [ 5.405907610269265, 53.035751605033347 ], [ 5.405313517080391, 53.035899725879595 ], [ 5.404876025279259, 53.036245858297541 ], [ 5.404749328325664, 53.03680501392428 ], [ 5.404846290975645, 53.03722442395776 ], [ 5.404586765289773, 53.037163090362199 ], [ 5.40451383937992, 53.037395482160122 ], [ 5.404073293536605, 53.037461497300335 ], [ 5.403714812676983, 53.038152979672219 ], [ 5.404016334035779, 53.038449165216186 ], [ 5.403815713771905, 53.038759406883223 ], [ 5.403348947644245, 53.038894472820779 ], [ 5.403219291368008, 53.039260764815623 ], [ 5.402880544371798, 53.039226591078737 ], [ 5.402553387713088, 53.039486239712133 ], [ 5.402656507826276, 53.039636578519399 ], [ 5.403606946878753, 53.039833640129658 ], [ 5.403476395087107, 53.04016223368005 ], [ 5.402756893336233, 53.040416405275487 ], [ 5.402715382213662, 53.040870322528612 ], [ 5.403462816009199, 53.040951612433382 ], [ 5.403570225542405, 53.041154568849436 ], [ 5.404013152637298, 53.041343838340239 ], [ 5.404094019192246, 53.041578285251859 ], [ 5.403307881512154, 53.041688228096405 ], [ 5.403214263958573, 53.041973305256846 ], [ 5.404179989005895, 53.041821440067714 ], [ 5.404470803330719, 53.042616710032171 ], [ 5.403756904534393, 53.042803985218065 ], [ 5.40367570600125, 53.042987265094972 ], [ 5.404077995082151, 53.043126126585648 ], [ 5.404566402583316, 53.0428726009185 ], [ 5.405007761786469, 53.043916795087881 ], [ 5.404173552526715, 53.043845427014972 ], [ 5.403831876988402, 53.044082085478273 ], [ 5.40381217929955, 53.044347430802624 ], [ 5.404416806601155, 53.04458858202598 ], [ 5.40415014083334, 53.044872245412513 ], [ 5.404100516300093, 53.045299583349312 ], [ 5.404330976212861, 53.045566731853029 ], [ 5.404676700940025, 53.045653952612817 ], [ 5.405125991763383, 53.045528178231272 ], [ 5.405320849867939, 53.045749624451744 ], [ 5.404336548777644, 53.045944051084398 ], [ 5.404224925902421, 53.046259513761683 ], [ 5.404481255106103, 53.047246842561734 ], [ 5.404400117247262, 53.04757763441075 ], [ 5.40415762261979, 53.047879802199084 ], [ 5.403713731398765, 53.048068842555999 ], [ 5.403516390174547, 53.048417346731668 ], [ 5.403313085021082, 53.048317041375597 ], [ 5.403237206821156, 53.047775820764848 ], [ 5.403456596830353, 53.047517214385749 ], [ 5.403332306921221, 53.046686477512836 ], [ 5.403437770577421, 53.046413953573534 ], [ 5.403301041659748, 53.046290375870711 ], [ 5.40363810510494, 53.045980262167902 ], [ 5.40327348995629, 53.045762491400374 ], [ 5.403210009067135, 53.045249796452957 ], [ 5.40352540513524, 53.045014247691583 ], [ 5.403136678975545, 53.044763779260592 ], [ 5.40331131936676, 53.044084788423227 ], [ 5.403213248226999, 53.043850129954045 ], [ 5.402966419146219, 53.043790410415632 ], [ 5.403033413633216, 53.043380351350145 ], [ 5.402751794867634, 53.043318493104749 ], [ 5.402654711773649, 53.043157011963338 ], [ 5.402766274423857, 53.042950981654684 ], [ 5.402262903969166, 53.042816933017441 ], [ 5.40182214416327, 53.042048133891235 ], [ 5.402025111611345, 53.041564558071109 ], [ 5.4014399388888, 53.041226111537902 ], [ 5.401528753705226, 53.040982284963007 ], [ 5.401356778650423, 53.040710479070974 ], [ 5.401562899014166, 53.040617508004402 ], [ 5.401525893757773, 53.040316524390605 ], [ 5.401269105881195, 53.040057690866192 ], [ 5.401332188404921, 53.03979688107934 ], [ 5.401059551653185, 53.03947464724255 ], [ 5.401114709695225, 53.039173867226602 ], [ 5.400419536342239, 53.037918284277808 ], [ 5.400546279833851, 53.037271422222332 ], [ 5.400182636032332, 53.036555121543145 ], [ 5.400367792031569, 53.036337473979167 ], [ 5.400179101487935, 53.035855446446121 ], [ 5.400466052007716, 53.034451479905478 ], [ 5.400143613435515, 53.033764859995024 ], [ 5.400180433454068, 53.033521225691601 ], [ 5.399499483815432, 53.032789358274563 ], [ 5.399110302689798, 53.032765784731488 ], [ 5.398729618450513, 53.032382356634862 ], [ 5.398165627737914, 53.032497652883599 ], [ 5.39770771462133, 53.032228918034853 ], [ 5.396166327385863, 53.031843437272315 ], [ 5.394980150755272, 53.031830820352376 ], [ 5.394207866376289, 53.032054733678542 ], [ 5.393779612755227, 53.032538393115253 ], [ 5.393915781523463, 53.032879480556097 ], [ 5.392820585934279, 53.03349260724216 ], [ 5.392799145212879, 53.033678913776662 ], [ 5.393442618063138, 53.034454345133391 ], [ 5.393703250213877, 53.034550330251506 ], [ 5.393737120287855, 53.034795765704331 ], [ 5.393025506273516, 53.035056355664594 ], [ 5.39286939070332, 53.035514648705288 ], [ 5.392184617608953, 53.035910202407429 ], [ 5.391846670393917, 53.036749280366486 ], [ 5.391221196274928, 53.037324801089881 ], [ 5.390885390154585, 53.038172008300968 ], [ 5.390427177538049, 53.038463709680407 ], [ 5.390133065668188, 53.038889855817615 ], [ 5.3901392490458, 53.039255340514892 ], [ 5.389423674287846, 53.040022449574991 ], [ 5.389527617211523, 53.040329492369601 ], [ 5.389030411038105, 53.040400419585914 ], [ 5.389105764296347, 53.040686359408419 ], [ 5.38826293294364, 53.040734564197287 ], [ 5.387994464034501, 53.041346822396413 ], [ 5.387221403792872, 53.041801815410608 ], [ 5.386930640738449, 53.042169945032327 ], [ 5.387121594442482, 53.042433452433201 ], [ 5.38874659711932, 53.042885088130248 ], [ 5.388513407717149, 53.043214756460245 ], [ 5.3866714362687, 53.042662574318364 ], [ 5.385882821325867, 53.042855932283821 ], [ 5.385723675630743, 53.042990771565151 ], [ 5.385690068131077, 53.043491965357312 ], [ 5.385249709003154, 53.043693568324748 ], [ 5.384951384675318, 53.044425883045548 ], [ 5.384130189629025, 53.044853266865566 ], [ 5.380211577234773, 53.043850895691136 ], [ 5.377930789318498, 53.043055599467763 ], [ 5.376577156346544, 53.042897632700139 ], [ 5.375311169008549, 53.043224932756161 ], [ 5.374493991598289, 53.043849285032351 ], [ 5.375943547353834, 53.044200308516928 ], [ 5.37621586010877, 53.044144183096755 ], [ 5.376487602870558, 53.043708164236662 ], [ 5.377193390484198, 53.043625075461996 ], [ 5.377503170877311, 53.043684892829503 ], [ 5.379132518747846, 53.044205142370807 ], [ 5.379707514117696, 53.043989096920278 ], [ 5.38119879049357, 53.044321446149176 ], [ 5.382301605680556, 53.044608245430886 ], [ 5.382934392374768, 53.044808541954602 ], [ 5.380942026225883, 53.044351810879775 ], [ 5.380656166474051, 53.044544919503878 ], [ 5.380712680687064, 53.044900619371255 ], [ 5.381574693591385, 53.045087716314804 ], [ 5.380675227985884, 53.045136388593498 ], [ 5.380493738800822, 53.04433238609225 ], [ 5.378807639014239, 53.044235038900709 ], [ 5.378625441217397, 53.044451042509934 ], [ 5.378754847469366, 53.044626856420464 ], [ 5.378534660030999, 53.044459620800467 ], [ 5.378379592930714, 53.04400861333928 ], [ 5.377752712569838, 53.043803331357168 ], [ 5.377282813059243, 53.044133689874066 ], [ 5.376224581471205, 53.044221646517684 ], [ 5.376093843910017, 53.044414438823772 ], [ 5.374425349539993, 53.043945826079067 ], [ 5.374282457212734, 53.044034495508022 ], [ 5.374330276513592, 53.044192422347258 ], [ 5.375644224289713, 53.044675455178599 ], [ 5.374825629353913, 53.04506316147107 ], [ 5.374048219263525, 53.045030349090943 ], [ 5.37393363319616, 53.044990479895205 ], [ 5.374413661270985, 53.044360281621465 ], [ 5.374208663846659, 53.044211295408587 ], [ 5.37337424233858, 53.045263805987382 ], [ 5.373577501680653, 53.04579320093135 ], [ 5.375679505051587, 53.046452684873337 ], [ 5.375918497819195, 53.04626291580535 ], [ 5.376828955251786, 53.046757079146708 ], [ 5.377165357938518, 53.046604675539093 ], [ 5.377973850522297, 53.047075133125105 ], [ 5.378332891260013, 53.046972370630591 ], [ 5.379040639522423, 53.047265698320437 ], [ 5.379898144052439, 53.04719785324329 ], [ 5.380096771546542, 53.047423212254728 ], [ 5.380074522377876, 53.047852476900339 ], [ 5.378982347225421, 53.050475178224083 ], [ 5.378181132061957, 53.051445551919343 ], [ 5.377038572766609, 53.051268488973257 ], [ 5.376717906881669, 53.051415614112649 ], [ 5.376879871485336, 53.051644590130913 ], [ 5.378560511907731, 53.051798986416628 ], [ 5.378495102742735, 53.052480100439865 ], [ 5.377939912596865, 53.053331654805859 ], [ 5.377281691514192, 53.053890310533362 ], [ 5.376231171654749, 53.054387158760754 ], [ 5.374956622584679, 53.054055825503163 ], [ 5.374381283794849, 53.054249963087052 ], [ 5.373569613529232, 53.054137351827265 ], [ 5.373187260190404, 53.0537411937973 ], [ 5.372871336758656, 53.053686868875417 ], [ 5.373307582073464, 53.053518067896604 ], [ 5.373319072716714, 53.053326133365111 ], [ 5.372721384973478, 53.053345093969476 ], [ 5.372538452685979, 53.053502843361429 ], [ 5.372534771233386, 53.054565916759046 ], [ 5.371765097238024, 53.05496571804359 ], [ 5.371732148175711, 53.055141698425444 ], [ 5.371892301758409, 53.05522936820315 ], [ 5.372596127433297, 53.054873241519331 ], [ 5.377879690466238, 53.054836647885132 ], [ 5.379807897943383, 53.054893217895454 ], [ 5.380105485769988, 53.05507415590688 ], [ 5.380717116729295, 53.054958021949076 ], [ 5.380888473733298, 53.05507223948765 ], [ 5.38111049613615, 53.054825510804271 ], [ 5.381547578105074, 53.05503377420473 ], [ 5.38262510988465, 53.054941748756754 ], [ 5.382753819109038, 53.055053585747224 ], [ 5.383239668435923, 53.055034824464563 ], [ 5.383279304399936, 53.054731601028422 ], [ 5.38466670691975, 53.054727771622872 ], [ 5.384749450493135, 53.055028074576256 ], [ 5.385668518144566, 53.055037752992206 ], [ 5.385742691218211, 53.053949300320468 ], [ 5.388479404664801, 53.053889584541963 ], [ 5.388388478807262, 53.053559904527425 ], [ 5.385730958831548, 53.053558775109657 ], [ 5.385711844330392, 53.052800801481439 ], [ 5.389009192007888, 53.052785848100811 ], [ 5.389322267031795, 53.052930444714804 ], [ 5.389396204849223, 53.054859038017916 ], [ 5.391471576729387, 53.054976863151197 ], [ 5.391889541337788, 53.054636380318065 ], [ 5.392227181756652, 53.054911530217069 ], [ 5.392954787734497, 53.054936735139663 ], [ 5.393540893104539, 53.054121499524541 ], [ 5.394242547635576, 53.054234336825786 ], [ 5.394743591824358, 53.053458834411487 ], [ 5.394137984940484, 53.053232394347035 ], [ 5.394304439557082, 53.052998861708375 ], [ 5.394948499363885, 53.053115535734356 ], [ 5.395483454553169, 53.052489683050332 ], [ 5.3956031601959, 53.052092185862747 ], [ 5.395813528200486, 53.052100981924085 ], [ 5.396054506540259, 53.051730268484576 ], [ 5.396014260426845, 53.05088380108257 ], [ 5.395144207508907, 53.050849557817557 ], [ 5.395133106882111, 53.050319114552309 ], [ 5.397731325813954, 53.050097238394287 ], [ 5.397870427049798, 53.049664152035163 ], [ 5.398175163079347, 53.049669862786345 ], [ 5.398260765466695, 53.050265923917216 ], [ 5.398601281571435, 53.050252731328953 ], [ 5.3986530625821, 53.050068398083106 ], [ 5.400327649843863, 53.049999532047998 ], [ 5.400383984310558, 53.050211080432341 ], [ 5.400787956004765, 53.050225439417019 ], [ 5.400788017600324, 53.050418734876338 ], [ 5.398185718987849, 53.050434986454093 ], [ 5.397049208177664, 53.050528218225608 ], [ 5.396686656602713, 53.050718302875289 ], [ 5.396676673069754, 53.05141653847113 ], [ 5.396530423832455, 53.051462166391552 ], [ 5.396519324309763, 53.051669346458283 ], [ 5.397377866357242, 53.051933940551656 ], [ 5.397306496589063, 53.052044849123803 ], [ 5.396742458935511, 53.05191827615667 ], [ 5.396562951510001, 53.052015118428997 ], [ 5.394859859095288, 53.054649302125846 ], [ 5.39496302318599, 53.054881781111249 ], [ 5.397145670833044, 53.054883306826518 ], [ 5.399186027642902, 53.051889890862753 ], [ 5.400026008202294, 53.051862606705093 ], [ 5.398188970937245, 53.054669337297121 ], [ 5.398251349077953, 53.054859433268213 ], [ 5.399528305266092, 53.054756379677627 ], [ 5.400577411624565, 53.054265615964184 ], [ 5.400893020912295, 53.053942942647808 ], [ 5.401258344035716, 53.053993275045364 ], [ 5.402723422869904, 53.051781509438896 ], [ 5.403659630616372, 53.051835331148858 ], [ 5.403100169132854, 53.052908685635501 ], [ 5.402616987001635, 53.053420788384415 ], [ 5.402531408579176, 53.053818890970717 ], [ 5.401984937565644, 53.054469323791636 ], [ 5.400986936431348, 53.054676767927539 ], [ 5.399417595227093, 53.056441996018705 ], [ 5.398893560891162, 53.056616874552915 ], [ 5.398939184407836, 53.056999695272623 ], [ 5.397123904232831, 53.059126098989807 ], [ 5.395295604999635, 53.060290212476609 ], [ 5.393557297994539, 53.061965604751002 ], [ 5.392571907468495, 53.06157673686419 ], [ 5.392344245167594, 53.061616282469451 ], [ 5.392400170309976, 53.061823290587341 ], [ 5.393284943309419, 53.062199120105205 ], [ 5.392275025541549, 53.063589657880797 ], [ 5.391117386501069, 53.066683518577157 ], [ 5.390219868951171, 53.066534015444596 ], [ 5.39007716469288, 53.066679768148042 ], [ 5.390991306699911, 53.066945184235422 ], [ 5.389876508603832, 53.069284866394746 ], [ 5.389854857757888, 53.069670519537404 ], [ 5.389976868739357, 53.069930280109482 ], [ 5.390952015800076, 53.070736818780368 ], [ 5.391391475888963, 53.071999275650526 ], [ 5.391330332794673, 53.072380403990614 ], [ 5.390360236073064, 53.074421003451654 ], [ 5.38930682043225, 53.075366330684417 ], [ 5.389374783670101, 53.076660548945299 ], [ 5.388379498565583, 53.078273365608325 ], [ 5.386311425075587, 53.080410603272732 ], [ 5.384031457740539, 53.083266343032712 ], [ 5.382607611031701, 53.083164700167778 ], [ 5.382689340287242, 53.083340952450122 ], [ 5.383837550400139, 53.0835188712621 ], [ 5.382545237630223, 53.08507361297702 ], [ 5.380113845377463, 53.090004686061427 ], [ 5.379127134017014, 53.089926801049323 ], [ 5.379191935775973, 53.090091953092418 ], [ 5.379999990274112, 53.090232727723645 ], [ 5.379354226960612, 53.091532110875711 ], [ 5.378750855938287, 53.090770718162652 ], [ 5.378554269911388, 53.090905247146246 ], [ 5.378830312263602, 53.091322875109405 ], [ 5.378084437152906, 53.091473748067472 ], [ 5.37511959763328, 53.090853417709724 ], [ 5.372929486719308, 53.089998414530804 ], [ 5.370273401230593, 53.088583822533288 ], [ 5.369727070695538, 53.088070980051576 ], [ 5.368892110072081, 53.087727637700858 ], [ 5.368051114069171, 53.086953067880145 ], [ 5.367695591846004, 53.086981069177021 ], [ 5.366687670120413, 53.086440608231747 ], [ 5.366525434418601, 53.086193585276725 ], [ 5.366016355822929, 53.086153901069466 ], [ 5.365284215540549, 53.085470757432041 ], [ 5.364647738883222, 53.085276833524233 ], [ 5.36366179246191, 53.084499316212387 ], [ 5.363174232157554, 53.084488066407729 ], [ 5.362719534085413, 53.084220633168385 ], [ 5.362683122745972, 53.083982452133512 ], [ 5.361339448199734, 53.083089423614481 ], [ 5.360644883202511, 53.082689058078223 ], [ 5.360251245230262, 53.082703261128401 ], [ 5.359905060437575, 53.082297554566772 ], [ 5.358194210009474, 53.081539858791224 ], [ 5.350855978215441, 53.077237483095786 ], [ 5.347978706761721, 53.075979477119581 ], [ 5.344259554876789, 53.074828613536752 ], [ 5.342751608295774, 53.073576496650674 ], [ 5.339217234782669, 53.072975581060298 ], [ 5.338154906018028, 53.072655986601347 ], [ 5.338990388273293, 53.070546832517699 ], [ 5.338487408760757, 53.069860506646123 ], [ 5.339532665746344, 53.067118367633924 ], [ 5.340080809484491, 53.066458981499686 ], [ 5.339837941781336, 53.065834824244526 ], [ 5.339744587628682, 53.06487505362977 ], [ 5.339458704304081, 53.06494939959439 ], [ 5.339232245885992, 53.066707772755478 ], [ 5.338162606998781, 53.06901708498129 ], [ 5.337967774193422, 53.06913133711371 ], [ 5.337487266358587, 53.06903215050631 ], [ 5.337167620220168, 53.069698896007004 ], [ 5.337089876503353, 53.070024663027205 ], [ 5.33750856792147, 53.070267426255754 ], [ 5.336244635151115, 53.073070359414743 ], [ 5.335505553847321, 53.073675437950214 ], [ 5.334779164187336, 53.073561401927314 ], [ 5.334612641466124, 53.072088764854094 ], [ 5.33544219610063, 53.07016189177854 ], [ 5.335627547931487, 53.069962133965085 ], [ 5.33656177023773, 53.070059640329895 ], [ 5.33724341051294, 53.06861830162584 ], [ 5.33724192522202, 53.068294941909365 ], [ 5.336196786388276, 53.068125766241515 ], [ 5.336318045509765, 53.067489283294343 ], [ 5.337368537081328, 53.06511212781264 ], [ 5.337791828839422, 53.064753202309419 ], [ 5.340657185047848, 53.063748484095861 ], [ 5.340803346762493, 53.063533299653564 ], [ 5.340645060889346, 53.063331162509499 ], [ 5.340122009043996, 53.063362423279763 ], [ 5.337074727845766, 53.064726298344745 ], [ 5.333478983055965, 53.072314307696608 ], [ 5.331064616137073, 53.073255573418344 ], [ 5.330152629815021, 53.073108915789142 ], [ 5.329615403912567, 53.072782503690533 ], [ 5.328940352281225, 53.072702801583098 ], [ 5.328528551267518, 53.072851708533065 ], [ 5.327602927719777, 53.072704024513492 ], [ 5.327134628130651, 53.072118063496241 ], [ 5.327006339213782, 53.071436045436187 ], [ 5.328172597048516, 53.068548892424388 ], [ 5.328078514995658, 53.068323637025877 ], [ 5.327839454524304, 53.06842723174497 ], [ 5.326494575086736, 53.071682180862119 ], [ 5.326163005372689, 53.071765244522695 ], [ 5.324326134255102, 53.071519656104691 ], [ 5.322910714275002, 53.071780293838586 ], [ 5.301698994474694, 53.068419745412818 ], [ 5.297159404904813, 53.067148705769263 ], [ 5.295048094736437, 53.06625474050248 ], [ 5.28948893897025, 53.063270524266322 ], [ 5.28818692976795, 53.06272100038678 ], [ 5.237179683027967, 53.036038954782853 ], [ 5.234188377099093, 53.03434083912849 ], [ 5.232385924554332, 53.033527422933055 ], [ 5.220216148240747, 53.027153017090505 ], [ 5.219524296665204, 53.0263279232869 ], [ 5.213446594290096, 53.023137783454047 ], [ 5.213213136503277, 53.022856488990698 ], [ 5.213016880505124, 53.021577171733369 ], [ 5.212782649154604, 53.021196690535945 ], [ 5.209649585889946, 53.019499142542763 ], [ 5.209895782155979, 53.019283326943047 ], [ 5.209833863998505, 53.019097668771771 ], [ 5.209048981461132, 53.019347582524709 ], [ 5.207652340839616, 53.018741829067146 ], [ 5.206355182392271, 53.019498005612313 ], [ 5.204873487955979, 53.018762239647835 ], [ 5.205360623629329, 53.01839054247985 ], [ 5.205693341808475, 53.018350982384192 ], [ 5.205767159692353, 53.018131916761099 ], [ 5.207216090234177, 53.01716943187467 ], [ 5.210996534897776, 53.019130508806271 ], [ 5.211419188798927, 53.01911078630517 ], [ 5.211407549630171, 53.01890765947789 ], [ 5.210586422019944, 53.018135499875804 ], [ 5.207815000555884, 53.016637704986486 ], [ 5.206922991827477, 53.016499106439021 ], [ 5.203697881928803, 53.017427961754827 ], [ 5.202369589789964, 53.017353421186691 ], [ 5.196907038875952, 53.014473054400483 ], [ 5.195504962043889, 53.014208790461119 ], [ 5.176003127773462, 53.003992528920996 ] ], [ [ 5.391876152732593, 53.054570816515579 ], [ 5.391771350065364, 53.054423533323551 ], [ 5.392030021457997, 53.053443943346707 ], [ 5.391971666119944, 53.052711623775856 ], [ 5.391832293403231, 53.052524739997295 ], [ 5.391884805149605, 53.052255194061267 ], [ 5.391507962845049, 53.051996662836395 ], [ 5.392193182387159, 53.051955086516976 ], [ 5.392757983564032, 53.051296711826126 ], [ 5.392863947342304, 53.051019261223402 ], [ 5.392773208924686, 53.050496276280761 ], [ 5.39253892422841, 53.050221260132467 ], [ 5.392592871082937, 53.04994066665494 ], [ 5.3929030125457, 53.049270238541176 ], [ 5.39347728383376, 53.04926154675757 ], [ 5.393605276354726, 53.04983988843393 ], [ 5.393323508810197, 53.050173775953787 ], [ 5.393302685446453, 53.050578916862854 ], [ 5.393741811487152, 53.050921828756579 ], [ 5.393829704524141, 53.05135855641629 ], [ 5.39284258971527, 53.052386003346562 ], [ 5.392566831949976, 53.05305955768997 ], [ 5.39255182625929, 53.053653438477106 ], [ 5.391876152732593, 53.054570816515579 ] ], [ [ 5.390180026949927, 53.051359915237946 ], [ 5.389945038044729, 53.051339041136565 ], [ 5.389386596550639, 53.051164327405402 ], [ 5.389452884625674, 53.051009254279627 ], [ 5.389639536144843, 53.051021523992375 ], [ 5.390180026949927, 53.051359915237946 ] ], [ [ 5.404218550640188, 53.038025168072338 ], [ 5.404330285554018, 53.03802621831111 ], [ 5.404435690288617, 53.038072528077656 ], [ 5.404080108616313, 53.03806620981446 ], [ 5.404218550640188, 53.038025168072338 ] ], [ [ 5.408717564398564, 53.021311533403043 ], [ 5.409275519782883, 53.02196149656266 ], [ 5.408979818221327, 53.022036700162843 ], [ 5.408841739550183, 53.0222589351621 ], [ 5.409185506043975, 53.02265715087173 ], [ 5.408915952309796, 53.022826242386934 ], [ 5.408932897627585, 53.022521445026761 ], [ 5.408623280058031, 53.022285177848417 ], [ 5.408759165192556, 53.022078299067132 ], [ 5.40861673245563, 53.021480630223706 ], [ 5.408717564398564, 53.021311533403043 ] ], [ [ 5.404685157940239, 53.008739691442948 ], [ 5.404730276210536, 53.008705951232507 ], [ 5.404817052149024, 53.00896727158699 ], [ 5.404683485485381, 53.008741022166618 ], [ 5.404685157940239, 53.008739691442948 ] ], [ [ 5.40498143710388, 53.008612991121844 ], [ 5.404819732972552, 53.008297494623477 ], [ 5.405135819030744, 53.008632673462586 ], [ 5.405233148066348, 53.009009478261966 ], [ 5.40498143710388, 53.008612991121844 ] ], [ [ 5.404150092111431, 53.007839465642299 ], [ 5.404139825016025, 53.007734567020762 ], [ 5.404193223488821, 53.00772021225805 ], [ 5.404143756768273, 53.007857826867294 ], [ 5.404150092111431, 53.007839465642299 ] ], [ [ 5.402071178252582, 53.004893226069697 ], [ 5.401921813744986, 53.004678804280033 ], [ 5.401980764690854, 53.004460387526343 ], [ 5.402243352385316, 53.004725983111726 ], [ 5.402071178252582, 53.004893226069697 ] ], [ [ 5.399521236147918, 52.998388721458433 ], [ 5.399521530705009, 52.998386421205367 ], [ 5.399521639695243, 52.998388979297914 ], [ 5.399521236147918, 52.998388721458433 ] ], [ [ 5.399069358673602, 52.996916548324357 ], [ 5.399156779765038, 52.996907973420342 ], [ 5.39942354885728, 52.997085652884664 ], [ 5.399173452267091, 52.997087129114611 ], [ 5.399069358673602, 52.996916548324357 ] ], [ [ 5.401093722076362, 52.989394827908839 ], [ 5.401164809239128, 52.989551226408558 ], [ 5.401002007218641, 52.989566924836936 ], [ 5.401068877673514, 52.989294286072884 ], [ 5.401093722076362, 52.989394827908839 ] ], [ [ 5.400751350221234, 52.990043109081995 ], [ 5.400690298545512, 52.990291503335229 ], [ 5.400520832937291, 52.990320970235771 ], [ 5.400528715365685, 52.990250372472332 ], [ 5.400751350221234, 52.990043109081995 ] ], [ [ 5.411242080372482, 52.954764296747378 ], [ 5.411196067443301, 52.95485594771344 ], [ 5.411143067027477, 52.954889122612457 ], [ 5.411156679838938, 52.954863855691386 ], [ 5.411242080372482, 52.954764296747378 ] ], [ [ 5.411293811738041, 52.954712956294223 ], [ 5.411293709487917, 52.954713351365562 ], [ 5.411255748680005, 52.954748362394199 ], [ 5.411297123407202, 52.954700128220743 ], [ 5.411293811738041, 52.954712956294223 ] ], [ [ 5.411544162725405, 52.954240836763731 ], [ 5.411514727072634, 52.953858139972887 ], [ 5.411985635737777, 52.953358456763723 ], [ 5.412235046715398, 52.953405693523017 ], [ 5.411792564576888, 52.953873003840783 ], [ 5.412187082493458, 52.954241207408302 ], [ 5.411544162725405, 52.954240836763731 ] ], [ [ 5.656132882190465, 52.853455931669799 ], [ 5.656421419295279, 52.852316089707536 ], [ 5.656754328187954, 52.852162445 ], [ 5.6571002482749, 52.852740221028661 ], [ 5.657165409798547, 52.853934226703409 ], [ 5.656218899610701, 52.854543893727502 ], [ 5.655790182715373, 52.854595285473692 ], [ 5.655861890782522, 52.853736557499396 ], [ 5.656132882190465, 52.853455931669799 ] ], [ [ 6.253406303036964, 53.332486726928771 ], [ 6.253547678174279, 53.332415054996964 ], [ 6.253759605146307, 53.332401585855195 ], [ 6.253591100304371, 53.332480660167462 ], [ 6.253204526473485, 53.332531442365564 ], [ 6.253406303036964, 53.332486726928771 ] ], [ [ 6.254910730194781, 53.332183385639865 ], [ 6.255246924014865, 53.33203932836836 ], [ 6.255399404393435, 53.332012104698869 ], [ 6.255011718367262, 53.332186707097222 ], [ 6.254910730194781, 53.332183385639865 ] ], [ [ 6.251796194410261, 53.332644058742432 ], [ 6.251787512028174, 53.33262608183999 ], [ 6.251808691132062, 53.332623292710672 ], [ 6.251799757444352, 53.332656660626789 ], [ 6.251796194410261, 53.332644058742432 ] ], [ [ 6.230129439073554, 53.330470728258547 ], [ 6.230134692523064, 53.330534867559777 ], [ 6.230054459476535, 53.330589008024639 ], [ 6.230127756301102, 53.330473382409025 ], [ 6.230129439073554, 53.330470728258547 ] ], [ [ 6.23022412822388, 53.330146657182432 ], [ 6.230326700797644, 53.3299849672485 ], [ 6.230160055260622, 53.33035286810474 ], [ 6.230178590960256, 53.330261438270405 ], [ 6.23022412822388, 53.330146657182432 ] ], [ [ 6.230350064408508, 53.329911207653396 ], [ 6.230340425515155, 53.329796970410285 ], [ 6.230605053725954, 53.329626029935007 ], [ 6.230412332137536, 53.329797946703174 ], [ 6.230350064408508, 53.329911207653396 ] ], [ [ 6.231165831442931, 53.32890381086299 ], [ 6.231265161065068, 53.328776696157831 ], [ 6.231009375375153, 53.329039369207017 ], [ 6.231162101700136, 53.328907044300443 ], [ 6.231165831442931, 53.32890381086299 ] ], [ [ 6.194117412873568, 53.335955729810578 ], [ 6.194868913287269, 53.335793880591652 ], [ 6.195047611190604, 53.33577965655639 ], [ 6.194657702408253, 53.335920718385701 ], [ 6.194117412873568, 53.335955729810578 ] ], [ [ 6.194209163740155, 53.332889486406238 ], [ 6.195456424885835, 53.3327263517182 ], [ 6.197044855280178, 53.332830012389124 ], [ 6.198910861309712, 53.333222919225371 ], [ 6.200026712111942, 53.333083169798002 ], [ 6.200002492226615, 53.33338164012364 ], [ 6.20031840736423, 53.333751049366704 ], [ 6.19667796075218, 53.332938595592488 ], [ 6.194209163740155, 53.332889486406238 ] ], [ [ 6.182515787389984, 53.337677851143063 ], [ 6.182601283639428, 53.337461677170971 ], [ 6.183023964933795, 53.337084760605151 ], [ 6.182516936702272, 53.33768911376999 ], [ 6.182515787389984, 53.337677851143063 ] ], [ [ 6.183166715293273, 53.33689527164514 ], [ 6.183164256481916, 53.33686858283216 ], [ 6.183382942438048, 53.336639807204783 ], [ 6.183164212128751, 53.336912853879248 ], [ 6.183166715293273, 53.33689527164514 ] ], [ [ 6.183591650142031, 53.336282431717521 ], [ 6.183588646888755, 53.336264081969368 ], [ 6.183583650085009, 53.336233556525386 ], [ 6.18359224502035, 53.336287958080142 ], [ 6.183591650142031, 53.336282431717521 ] ], [ [ 6.183572152154206, 53.336186790782016 ], [ 6.183509415172412, 53.336108750572336 ], [ 6.184570991278646, 53.334264878363264 ], [ 6.18389895718764, 53.335734487278366 ], [ 6.183572152154206, 53.336186790782016 ] ], [ [ 6.177865467112076, 53.326459201756144 ], [ 6.177938660637312, 53.326153537186393 ], [ 6.178009731614078, 53.326402856438101 ], [ 6.178313109790025, 53.326462218994351 ], [ 6.177865467112076, 53.326459201756144 ] ], [ [ 6.181731542250072, 53.322471182916757 ], [ 6.18173057250928, 53.322477464971307 ], [ 6.181627570427382, 53.322495148396989 ], [ 6.181688136716393, 53.32248118892209 ], [ 6.181731542250072, 53.322471182916757 ] ], [ [ 6.182300057030659, 53.322292744919665 ], [ 6.182337630574851, 53.321982798349687 ], [ 6.182504633025006, 53.321982477364877 ], [ 6.18251977590189, 53.322258738364937 ], [ 6.182300057030659, 53.322292744919665 ] ], [ [ 6.16762427365179, 53.349231454491125 ], [ 6.167150722432037, 53.348634550772886 ], [ 6.166793420260161, 53.348429588856717 ], [ 6.166960826268871, 53.34771462572207 ], [ 6.166528298772703, 53.346817494187299 ], [ 6.166101661216029, 53.346198512091313 ], [ 6.165986611339055, 53.346146781911813 ], [ 6.16580271806736, 53.346123158318093 ], [ 6.165635421975007, 53.346088167878086 ], [ 6.165599514344381, 53.346067231322579 ], [ 6.166391154176117, 53.346168143267143 ], [ 6.166686670613162, 53.345906881515241 ], [ 6.166684945415344, 53.346296014597229 ], [ 6.16762427365179, 53.349231454491125 ] ], [ [ 6.151841030047215, 53.355998720864633 ], [ 6.151845486980564, 53.35600487379876 ], [ 6.151845816314276, 53.356023411555519 ], [ 6.151832142951169, 53.355991115645523 ], [ 6.151841030047215, 53.355998720864633 ] ], [ [ 6.162116259564123, 53.377921499607986 ], [ 6.162154611215116, 53.377419997679382 ], [ 6.161814810434548, 53.376375560147608 ], [ 6.161608261934376, 53.376248202045382 ], [ 6.160759793365725, 53.376335006182636 ], [ 6.160651151110608, 53.375901398552195 ], [ 6.161696728326246, 53.375709425853934 ], [ 6.162403627442466, 53.377891476999721 ], [ 6.162116259564123, 53.377921499607986 ] ], [ [ 6.160039509988666, 53.376317150307699 ], [ 6.159865499565123, 53.37659282339807 ], [ 6.159534262805118, 53.37648707953818 ], [ 6.159663962797234, 53.376338341771756 ], [ 6.160039509988666, 53.376317150307699 ] ], [ [ 6.161144470777634, 53.376956921167334 ], [ 6.160943895439919, 53.376907183977856 ], [ 6.160906326886517, 53.376897868628689 ], [ 6.161246402310463, 53.376800810226747 ], [ 6.161144470777634, 53.376956921167334 ] ], [ [ 6.160730505910295, 53.378062671356197 ], [ 6.160766174304699, 53.378034693312934 ], [ 6.160793238940168, 53.378057445324735 ], [ 6.160727982512187, 53.378064149699533 ], [ 6.160730505910295, 53.378062671356197 ] ], [ [ 6.160360417046785, 53.377590633606317 ], [ 6.160309290698492, 53.377583845529749 ], [ 6.160467355741541, 53.377586972241112 ], [ 6.160466270406316, 53.377587009456491 ], [ 6.160360417046785, 53.377590633606317 ] ], [ [ 6.16059427094434, 53.378096126328636 ], [ 6.160412986337076, 53.378120242669162 ], [ 6.160380538670586, 53.378106926721728 ], [ 6.160609051112466, 53.378085607570227 ], [ 6.16059427094434, 53.378096126328636 ] ], [ [ 6.15983682787951, 53.378163962006134 ], [ 6.159688118168448, 53.378246160891166 ], [ 6.159765260120986, 53.378510722933129 ], [ 6.158178866931276, 53.378792863256649 ], [ 6.157593687641469, 53.379462206277815 ], [ 6.157573105219465, 53.379675031879344 ], [ 6.156830553074127, 53.379502784731848 ], [ 6.155993195393491, 53.379639723143235 ], [ 6.155849577900972, 53.379481715536159 ], [ 6.155183804307973, 53.379465657319869 ], [ 6.154619741814844, 53.37932185686708 ], [ 6.155899759062286, 53.379392617464667 ], [ 6.157105738173703, 53.379103154123342 ], [ 6.157993705397094, 53.378700121164947 ], [ 6.158046283797096, 53.378256660364052 ], [ 6.157627023444054, 53.378044341837388 ], [ 6.156967983354461, 53.378125416383853 ], [ 6.156961584420482, 53.37791361317052 ], [ 6.156651189654476, 53.377836930521916 ], [ 6.154516249824725, 53.377947436708389 ], [ 6.154589506676412, 53.377663138863113 ], [ 6.153978066391846, 53.377717711237707 ], [ 6.153960634621718, 53.377497449489823 ], [ 6.155719199012535, 53.377536040098398 ], [ 6.157300258862756, 53.377174836730021 ], [ 6.1575022160929, 53.376940292997659 ], [ 6.157483330733394, 53.376617308811838 ], [ 6.156689971962654, 53.376164573187097 ], [ 6.155620369571203, 53.375961547406099 ], [ 6.154320290195963, 53.376037694739111 ], [ 6.155811808284216, 53.375870260920124 ], [ 6.155944908887176, 53.375593180489098 ], [ 6.156781931170377, 53.37532688890078 ], [ 6.156577216043714, 53.375537877121126 ], [ 6.156682998959107, 53.375878928443676 ], [ 6.157776490458182, 53.376225438868225 ], [ 6.158340792960359, 53.376698322073509 ], [ 6.157724853941337, 53.377476824554265 ], [ 6.157751548312246, 53.377623514755967 ], [ 6.159210492990362, 53.378049193747522 ], [ 6.159454128064271, 53.377881475531453 ], [ 6.160236838375134, 53.378114936760589 ], [ 6.15983682787951, 53.378163962006134 ] ], [ [ 6.158718383744819, 53.377372694857392 ], [ 6.158831216994722, 53.377112742913681 ], [ 6.159277184903972, 53.377245286653199 ], [ 6.159088281155216, 53.377478166245908 ], [ 6.158718383744819, 53.377372694857392 ] ], [ [ 6.155308084855613, 53.377070888512591 ], [ 6.155045853369896, 53.376947155671836 ], [ 6.154066398876439, 53.376967242222577 ], [ 6.154324090130186, 53.376647302158368 ], [ 6.155839378747158, 53.376593194583997 ], [ 6.156304451742002, 53.376753406459351 ], [ 6.155461806732549, 53.377016665931905 ], [ 6.155455145808073, 53.377305728688299 ], [ 6.155308084855613, 53.377070888512591 ] ], [ [ 6.153311043728905, 53.377412624867269 ], [ 6.153307166916399, 53.377477952958706 ], [ 6.153293689702035, 53.377495349685212 ], [ 6.153301832429012, 53.377432694300808 ], [ 6.153311043728905, 53.377412624867269 ] ], [ [ 6.153317214501294, 53.377246158208422 ], [ 6.15325006763112, 53.377112574407775 ], [ 6.153248794972327, 53.377107768017311 ], [ 6.153322732608033, 53.377225155606311 ], [ 6.153328418762348, 53.377280384023969 ], [ 6.153317214501294, 53.377246158208422 ] ], [ [ 6.156708801612402, 53.378210098664965 ], [ 6.156541092705544, 53.378366814492423 ], [ 6.156558706759329, 53.378652574389413 ], [ 6.15550162989417, 53.378882488122407 ], [ 6.154393298026247, 53.3785897478161 ], [ 6.155592143694069, 53.378372004249073 ], [ 6.156286603028051, 53.37844878694186 ], [ 6.156708801612402, 53.378210098664965 ] ], [ [ 6.160864683397794, 53.407550812409653 ], [ 6.160850954863031, 53.407545388561772 ], [ 6.160330407282853, 53.407383940076187 ], [ 6.160599594611242, 53.407388721827274 ], [ 6.160864683397794, 53.407550812409653 ] ], [ [ 5.848745567581047, 53.379381814078492 ], [ 5.848912778408655, 53.379283805076177 ], [ 5.848951014578672, 53.379479461532178 ], [ 5.848744141466515, 53.379410924100434 ], [ 5.848745567581047, 53.379381814078492 ] ], [ [ 5.849291602917433, 53.378844798547519 ], [ 5.849758363983238, 53.378605746070242 ], [ 5.850468218724322, 53.378710240935689 ], [ 5.84926210416501, 53.378898893563104 ], [ 5.849291602917433, 53.378844798547519 ] ], [ [ 5.412908433870081, 53.175375072892535 ], [ 5.413335625400268, 53.175117257249525 ], [ 5.413196272661521, 53.175472322661349 ], [ 5.41379030529279, 53.17568463164887 ], [ 5.413800964759644, 53.176021390101262 ], [ 5.41185871468897, 53.175419017370437 ], [ 5.412908433870081, 53.175375072892535 ] ], [ [ 5.857132540210176, 53.38039130826639 ], [ 5.857049195869954, 53.380570488772612 ], [ 5.856996509664851, 53.380763240737693 ], [ 5.856952332380597, 53.38048989952415 ], [ 5.857132540210176, 53.38039130826639 ] ], [ [ 5.710793498979816, 52.842749611589667 ], [ 5.711629460063361, 52.842681968838718 ], [ 5.71107122938107, 52.843445507349969 ], [ 5.710983556292523, 52.843877262473669 ], [ 5.710793498979816, 52.842749611589667 ] ], [ [ 5.423347884499799, 52.968429279835846 ], [ 5.422951220617057, 52.969186265216386 ], [ 5.422813449977204, 52.969188619129795 ], [ 5.422923490001177, 52.968623747395064 ], [ 5.422392421831347, 52.968451376040043 ], [ 5.42119560095851, 52.969093214376322 ], [ 5.42133329206671, 52.968826220156743 ], [ 5.421214503179172, 52.968618444594661 ], [ 5.421704789162711, 52.968652260060495 ], [ 5.422024160443281, 52.968390424645349 ], [ 5.421903704155107, 52.968105426082118 ], [ 5.421434056290973, 52.967972006341071 ], [ 5.421851572634969, 52.967810944250523 ], [ 5.421943301589024, 52.967318992393757 ], [ 5.422155788072774, 52.96734761426994 ], [ 5.421952661563273, 52.967843595589905 ], [ 5.422123131635495, 52.968348119071941 ], [ 5.422765451835708, 52.968361377726076 ], [ 5.423002001365376, 52.967724386012925 ], [ 5.42301433171895, 52.968229058474876 ], [ 5.423444598064854, 52.968383342761186 ], [ 5.423347884499799, 52.968429279835846 ] ], [ [ 5.419883215144831, 52.969080437442713 ], [ 5.419527980922182, 52.968974710215178 ], [ 5.420345523635543, 52.969136422704814 ], [ 5.420288351830851, 52.969133203034474 ], [ 5.419883215144831, 52.969080437442713 ] ], [ [ 5.414309022444889, 52.962817583709786 ], [ 5.414163733386216, 52.963279736162988 ], [ 5.41371114261713, 52.963166050996229 ], [ 5.41382349135238, 52.963010639029164 ], [ 5.414309022444889, 52.962817583709786 ] ], [ [ 5.414614952995566, 52.963382083859329 ], [ 5.414749424802383, 52.963390581907838 ], [ 5.414911043779218, 52.963318375601681 ], [ 5.414485354925092, 52.963592407789378 ], [ 5.414519196182508, 52.963400671733119 ], [ 5.414323014204133, 52.963320441178425 ], [ 5.414614952995566, 52.963382083859329 ] ], [ [ 5.383354690335974, 53.044948194527983 ], [ 5.383753365270837, 53.045055506392949 ], [ 5.383479316393384, 53.045226414194047 ], [ 5.382972308784273, 53.046380527137437 ], [ 5.382906397798352, 53.046036002386295 ], [ 5.383346873930704, 53.045403644841507 ], [ 5.383395882947535, 53.045132767558705 ], [ 5.383211404504901, 53.044903633383448 ], [ 5.383354690335974, 53.044948194527983 ] ], [ [ 5.384792210029992, 53.04523059076763 ], [ 5.385377870947952, 53.045318452407209 ], [ 5.384861241059941, 53.045558332106339 ], [ 5.384456040683612, 53.046183659080732 ], [ 5.384478336852235, 53.046534620249815 ], [ 5.384273506802951, 53.046360381328874 ], [ 5.384653566551767, 53.045797280998471 ], [ 5.384651320729445, 53.045202042361232 ], [ 5.384792210029992, 53.04523059076763 ] ], [ [ 5.386138104365369, 53.045440001671153 ], [ 5.387615916836438, 53.045978274877697 ], [ 5.387363202750641, 53.046074733684591 ], [ 5.386364647234331, 53.04727971426901 ], [ 5.386440053446068, 53.047002306489674 ], [ 5.387162001946139, 53.046314432469003 ], [ 5.387252540400028, 53.046051590043184 ], [ 5.386768913338365, 53.045742286773852 ], [ 5.386252403907728, 53.045783736328126 ], [ 5.386191964098422, 53.045504784861656 ], [ 5.385837045314673, 53.0453819168441 ], [ 5.386138104365369, 53.045440001671153 ] ], [ [ 5.388079646932576, 53.045964960063323 ], [ 5.388694518145293, 53.045670917781997 ], [ 5.390885167915866, 53.045156622765816 ], [ 5.391633411536882, 53.04524074058979 ], [ 5.39196715908608, 53.045374028967466 ], [ 5.392253208802985, 53.045794547139785 ], [ 5.392540588099288, 53.046894171462682 ], [ 5.391418925385572, 53.047373484421826 ], [ 5.391369455693504, 53.046170869897963 ], [ 5.391230657037787, 53.045913839368644 ], [ 5.390559616439092, 53.045763859973476 ], [ 5.390017605837898, 53.045914466653997 ], [ 5.389873986581978, 53.046891239988966 ], [ 5.389738812586576, 53.045941215864431 ], [ 5.389351610150579, 53.045736249926946 ], [ 5.388720391560616, 53.045750395704523 ], [ 5.38842758208967, 53.046072544758779 ], [ 5.388370930864855, 53.047828259062662 ], [ 5.388224897522824, 53.047577983527717 ], [ 5.387701848873736, 53.047403198795266 ], [ 5.38804585281737, 53.047381268674307 ], [ 5.388246718900847, 53.04716832026984 ], [ 5.388248156261, 53.046188609748754 ], [ 5.387920601292065, 53.045974361411588 ], [ 5.388079646932576, 53.045964960063323 ] ], [ [ 5.3898802849503, 53.046953144214861 ], [ 5.390071996167459, 53.047429807435314 ], [ 5.389948572772114, 53.04778488065859 ], [ 5.390097797041213, 53.047966130281772 ], [ 5.389854268402332, 53.048173330642371 ], [ 5.389577032720601, 53.048025605589032 ], [ 5.389823883953447, 53.047832153644819 ], [ 5.3898802849503, 53.046953144214861 ] ], [ [ 5.390399438108029, 53.048078262625346 ], [ 5.39049320930294, 53.048091641131997 ], [ 5.390289855809984, 53.048047184926986 ], [ 5.390294570429877, 53.048048521971424 ], [ 5.390399438108029, 53.048078262625346 ] ], [ [ 5.391331497040176, 53.048058191083783 ], [ 5.391373673919215, 53.048028719974511 ], [ 5.391403124839304, 53.047981747253353 ], [ 5.391401781142284, 53.048075547802256 ], [ 5.391331497040176, 53.048058191083783 ] ], [ [ 5.386161110935306, 53.047660289461213 ], [ 5.386316814929668, 53.047921944371431 ], [ 5.385833800288658, 53.04807134293884 ], [ 5.385575892829136, 53.048435629959556 ], [ 5.385535529539556, 53.048192907461406 ], [ 5.386161110935306, 53.047660289461213 ] ], [ [ 5.384490075889835, 53.048019196091282 ], [ 5.38422437833549, 53.048017295004719 ], [ 5.384189357752893, 53.047922119799665 ], [ 5.384659211443188, 53.048030014646535 ], [ 5.384490075889835, 53.048019196091282 ] ], [ [ 5.383733306761935, 53.047812275232566 ], [ 5.383593872564735, 53.04780365886996 ], [ 5.383564810528431, 53.047711444784341 ], [ 5.383832996821698, 53.047814590689143 ], [ 5.383733306761935, 53.047812275232566 ] ], [ [ 5.383318013416241, 53.047530698164358 ], [ 5.383160345605974, 53.047411519657508 ], [ 5.382983658876747, 53.04676233284291 ], [ 5.383407793097909, 53.047076585245684 ], [ 5.383318013416241, 53.047530698164358 ] ], [ [ 5.382838180459814, 53.046654216835378 ], [ 5.38280103070452, 53.046637434841585 ], [ 5.382845232515332, 53.046610479997781 ], [ 5.382862985919434, 53.046670263037548 ], [ 5.382838180459814, 53.046654216835378 ] ], [ [ 5.381218602424174, 53.046463261466577 ], [ 5.380988197903275, 53.046362516119984 ], [ 5.381169633783029, 53.045443351922685 ], [ 5.381840098469361, 53.045478148148639 ], [ 5.381535549775591, 53.045987239502246 ], [ 5.381206821629709, 53.046187700420354 ], [ 5.381475758596136, 53.046446513644277 ], [ 5.381218602424174, 53.046463261466577 ] ], [ [ 5.3818738518214, 53.045432058449585 ], [ 5.381863871157429, 53.045165870705887 ], [ 5.382029481904746, 53.045214867544438 ], [ 5.381999221202856, 53.045395440497046 ], [ 5.3818738518214, 53.045432058449585 ] ], [ [ 5.38790905926364, 53.048256042518098 ], [ 5.388061106385078, 53.048192705443938 ], [ 5.388298732932075, 53.048217629666468 ], [ 5.3882085717843, 53.048322021038103 ], [ 5.38790905926364, 53.048256042518098 ] ], [ [ 5.386028167142267, 53.045975229885592 ], [ 5.385884684858106, 53.046120262959171 ], [ 5.385801934792115, 53.046129206852669 ], [ 5.386092215618653, 53.045916612711899 ], [ 5.386028167142267, 53.045975229885592 ] ], [ [ 5.378827283072097, 53.044651315566504 ], [ 5.379839365630505, 53.044718599360614 ], [ 5.379968794712753, 53.044779749308958 ], [ 5.379389114847803, 53.044767113210604 ], [ 5.378827283072097, 53.044651315566504 ] ] ], [ [ [ 6.13030083556896, 53.474425145400851 ], [ 6.130189102054773, 53.475662498201686 ], [ 6.130350702904912, 53.47738758480007 ], [ 6.13067071543271, 53.478793362091281 ], [ 6.131070673405741, 53.482102503888747 ], [ 6.133033429652989, 53.485154666102233 ], [ 6.135201843883542, 53.487735297304248 ], [ 6.136150614725007, 53.488455710930744 ], [ 6.139126369833375, 53.491538076132052 ], [ 6.141644306363641, 53.492832801300175 ], [ 6.146593330270959, 53.494630211016698 ], [ 6.147449867156672, 53.494790096839182 ], [ 6.150125380624099, 53.495894933788726 ], [ 6.151344993901174, 53.496652222612759 ], [ 6.152747234871858, 53.496900923960347 ], [ 6.15524343672252, 53.497986014916727 ], [ 6.15639585711935, 53.498255146477604 ], [ 6.158404217089664, 53.49840073202288 ], [ 6.158762584415146, 53.498649931814164 ], [ 6.158652667423736, 53.499288692704262 ], [ 6.158218469226791, 53.499461152525598 ], [ 6.15673998567014, 53.499450614799279 ], [ 6.152962040678257, 53.498781626111132 ], [ 6.149745737626499, 53.497606887145665 ], [ 6.149480663165706, 53.497383674597465 ], [ 6.148907150322062, 53.497905984668279 ], [ 6.148921893339738, 53.498421602633201 ], [ 6.149420825167458, 53.498942619305581 ], [ 6.154919123585969, 53.500158315441354 ], [ 6.16385545023292, 53.501041892295056 ], [ 6.183869674749175, 53.501940020399168 ], [ 6.197677108668052, 53.502967768583154 ], [ 6.201751194512726, 53.503127083049002 ], [ 6.205882351607094, 53.503445360506447 ], [ 6.213799332291567, 53.504368765742569 ], [ 6.218054751426754, 53.504526542923095 ], [ 6.232080696146183, 53.505709135378751 ], [ 6.24281845435826, 53.505971114713837 ], [ 6.2572074473117, 53.506943386928036 ], [ 6.261234941205537, 53.506905674518073 ], [ 6.274686920124434, 53.507927996671029 ], [ 6.283424690764728, 53.508231762029432 ], [ 6.289251502620115, 53.508639782344275 ], [ 6.292673069580552, 53.509101570248696 ], [ 6.29540515599622, 53.509259155871568 ], [ 6.300563966992345, 53.51001625807632 ], [ 6.30482105194263, 53.510328992944416 ], [ 6.316111250008497, 53.511620884317821 ], [ 6.320046341157474, 53.511935206133415 ], [ 6.345141333484862, 53.515607019028266 ], [ 6.350659362418375, 53.516056324176638 ], [ 6.356531913925917, 53.516212811433334 ], [ 6.366916945106319, 53.517454932631665 ], [ 6.369859119867319, 53.51736331161424 ], [ 6.380268251316917, 53.517532786241539 ], [ 6.386687207156887, 53.517377590977134 ], [ 6.389781703387476, 53.516974579953185 ], [ 6.392800216435281, 53.51326479570892 ], [ 6.390321583174789, 53.512414017831745 ], [ 6.386823831229926, 53.51193770909812 ], [ 6.38490369576861, 53.511357833286283 ], [ 6.380724806793633, 53.51148127962896 ], [ 6.379996984639657, 53.511229061086532 ], [ 6.378071864495111, 53.509967167804263 ], [ 6.376180074168372, 53.509289913985313 ], [ 6.374452042230622, 53.5092161516856 ], [ 6.371382523132558, 53.510102467480955 ], [ 6.370663619257869, 53.510179932029068 ], [ 6.366944754150289, 53.509080845157882 ], [ 6.364549405443571, 53.507957527571705 ], [ 6.35957256544769, 53.50663139152968 ], [ 6.356112967498409, 53.505939231139031 ], [ 6.351281672316861, 53.506174869539507 ], [ 6.350717842134836, 53.505856858668295 ], [ 6.34742904655444, 53.505864177315388 ], [ 6.345786699836346, 53.506378633722306 ], [ 6.344416139348749, 53.506540186029092 ], [ 6.342753618020225, 53.506487340107171 ], [ 6.339413486536766, 53.505790791994222 ], [ 6.336993306885844, 53.50569590813577 ], [ 6.333914047551708, 53.506080275029625 ], [ 6.33368347946526, 53.505949133799263 ], [ 6.334410075268962, 53.505238408048641 ], [ 6.334325730293704, 53.504934362766129 ], [ 6.334008842525458, 53.50490387916841 ], [ 6.332756538840624, 53.505361089959266 ], [ 6.332673170938662, 53.505209992390817 ], [ 6.335185632346413, 53.503680115736216 ], [ 6.335541091140204, 53.503385343771122 ], [ 6.335470458978576, 53.503053981324001 ], [ 6.33482842957095, 53.502511546376283 ], [ 6.333999810615267, 53.502125094349779 ], [ 6.331194226741176, 53.50127772934519 ], [ 6.33083867716351, 53.500930094242882 ], [ 6.328838144357062, 53.50054880559663 ], [ 6.328163225005508, 53.500635095849177 ], [ 6.327886098077709, 53.500840226907499 ], [ 6.32741492966919, 53.500500255900633 ], [ 6.326108990900607, 53.500204881208155 ], [ 6.325968770632739, 53.500324554270641 ], [ 6.325718944040646, 53.500154411261896 ], [ 6.325168881755649, 53.500127052643528 ], [ 6.324757896964784, 53.500310526151189 ], [ 6.323375803304542, 53.500085321053611 ], [ 6.322266407173049, 53.500206867052185 ], [ 6.319133581307371, 53.499676500750965 ], [ 6.318291673023734, 53.499178931181554 ], [ 6.31632902698311, 53.49849993296553 ], [ 6.316157953937088, 53.498378029356388 ], [ 6.316341574890907, 53.498257491543114 ], [ 6.316201893473808, 53.498103439216877 ], [ 6.314466675095507, 53.49785617700956 ], [ 6.314264714982854, 53.497991258890728 ], [ 6.314325384440848, 53.497626824431613 ], [ 6.31416609497513, 53.497439085489837 ], [ 6.312567665212801, 53.497071784179411 ], [ 6.311944880506558, 53.496730651247063 ], [ 6.309783556078387, 53.496174168108965 ], [ 6.307991437321681, 53.495482051495372 ], [ 6.306687048821722, 53.495505232099667 ], [ 6.306555759657552, 53.495219082237199 ], [ 6.305622067277834, 53.494951754222782 ], [ 6.302951973473354, 53.494493817290959 ], [ 6.300814392168871, 53.494416240882146 ], [ 6.299800218514627, 53.493946232466691 ], [ 6.298577049223066, 53.493700785524055 ], [ 6.29833494265571, 53.49335699440693 ], [ 6.298007785487752, 53.493212946558955 ], [ 6.29567558177227, 53.492579522629612 ], [ 6.29478175852511, 53.492651799882097 ], [ 6.29149769544116, 53.492065672080344 ], [ 6.290411895127797, 53.492064562052036 ], [ 6.289772438926375, 53.491669328394643 ], [ 6.288544049857666, 53.491318107435731 ], [ 6.287516541866964, 53.49131114410325 ], [ 6.287053240419702, 53.491707770530283 ], [ 6.286985685365635, 53.491380683025589 ], [ 6.28573940340503, 53.490880847684096 ], [ 6.284937854139473, 53.490799812346786 ], [ 6.283525009149239, 53.491017475588194 ], [ 6.283385935729889, 53.490850406642828 ], [ 6.282616485655387, 53.490772125409279 ], [ 6.28232925409736, 53.490541264187748 ], [ 6.280267209502058, 53.490436233337434 ], [ 6.2792606940218, 53.489980418966297 ], [ 6.278035265153046, 53.48993860946473 ], [ 6.277282931468287, 53.489547448861074 ], [ 6.275992449367219, 53.489337466873813 ], [ 6.275556196315702, 53.488377045745629 ], [ 6.275671781594079, 53.487582402627183 ], [ 6.275341337177744, 53.487358881319579 ], [ 6.274972460966388, 53.487374026431866 ], [ 6.273782110095427, 53.488806500537017 ], [ 6.27460776608343, 53.487090221005239 ], [ 6.274126285140856, 53.487078289794269 ], [ 6.273984954227706, 53.486829470030415 ], [ 6.273529004217148, 53.486751351879178 ], [ 6.273559924189143, 53.4863526658539 ], [ 6.272871080026918, 53.486069520617662 ], [ 6.272296015579688, 53.485620557975111 ], [ 6.272277506780243, 53.485202131502774 ], [ 6.272035627851732, 53.485007489298781 ], [ 6.269997570743518, 53.484447872440327 ], [ 6.268772995979175, 53.484615697107124 ], [ 6.26750283145923, 53.484369109101131 ], [ 6.265550478631392, 53.4874365592093 ], [ 6.265081153562657, 53.487821815278842 ], [ 6.264174107175064, 53.489212840027335 ], [ 6.265427170064132, 53.487090744280081 ], [ 6.266443958012991, 53.485757368715973 ], [ 6.26715484328819, 53.484254993321819 ], [ 6.266855286891314, 53.484274032539702 ], [ 6.266426319045941, 53.485110799546426 ], [ 6.266666445504072, 53.484392627762986 ], [ 6.266384240531097, 53.48384866405128 ], [ 6.266098455135706, 53.483554384434605 ], [ 6.264938688793983, 53.483146441760979 ], [ 6.265112934156535, 53.482746651919165 ], [ 6.264982107599042, 53.48260764656581 ], [ 6.265464381228634, 53.4827554977552 ], [ 6.265544026359165, 53.482596002062039 ], [ 6.264076139108852, 53.481947680747147 ], [ 6.263803837747509, 53.481687383838604 ], [ 6.263922724484715, 53.481263515672403 ], [ 6.263434747108764, 53.480911429943902 ], [ 6.263087772664522, 53.480835367758992 ], [ 6.262883990510843, 53.480971429796888 ], [ 6.262443620446677, 53.480698971520049 ], [ 6.26166511371078, 53.480593889130311 ], [ 6.25706622442496, 53.479190039763658 ], [ 6.255998069300447, 53.479072492419093 ], [ 6.255063214438951, 53.479469019359783 ], [ 6.255012035848538, 53.478625282892153 ], [ 6.254808868862739, 53.478212493646964 ], [ 6.254554335422717, 53.478298208999959 ], [ 6.254440652417799, 53.478640673305364 ], [ 6.254117016037505, 53.478584091889182 ], [ 6.254003788668841, 53.47873510527964 ], [ 6.253721599987919, 53.478364769395604 ], [ 6.25335498342395, 53.478310894990173 ], [ 6.253215941923231, 53.478127320281338 ], [ 6.252623511997213, 53.478209958926037 ], [ 6.252085921555948, 53.477870007256236 ], [ 6.251440403458393, 53.478064756020963 ], [ 6.251613899144017, 53.478424351592253 ], [ 6.251137885842853, 53.477985334050302 ], [ 6.25043441860179, 53.477767564723955 ], [ 6.248511212899312, 53.477754361397949 ], [ 6.248363157166707, 53.477524186091721 ], [ 6.248474144749957, 53.477281903784899 ], [ 6.248278935990487, 53.477196787978585 ], [ 6.247728796060883, 53.477634161701694 ], [ 6.247469748137873, 53.478086914066189 ], [ 6.247465311900729, 53.478458439518121 ], [ 6.24732677812868, 53.478763782857172 ], [ 6.246712123792427, 53.479160189526176 ], [ 6.246916391308724, 53.479512951409504 ], [ 6.246896097323758, 53.479654839786278 ], [ 6.246487293372421, 53.479239799380323 ], [ 6.247394239863816, 53.47859674202514 ], [ 6.247464856200077, 53.477484938315449 ], [ 6.246300216540885, 53.477156547462052 ], [ 6.244469386673853, 53.477283035545675 ], [ 6.243318509430302, 53.477185832749726 ], [ 6.242928388922795, 53.477002130565609 ], [ 6.242429183967588, 53.477095332364563 ], [ 6.241424562197053, 53.476938040622848 ], [ 6.241079158469321, 53.476475943013362 ], [ 6.239901411370607, 53.476576708261994 ], [ 6.238821156211084, 53.477156883204771 ], [ 6.23858274677649, 53.478284960765414 ], [ 6.238674376225284, 53.479465216464888 ], [ 6.238107938019177, 53.480452584613701 ], [ 6.234143330397774, 53.483423588722573 ], [ 6.233351832084646, 53.484320191593874 ], [ 6.232300912010199, 53.485387059189677 ], [ 6.233248823298492, 53.484297195322021 ], [ 6.233783094751437, 53.483409389071184 ], [ 6.237324013713905, 53.480635797262799 ], [ 6.238271348088559, 53.47967642303049 ], [ 6.238156127707509, 53.478638039301124 ], [ 6.237923734654955, 53.478594831817297 ], [ 6.237811010003663, 53.478754365400356 ], [ 6.237420319220378, 53.478486127440526 ], [ 6.237594333381852, 53.477552846979741 ], [ 6.237283084708379, 53.477079664843224 ], [ 6.236809172711017, 53.477115735651431 ], [ 6.235517629034796, 53.476657433782378 ], [ 6.234851769437017, 53.477170006448993 ], [ 6.233243783192376, 53.477313828514262 ], [ 6.232797729791267, 53.477059888494736 ], [ 6.231582272232767, 53.476922589553496 ], [ 6.229560646583479, 53.476944313947918 ], [ 6.227522778286663, 53.477792461480924 ], [ 6.226589175287045, 53.47843061961138 ], [ 6.226838329859416, 53.479831090311706 ], [ 6.226671856465985, 53.480797073093797 ], [ 6.226104177493297, 53.481546743440916 ], [ 6.226542634977079, 53.480855375544984 ], [ 6.226649861672715, 53.480171438146506 ], [ 6.226335008350058, 53.478535154968888 ], [ 6.227289805472053, 53.477739371357025 ], [ 6.227675514865744, 53.477215378915034 ], [ 6.227594935975374, 53.476922408679471 ], [ 6.224604059781116, 53.476663608709487 ], [ 6.223990804957667, 53.476969613680339 ], [ 6.223747291522121, 53.477306487394337 ], [ 6.223090024138052, 53.477599497565201 ], [ 6.22340703419842, 53.477188944680144 ], [ 6.223339269701323, 53.476795120155778 ], [ 6.222580650436911, 53.476526657117709 ], [ 6.220870435147398, 53.476197663902084 ], [ 6.21578445640735, 53.47577277322231 ], [ 6.215117584846138, 53.475554169086195 ], [ 6.214452196157136, 53.475722751875779 ], [ 6.214356434704442, 53.475451944221803 ], [ 6.213519004163951, 53.475201744181099 ], [ 6.211628386565533, 53.47510830567019 ], [ 6.207716746596, 53.474299105801919 ], [ 6.206742471206902, 53.474239603876036 ], [ 6.206378076966793, 53.474048819076067 ], [ 6.204775685809815, 53.473860009484376 ], [ 6.203818695548135, 53.473941774025896 ], [ 6.201999856317636, 53.473676567888866 ], [ 6.197987623309629, 53.47291435228091 ], [ 6.197418165294268, 53.472768853140977 ], [ 6.19724120080021, 53.472428825060589 ], [ 6.196965407163562, 53.472474128050891 ], [ 6.197269268089806, 53.471875122777398 ], [ 6.199610747739298, 53.470068989963714 ], [ 6.200493342722972, 53.469556828443785 ], [ 6.201652769563832, 53.469545286248483 ], [ 6.202464182448092, 53.469119100771117 ], [ 6.202525118405174, 53.468849051718124 ], [ 6.202829632592101, 53.468883223809165 ], [ 6.20309108945238, 53.468496895080698 ], [ 6.203028781943512, 53.468367200172203 ], [ 6.202016774102833, 53.468140841663299 ], [ 6.200686044461576, 53.468705384622844 ], [ 6.200604395373185, 53.468901608931588 ], [ 6.198856717028908, 53.469884423217273 ], [ 6.196641216735541, 53.471635432391977 ], [ 6.195120067290424, 53.472304660212991 ], [ 6.177096031315766, 53.472188310943096 ], [ 6.169434971557937, 53.472394145045683 ], [ 6.169328391003329, 53.472282590424037 ], [ 6.169445696889825, 53.471902249433306 ], [ 6.169273992014806, 53.471838064817433 ], [ 6.169199553217735, 53.471550969098281 ], [ 6.168765895143933, 53.471374318685768 ], [ 6.168970347727107, 53.471065948014484 ], [ 6.167671999026433, 53.470628691425176 ], [ 6.167934725503729, 53.468058433519225 ], [ 6.167648870589661, 53.468149770431879 ], [ 6.167361078304918, 53.470092991248137 ], [ 6.166670594539954, 53.470068078879237 ], [ 6.16690884559929, 53.46793411773848 ], [ 6.166481801362595, 53.467817149585549 ], [ 6.16611116410335, 53.469915417911579 ], [ 6.165961477517652, 53.470094693157371 ], [ 6.165809747588868, 53.471865317811648 ], [ 6.165152601724209, 53.471933713312488 ], [ 6.165003241533826, 53.472082257546759 ], [ 6.163704284622101, 53.472152584382549 ], [ 6.160664439000877, 53.47183060219524 ], [ 6.159321327701869, 53.471306589320889 ], [ 6.158903982644668, 53.47091985727527 ], [ 6.158327415535392, 53.470684225706293 ], [ 6.156812902286793, 53.470601425423439 ], [ 6.157888015705261, 53.470373758909574 ], [ 6.15760341585929, 53.470018130953932 ], [ 6.157698488544966, 53.469683862517698 ], [ 6.157329812731661, 53.469452498034705 ], [ 6.157321936759365, 53.469277196397186 ], [ 6.157932790842645, 53.468988722118901 ], [ 6.15789359434485, 53.46867252257249 ], [ 6.156663013912282, 53.468261606982942 ], [ 6.15503340933477, 53.468115270393582 ], [ 6.155903539468899, 53.468022892789953 ], [ 6.158116543492436, 53.46729770630796 ], [ 6.158374608123266, 53.467029873380348 ], [ 6.158074221035334, 53.466600477286569 ], [ 6.155899899902892, 53.466571408977501 ], [ 6.153524739070042, 53.466165864533998 ], [ 6.152600636659115, 53.465820824299719 ], [ 6.151210806766901, 53.465718287136312 ], [ 6.148984180268108, 53.466347536802786 ], [ 6.148703829298201, 53.466283455895571 ], [ 6.148797487998761, 53.466060035403366 ], [ 6.150341651890777, 53.465775370114848 ], [ 6.150668592398472, 53.465579263974689 ], [ 6.150712834262705, 53.465274661635178 ], [ 6.150024162535771, 53.464760092104825 ], [ 6.150077938213716, 53.464537770201964 ], [ 6.151119919471862, 53.463698194998521 ], [ 6.151474101456451, 53.462812069915913 ], [ 6.151786377700109, 53.462396312876038 ], [ 6.15210832602745, 53.462337919853731 ], [ 6.15226367723295, 53.46210734149448 ], [ 6.151951361814245, 53.461817009627893 ], [ 6.150103732848169, 53.461608003587401 ], [ 6.150383617177737, 53.461348079244168 ], [ 6.150011469991986, 53.461125764369655 ], [ 6.150082923209989, 53.460751156923337 ], [ 6.149936961847115, 53.460594867000985 ], [ 6.149587184447273, 53.460589019486726 ], [ 6.149296012870672, 53.460869942131829 ], [ 6.149478621362549, 53.460494192349472 ], [ 6.150655538863924, 53.460333273300726 ], [ 6.150125810830577, 53.460054616935608 ], [ 6.149550074254816, 53.460022177828748 ], [ 6.148716848614873, 53.460222010426975 ], [ 6.147869732873264, 53.460120180889639 ], [ 6.145175093145562, 53.460766935635647 ], [ 6.144908269164629, 53.461229916748955 ], [ 6.145450216346269, 53.461299211613984 ], [ 6.144444588999626, 53.46143979264631 ], [ 6.143627094593112, 53.462142897447521 ], [ 6.143826860690602, 53.462285442847346 ], [ 6.145813197082861, 53.462188210227261 ], [ 6.146048785086534, 53.462646118668857 ], [ 6.146760012106705, 53.462744678721663 ], [ 6.145986808282217, 53.463185579893192 ], [ 6.146252535198428, 53.463647996315871 ], [ 6.146828156599096, 53.463848747117282 ], [ 6.146908058373585, 53.464074711329829 ], [ 6.146184093724668, 53.464556090475298 ], [ 6.145863093492459, 53.465375761548884 ], [ 6.14542752739154, 53.46589698294364 ], [ 6.143387290490397, 53.466789288336955 ], [ 6.140385106805214, 53.467302403363099 ], [ 6.139232278480016, 53.467704376306926 ], [ 6.137048741376622, 53.468874685851155 ], [ 6.136283441281786, 53.469102664881994 ], [ 6.134390889572566, 53.471001758803681 ], [ 6.133035181976995, 53.471925408031389 ], [ 6.131535843866188, 53.472577788135148 ], [ 6.13030083556896, 53.474425145400851 ] ], [ [ 6.264147876529759, 53.489270156253347 ], [ 6.26410622387511, 53.48945410864998 ], [ 6.26412887484659, 53.48963097080545 ], [ 6.264066310242326, 53.489617343506907 ], [ 6.264147876529759, 53.489270156253347 ] ], [ [ 6.263243378826007, 53.481402275308966 ], [ 6.263213926928412, 53.481419252755387 ], [ 6.263214205142152, 53.481341230621865 ], [ 6.263235387985657, 53.481360767060046 ], [ 6.263243378826007, 53.481402275308966 ] ], [ [ 6.254502903068066, 53.478990491119404 ], [ 6.254500922602634, 53.479135952826091 ], [ 6.254467804823785, 53.479232166052341 ], [ 6.254484995303386, 53.478901274409054 ], [ 6.254502903068066, 53.478990491119404 ] ], [ [ 6.251749793368007, 53.478670877100889 ], [ 6.251748464717703, 53.478793886556993 ], [ 6.251640581801834, 53.478460864477555 ], [ 6.251731324756557, 53.478584100721342 ], [ 6.251749793368007, 53.478670877100889 ] ], [ [ 6.251644901667488, 53.479096466083178 ], [ 6.251649860108021, 53.479084541317853 ], [ 6.251673216552781, 53.47903286512134 ], [ 6.251641088065614, 53.479141873810903 ], [ 6.251644901667488, 53.479096466083178 ] ], [ [ 6.251662496186959, 53.47940671431536 ], [ 6.251650685134683, 53.479422549639018 ], [ 6.251653784746278, 53.479314816011239 ], [ 6.251667771739083, 53.479366805330557 ], [ 6.251662496186959, 53.47940671431536 ] ], [ [ 6.250494626120775, 53.479493961653169 ], [ 6.250496691825332, 53.479542107964825 ], [ 6.25052789227336, 53.47959356824159 ], [ 6.250453845564913, 53.479536158282187 ], [ 6.250494626120775, 53.479493961653169 ] ], [ [ 6.232051656713308, 53.48552974938876 ], [ 6.232115299292301, 53.485495738448613 ], [ 6.232091248317031, 53.485509207971965 ], [ 6.232051656713308, 53.48552974938876 ] ], [ [ 6.231448227085309, 53.485813674301269 ], [ 6.231106341607698, 53.485991524288423 ], [ 6.230964899265652, 53.486462189616233 ], [ 6.231081329860891, 53.485943456875177 ], [ 6.231680306359832, 53.485715433267735 ], [ 6.231448227085309, 53.485813674301269 ] ], [ [ 6.225828718087641, 53.481797499382701 ], [ 6.225120040527599, 53.482210965995684 ], [ 6.221220312448279, 53.483325032900886 ], [ 6.223143819145895, 53.482614209410386 ], [ 6.225088021056377, 53.482113676301125 ], [ 6.225947369586876, 53.481676299169273 ], [ 6.225828718087641, 53.481797499382701 ] ], [ [ 6.22084510009346, 53.4834879888842 ], [ 6.219980442954425, 53.484341782756594 ], [ 6.219712398762091, 53.484416328339712 ], [ 6.219475768680757, 53.484456246460411 ], [ 6.219037143820985, 53.484490560249839 ], [ 6.21839363317651, 53.484360938491371 ], [ 6.219913339854387, 53.484353257917888 ], [ 6.220316583899034, 53.483784571840587 ], [ 6.220591297078454, 53.483602282303607 ], [ 6.220726331523061, 53.483532842079256 ], [ 6.221044323340207, 53.483399068455874 ], [ 6.22084510009346, 53.4834879888842 ] ], [ [ 6.214105415159569, 53.485544972999449 ], [ 6.214100817073168, 53.485507908804344 ], [ 6.214169355762568, 53.485502622435966 ], [ 6.214105650437531, 53.485548076380255 ], [ 6.214105415159569, 53.485544972999449 ] ], [ [ 6.222953596501716, 53.47767262121971 ], [ 6.222865144694578, 53.477674931779006 ], [ 6.22303275803814, 53.477624504308388 ], [ 6.222999931570821, 53.477646149884393 ], [ 6.222953596501716, 53.47767262121971 ] ] ], [ [ [ 5.613108143311285, 53.446418946291494 ], [ 5.613424447476794, 53.446471757929487 ], [ 5.61350114938178, 53.44852336304524 ], [ 5.614071332730322, 53.450660798578404 ], [ 5.614495347633535, 53.451679543004737 ], [ 5.61542237384303, 53.452975050578139 ], [ 5.61556023538823, 53.453883588724977 ], [ 5.616600136729836, 53.454367296412308 ], [ 5.618186528871966, 53.455541461664623 ], [ 5.620945649445147, 53.457218544893053 ], [ 5.630321682031131, 53.461868350900119 ], [ 5.635774222372561, 53.464811636334112 ], [ 5.642026912648643, 53.467868758992765 ], [ 5.645458790899364, 53.469369274065699 ], [ 5.648384671350001, 53.470292747169303 ], [ 5.650850293948521, 53.470825637630099 ], [ 5.657462691146946, 53.471479062491078 ], [ 5.658494504309257, 53.471704653149011 ], [ 5.660758471274535, 53.471481660356758 ], [ 5.663605721374476, 53.470544473331252 ], [ 5.666809556543963, 53.469114676508518 ], [ 5.673019900308764, 53.467481168850099 ], [ 5.679355514833349, 53.46623621306933 ], [ 5.689458712684661, 53.464675256122483 ], [ 5.694052286001947, 53.464418797397066 ], [ 5.699007732753991, 53.464381669466164 ], [ 5.699337354840902, 53.464077444223356 ], [ 5.703382930586113, 53.464122254780932 ], [ 5.704030531024641, 53.463906344179442 ], [ 5.70603753139449, 53.46365584929648 ], [ 5.708166862147206, 53.463549864295253 ], [ 5.709036865217379, 53.463278071678907 ], [ 5.723779501290895, 53.462420001082101 ], [ 5.738570277620988, 53.461124231210391 ], [ 5.750283478431621, 53.460557666791985 ], [ 5.754144537283693, 53.460758120372937 ], [ 5.757710349088068, 53.460462062925757 ], [ 5.772036010073878, 53.460618742054351 ], [ 5.785343767297305, 53.461336964329661 ], [ 5.810766866705418, 53.463048022530394 ], [ 5.817778825886889, 53.463347319155055 ], [ 5.823088529706289, 53.463316841143737 ], [ 5.833072383467376, 53.463797327983983 ], [ 5.883604703625413, 53.466889370187147 ], [ 5.904658597482588, 53.467659314816252 ], [ 5.930621556253381, 53.468381217744863 ], [ 5.939751365249467, 53.468371210645344 ], [ 5.950616127464245, 53.467943140180019 ], [ 5.959821845584725, 53.468076868515851 ], [ 5.963934591493257, 53.467195273626203 ], [ 5.967889762222068, 53.465844303671282 ], [ 5.968631159451692, 53.465465469763615 ], [ 5.969180029117214, 53.464950813690059 ], [ 5.969837828671496, 53.463112062537768 ], [ 5.96955648471724, 53.462558138702079 ], [ 5.969026077298119, 53.458957867580473 ], [ 5.968634566800183, 53.458113961198229 ], [ 5.967688559635187, 53.456977751163706 ], [ 5.966572263856952, 53.456163509719673 ], [ 5.963369350255776, 53.454606534158167 ], [ 5.963184699273158, 53.455156824963915 ], [ 5.963511439086519, 53.455588143851244 ], [ 5.96521700003577, 53.456277368570063 ], [ 5.965976961679859, 53.456887689674787 ], [ 5.966554188516002, 53.457939810006565 ], [ 5.96681394211801, 53.459438003515565 ], [ 5.967322606616468, 53.460618824817374 ], [ 5.967316745198437, 53.461424888515104 ], [ 5.965181761524266, 53.462021209809286 ], [ 5.963129888668159, 53.462035431863754 ], [ 5.962192054371915, 53.461799904573155 ], [ 5.961880119613189, 53.461275790388925 ], [ 5.960944249788884, 53.460957674502737 ], [ 5.957900450824344, 53.461209344768484 ], [ 5.955883009751459, 53.460827546293444 ], [ 5.953443850164103, 53.4601099621161 ], [ 5.946511887798503, 53.459386383575975 ], [ 5.945364351653527, 53.459053561717397 ], [ 5.946310739997516, 53.45860363198036 ], [ 5.946232935268646, 53.458377560847403 ], [ 5.945832618848399, 53.458186277181348 ], [ 5.94388096680906, 53.458217667134235 ], [ 5.939977979564623, 53.457541192765049 ], [ 5.937456695467968, 53.457392358784979 ], [ 5.936563946812631, 53.45719664049539 ], [ 5.936295935391191, 53.457489346290231 ], [ 5.936241346736474, 53.457216167686404 ], [ 5.933700744281558, 53.45777157747191 ], [ 5.933264064172854, 53.45764741109754 ], [ 5.930648186479908, 53.457673083425654 ], [ 5.929973925344997, 53.457853225291259 ], [ 5.92991386550376, 53.458172627255216 ], [ 5.92984704051803, 53.458250186094489 ], [ 5.929758664386104, 53.457774000884861 ], [ 5.929511732553185, 53.457627192323407 ], [ 5.925528617797514, 53.457735797665229 ], [ 5.922481506737296, 53.457509114915887 ], [ 5.921807836289034, 53.457816754694242 ], [ 5.921323875999028, 53.457527754872189 ], [ 5.919245430434422, 53.457479986956209 ], [ 5.918097836614352, 53.457698824245796 ], [ 5.912030099805344, 53.457737882607134 ], [ 5.907931379838269, 53.457213822936389 ], [ 5.906340287712542, 53.457160822258402 ], [ 5.903308022972177, 53.455895127465048 ], [ 5.901897342866543, 53.455661708273617 ], [ 5.898061332360912, 53.453877534457718 ], [ 5.897122611605322, 53.453577292078229 ], [ 5.89577519711365, 53.453489059570927 ], [ 5.894836012147959, 53.453218921927693 ], [ 5.894577027911902, 53.45290787516614 ], [ 5.894284293974833, 53.452927792612108 ], [ 5.893951460053329, 53.452659202907164 ], [ 5.892585548451915, 53.452236242682666 ], [ 5.892557462009332, 53.451909046863051 ], [ 5.892124559593625, 53.451555516420726 ], [ 5.890669140964533, 53.451042385046712 ], [ 5.887857816762811, 53.450891692693254 ], [ 5.887204483739915, 53.45063763061161 ], [ 5.887017999130584, 53.450769689599625 ], [ 5.886930906553439, 53.450508316813242 ], [ 5.880859901696184, 53.449783650666838 ], [ 5.87495219749411, 53.448814334860948 ], [ 5.871848452233001, 53.448695381627608 ], [ 5.868922341119926, 53.448881165085567 ], [ 5.865203894179933, 53.448001587458535 ], [ 5.865659392378824, 53.447731146203004 ], [ 5.865458943458187, 53.447393735983169 ], [ 5.864073342511193, 53.446997632070222 ], [ 5.857484342138377, 53.44603269404611 ], [ 5.849815392469514, 53.44537225414625 ], [ 5.846212517360825, 53.444447237356336 ], [ 5.843086226291876, 53.444068613140416 ], [ 5.841328706817216, 53.443690428142851 ], [ 5.835190807061826, 53.443271401542788 ], [ 5.832727272831766, 53.442467203344414 ], [ 5.824208377379423, 53.441136523651785 ], [ 5.820634467655248, 53.439915554124489 ], [ 5.818224296029715, 53.439498469141746 ], [ 5.816240820560522, 53.439434597919728 ], [ 5.813537239632994, 53.43902828160855 ], [ 5.811487039492995, 53.438913370419094 ], [ 5.804988638634563, 53.437444738685031 ], [ 5.801351718989578, 53.437345263140536 ], [ 5.797876579561697, 53.43759309521721 ], [ 5.796487927082796, 53.437941029304376 ], [ 5.793519473833126, 53.437659687536424 ], [ 5.790313812491624, 53.438141213059836 ], [ 5.786637170733757, 53.438167654793368 ], [ 5.780290897314119, 53.437556651365838 ], [ 5.779002952971836, 53.437703750887913 ], [ 5.776967008296698, 53.438200982292464 ], [ 5.776875416011506, 53.43803711806887 ], [ 5.776396789224792, 53.43790138850742 ], [ 5.776339803463489, 53.436471981863619 ], [ 5.7759095545081, 53.436411650772428 ], [ 5.77579696890562, 53.436763509852895 ], [ 5.775872818091335, 53.437861977982493 ], [ 5.77500391873043, 53.43786879946456 ], [ 5.775084493318387, 53.436343484961426 ], [ 5.775686109322093, 53.435917520788841 ], [ 5.775741776185695, 53.434870535711326 ], [ 5.775371367961196, 53.433462514609538 ], [ 5.77466418070573, 53.433464043895071 ], [ 5.77427031615992, 53.432652328989803 ], [ 5.773158552569314, 53.4325811351002 ], [ 5.772864047319153, 53.433099079044659 ], [ 5.773912074993476, 53.433504284712235 ], [ 5.774212472337786, 53.434388025030422 ], [ 5.774396765217261, 53.435453688336217 ], [ 5.774387827550166, 53.438009921691119 ], [ 5.774175165109273, 53.438072561548516 ], [ 5.773381011086196, 53.439030971092208 ], [ 5.772466254128414, 53.439448945154879 ], [ 5.769804957638734, 53.439446440881902 ], [ 5.766404183320092, 53.440088593969136 ], [ 5.757423901933772, 53.440240055022016 ], [ 5.752730261941607, 53.44015705533144 ], [ 5.741056403932805, 53.442311269942167 ], [ 5.738828770900066, 53.442226308954702 ], [ 5.732985462283304, 53.442934480547684 ], [ 5.727237236416858, 53.442844691115432 ], [ 5.723116650195633, 53.44197853668561 ], [ 5.721623139139317, 53.441423460271025 ], [ 5.720547597682931, 53.440566427399048 ], [ 5.718360331202976, 53.437782310091649 ], [ 5.716866240093212, 53.436451573272421 ], [ 5.718101082292634, 53.435916259822477 ], [ 5.718713247484752, 53.435903876341541 ], [ 5.718766700237864, 53.435615330237148 ], [ 5.727504968628253, 53.431942093523389 ], [ 5.731453370381198, 53.431121182218853 ], [ 5.731464476924902, 53.431302417054198 ], [ 5.731664022142604, 53.431327132933994 ], [ 5.73208462926501, 53.430942352444752 ], [ 5.731969294035801, 53.430710735963544 ], [ 5.731635993990507, 53.430621380071429 ], [ 5.73103478039682, 53.430885763392489 ], [ 5.729806280081008, 53.431040261880391 ], [ 5.729568881948969, 53.431223584915301 ], [ 5.72937464078678, 53.431075141103022 ], [ 5.729284817134256, 53.431282789080932 ], [ 5.729074510298122, 53.431328640961816 ], [ 5.728810193268349, 53.431122777166557 ], [ 5.728744414639335, 53.431402985678091 ], [ 5.728408413924025, 53.431470512707406 ], [ 5.728147223930242, 53.431236569660889 ], [ 5.728075351944935, 53.4315371695184 ], [ 5.727787019127797, 53.431595041493885 ], [ 5.727542387488189, 53.431389428187067 ], [ 5.727428047015673, 53.431677915927061 ], [ 5.718913682977159, 53.435239909805304 ], [ 5.718190843091464, 53.434829332251716 ], [ 5.715689708492426, 53.435606653126925 ], [ 5.714062071839457, 53.434733594233293 ], [ 5.705384948494081, 53.431524916474885 ], [ 5.703706755083044, 53.430533091377626 ], [ 5.703873052135728, 53.430014862132801 ], [ 5.703308481654098, 53.429683590695348 ], [ 5.702183005494352, 53.429561549524784 ], [ 5.700149896245762, 53.42896532792588 ], [ 5.68933414931492, 53.427420299925338 ], [ 5.682742162507265, 53.425081903296139 ], [ 5.68037799270609, 53.424555595757163 ], [ 5.678541354797792, 53.424411135324206 ], [ 5.671812165669716, 53.42488397374759 ], [ 5.670291855472019, 53.423097729733598 ], [ 5.667429616589323, 53.424113138566291 ], [ 5.664390615357676, 53.424136513638942 ], [ 5.656560031591761, 53.425570072495731 ], [ 5.652826029506705, 53.425949777578971 ], [ 5.651383167047586, 53.42595555371414 ], [ 5.650171028628215, 53.424525646319438 ], [ 5.650278412552277, 53.424266190170833 ], [ 5.649962506911667, 53.424102643627876 ], [ 5.646751135200883, 53.425152576881544 ], [ 5.64182894012604, 53.42639708603879 ], [ 5.638006395234713, 53.427920799165832 ], [ 5.636803357725813, 53.428096169915996 ], [ 5.631272773273535, 53.430033166647696 ], [ 5.630323905178002, 53.429182805457572 ], [ 5.629894723424425, 53.429119461648689 ], [ 5.629690201468874, 53.429414706995267 ], [ 5.630320916023325, 53.429879741847593 ], [ 5.6273556177979, 53.431956807141397 ], [ 5.626511817018823, 53.432108343078724 ], [ 5.626252578928627, 53.431690968158435 ], [ 5.625651854003811, 53.431642372567076 ], [ 5.625541611127034, 53.431794635740673 ], [ 5.625625987532584, 53.432045287503065 ], [ 5.626187791713432, 53.432251761816325 ], [ 5.622468607752269, 53.434799361941394 ], [ 5.620968093368679, 53.436208029594503 ], [ 5.619297272896723, 53.437219899998048 ], [ 5.616354484443427, 53.439448947971435 ], [ 5.615208464328506, 53.441138687875828 ], [ 5.61445462447691, 53.443095851436951 ], [ 5.614449384020684, 53.443490305707002 ], [ 5.613572551504808, 53.443628091795844 ], [ 5.613638636360872, 53.443777588940058 ], [ 5.614053869780007, 53.443837489384961 ], [ 5.613684480535177, 53.444908154263516 ], [ 5.613082359993332, 53.444953381795017 ], [ 5.613160186943383, 53.445097145291079 ], [ 5.613617938517106, 53.445161150222916 ], [ 5.613441557428736, 53.446170314374662 ], [ 5.612739140562367, 53.44609608804867 ], [ 5.612614235436035, 53.446232496117211 ], [ 5.613108143311285, 53.446418946291494 ] ], [ [ 5.936152343164865, 53.45787180990947 ], [ 5.936171732852591, 53.457802409460491 ], [ 5.936177442048176, 53.457788020868257 ], [ 5.936170314454412, 53.457822698646353 ], [ 5.936152343164865, 53.45787180990947 ] ], [ [ 5.886993080042133, 53.450822342903948 ], [ 5.88686187881904, 53.451314861136957 ], [ 5.886722860554144, 53.451446850013376 ], [ 5.886861155513857, 53.450992972278939 ], [ 5.886993080042133, 53.450822342903948 ] ], [ [ 5.884598661179145, 53.452532730207082 ], [ 5.884597589663277, 53.452541092990273 ], [ 5.884608028473995, 53.452477405764157 ], [ 5.884599099491934, 53.452530148849057 ], [ 5.884598661179145, 53.452532730207082 ] ], [ [ 5.884709952347661, 53.453351724471474 ], [ 5.884820069808, 53.45317636390979 ], [ 5.884794687283502, 53.453274659412408 ], [ 5.884709952347661, 53.453351724471474 ] ], [ [ 5.882091816776176, 53.453417623667598 ], [ 5.882176969679252, 53.453379486261966 ], [ 5.882041797537341, 53.45344922645139 ], [ 5.882091816776176, 53.453417623667598 ] ], [ [ 5.878458741263303, 53.454795080524235 ], [ 5.878140726589907, 53.455322325344866 ], [ 5.878068411924174, 53.455381901405758 ], [ 5.878344378562214, 53.454922461146147 ], [ 5.878480704962527, 53.454761378179874 ], [ 5.878458741263303, 53.454795080524235 ] ] ], [ [ [ 5.153751404020265, 53.357126453183575 ], [ 5.153995183283373, 53.358280031540239 ], [ 5.154466495548563, 53.359062325089106 ], [ 5.155979762030024, 53.360636899843286 ], [ 5.158679619612161, 53.362951950813994 ], [ 5.163298018386913, 53.367607436165279 ], [ 5.165176698754305, 53.369871561456293 ], [ 5.17192197082654, 53.375147032637294 ], [ 5.173710056821756, 53.376913106096602 ], [ 5.177886883825212, 53.379950567511834 ], [ 5.179298313848596, 53.381183254337365 ], [ 5.179924366725112, 53.381964394588806 ], [ 5.180765214245532, 53.383784907725421 ], [ 5.181358839894023, 53.384401185601874 ], [ 5.187925917474617, 53.387619824052436 ], [ 5.190111660293724, 53.389532615809465 ], [ 5.192276038822311, 53.39186146201834 ], [ 5.19349316263925, 53.392637066685232 ], [ 5.195410371477322, 53.393230693723424 ], [ 5.199821893179895, 53.394200753081464 ], [ 5.201423224189807, 53.394735419259789 ], [ 5.22171685825653, 53.398339947474796 ], [ 5.232768371220597, 53.400763432752392 ], [ 5.247408118918001, 53.403591532197204 ], [ 5.257059027476129, 53.405108142165233 ], [ 5.259164926330379, 53.405578343841938 ], [ 5.267362094206234, 53.406783785375623 ], [ 5.282297188242271, 53.409265840997577 ], [ 5.291090969043053, 53.410449795898906 ], [ 5.306476331500582, 53.412854925503808 ], [ 5.311270885726596, 53.413421005674856 ], [ 5.320164298396056, 53.415264129317499 ], [ 5.321989075289401, 53.415391049079986 ], [ 5.328184248127623, 53.416413130018896 ], [ 5.329362923505474, 53.41641407223316 ], [ 5.333484400648191, 53.417295548535648 ], [ 5.335432641911516, 53.417437954126413 ], [ 5.337725390817831, 53.41789569670258 ], [ 5.342433810479696, 53.418390223913505 ], [ 5.343264374859205, 53.418672393592942 ], [ 5.350568432206556, 53.419590223249173 ], [ 5.355401168741811, 53.420612173362798 ], [ 5.363240673436094, 53.421811262266189 ], [ 5.369022563258427, 53.42216527245251 ], [ 5.376030865508471, 53.423221552567909 ], [ 5.378507988148172, 53.423820474007059 ], [ 5.392237435495634, 53.426143633849861 ], [ 5.393600438101464, 53.426567257480507 ], [ 5.402380953806434, 53.428009642659248 ], [ 5.407511546183612, 53.429206007498976 ], [ 5.409583910468958, 53.429608375454052 ], [ 5.411343343869183, 53.429760628718007 ], [ 5.428601867102289, 53.433198262428192 ], [ 5.429960153905566, 53.433318015522623 ], [ 5.432665917864647, 53.433958127048164 ], [ 5.436292558331255, 53.434177972602797 ], [ 5.442897434318164, 53.435593845946158 ], [ 5.465946895135006, 53.439842612831434 ], [ 5.472731500254043, 53.441258904037113 ], [ 5.491785908661511, 53.44397602273871 ], [ 5.49363083996024, 53.444021676912406 ], [ 5.494707175687199, 53.444305648903558 ], [ 5.495916302770834, 53.444401971074448 ], [ 5.509311287744443, 53.445339731368435 ], [ 5.513923965884401, 53.445402574584435 ], [ 5.519992788606329, 53.445210612842686 ], [ 5.526928003867225, 53.444686915105052 ], [ 5.531290853983058, 53.444143005273943 ], [ 5.534030923223344, 53.443719447046306 ], [ 5.537272924435167, 53.442990660839349 ], [ 5.540400219213486, 53.442129844729195 ], [ 5.543966342871893, 53.440782530175923 ], [ 5.547299962958292, 53.438881437882316 ], [ 5.548772481315408, 53.437572360017654 ], [ 5.549585245612739, 53.436275101651276 ], [ 5.549819534195084, 53.435065413799734 ], [ 5.549344774616082, 53.433030603436436 ], [ 5.548748749575524, 53.431980138850825 ], [ 5.547368914926193, 53.430792108489818 ], [ 5.546718420477659, 53.430516820984742 ], [ 5.54657832473744, 53.430630805986084 ], [ 5.54669522367035, 53.431006498015826 ], [ 5.547586974390605, 53.431767466137138 ], [ 5.548153248334317, 53.43259014729697 ], [ 5.548767445194896, 53.434693667996235 ], [ 5.548808534391352, 53.435318125173914 ], [ 5.548594570914894, 53.436008066551288 ], [ 5.547240150973574, 53.437573316033237 ], [ 5.546169492466929, 53.438279769801639 ], [ 5.545751963006768, 53.437985093996318 ], [ 5.544193243237899, 53.435791598799099 ], [ 5.543213994840647, 53.435335809628135 ], [ 5.542084396542264, 53.435126226972827 ], [ 5.540742462051105, 53.435947175166525 ], [ 5.53999814622034, 53.435901328679982 ], [ 5.539240650651882, 53.436209500578514 ], [ 5.538885369850049, 53.436582183203768 ], [ 5.538936947081442, 53.436861628002866 ], [ 5.535883502947167, 53.439226620769126 ], [ 5.53534819472135, 53.439499055024655 ], [ 5.534523289175548, 53.439648758923255 ], [ 5.533774514988839, 53.439408006200679 ], [ 5.533553268022706, 53.439109790862055 ], [ 5.534755748489423, 53.439461155254101 ], [ 5.535709662754861, 53.43931426572501 ], [ 5.53697605472644, 53.438099885230613 ], [ 5.53693871642821, 53.437918092061366 ], [ 5.538055892842312, 53.437186744360069 ], [ 5.538770056282314, 53.436314875912501 ], [ 5.541076131141063, 53.435416179725614 ], [ 5.542201322143335, 53.434540963562867 ], [ 5.542251212558272, 53.434345691243898 ], [ 5.541751192393589, 53.434094485034294 ], [ 5.541181649109083, 53.434093062050664 ], [ 5.541047154794212, 53.433085685138771 ], [ 5.538859965545797, 53.432732361974303 ], [ 5.538210964687117, 53.432455560383829 ], [ 5.539090274335597, 53.432228915139142 ], [ 5.539082254547975, 53.431984885347035 ], [ 5.537960091563683, 53.432226386249198 ], [ 5.537526878456508, 53.432065356351004 ], [ 5.536555882389587, 53.432162845782173 ], [ 5.528529970287499, 53.43006771480372 ], [ 5.52415995579472, 53.429465122005404 ], [ 5.516980016376664, 53.428890194907737 ], [ 5.516173507215099, 53.429029692995393 ], [ 5.516166727012976, 53.429255958595405 ], [ 5.516693500561945, 53.429310555343065 ], [ 5.516640622116235, 53.429469385327231 ], [ 5.516129080038392, 53.429494868704076 ], [ 5.515685670439555, 53.429845102198556 ], [ 5.514955594793711, 53.429993547999871 ], [ 5.514361187788029, 53.429812438245555 ], [ 5.514372610333902, 53.429290447418573 ], [ 5.513978058689289, 53.429074258738439 ], [ 5.515818550268234, 53.428705424980208 ], [ 5.515524702708696, 53.428544175761509 ], [ 5.513698401474068, 53.428777924914641 ], [ 5.512637692426028, 53.429250253520642 ], [ 5.511302091491546, 53.431797205957551 ], [ 5.511202634635979, 53.433609008100014 ], [ 5.510811873438034, 53.434506680968624 ], [ 5.510712282284045, 53.434185301999563 ], [ 5.510969401487892, 53.433621874625025 ], [ 5.511050409092729, 53.432911413103525 ], [ 5.510412650803728, 53.432569930858314 ], [ 5.508398068313144, 53.43341502381697 ], [ 5.507951443592205, 53.433711227326427 ], [ 5.507752202232915, 53.434221635217916 ], [ 5.507721343327928, 53.433960137643318 ], [ 5.508085705857638, 53.433485855301392 ], [ 5.510756296805804, 53.432023220819048 ], [ 5.510801333264065, 53.431693020854595 ], [ 5.510510222172097, 53.43142652208185 ], [ 5.510688778908142, 53.430571054066057 ], [ 5.510488695008118, 53.42999808995085 ], [ 5.510181911630969, 53.429763337817626 ], [ 5.509854786561913, 53.428944651181304 ], [ 5.509552088753237, 53.428653607925398 ], [ 5.507395535092804, 53.429686964022174 ], [ 5.506404147568927, 53.429929705570473 ], [ 5.510814982333962, 53.427791095382268 ], [ 5.510873645655659, 53.427515815649151 ], [ 5.50954597042452, 53.426943064157854 ], [ 5.507975902070119, 53.426605775771307 ], [ 5.507741704586131, 53.426686030671476 ], [ 5.507068729241591, 53.426153131146371 ], [ 5.506626554888547, 53.426149495466987 ], [ 5.505467789375934, 53.425694383066222 ], [ 5.504121258948324, 53.425408122882963 ], [ 5.50037933556288, 53.423981201754032 ], [ 5.49966070131833, 53.423881869470691 ], [ 5.499620679151103, 53.42369840233799 ], [ 5.497105609079592, 53.422817242693633 ], [ 5.495943903728548, 53.422831562737919 ], [ 5.494947018943319, 53.423078026428534 ], [ 5.491180446347165, 53.424876555986941 ], [ 5.489824548517279, 53.425296001327617 ], [ 5.487688530459814, 53.426657051289126 ], [ 5.485287799996742, 53.428451634745301 ], [ 5.485197960130785, 53.428883147558054 ], [ 5.485592335233561, 53.429463335005181 ], [ 5.485714708595306, 53.430128826057071 ], [ 5.486540364874197, 53.43119625794354 ], [ 5.486175242177493, 53.431580394158651 ], [ 5.486134901130328, 53.431336354899337 ], [ 5.485717593246962, 53.430927686749392 ], [ 5.485525178122368, 53.430007015527231 ], [ 5.484612974424852, 53.428972338069137 ], [ 5.484804260442431, 53.428514546301173 ], [ 5.483960737855561, 53.428292433331457 ], [ 5.484960701836592, 53.428277667629381 ], [ 5.485332605108443, 53.428121707038308 ], [ 5.486304035325377, 53.426993369687807 ], [ 5.487951782572268, 53.425680566365465 ], [ 5.491897066234673, 53.423848417172543 ], [ 5.491971710872129, 53.423617437536279 ], [ 5.491793542269785, 53.423417569537392 ], [ 5.492937843253086, 53.422460536322689 ], [ 5.492857816423886, 53.42218335444926 ], [ 5.493172613313765, 53.422282478280621 ], [ 5.493270790386769, 53.422180411048942 ], [ 5.492494878454973, 53.421431038457278 ], [ 5.491292241729383, 53.420889711339932 ], [ 5.490257892535237, 53.42110291661578 ], [ 5.488905705799934, 53.420936967540392 ], [ 5.486833095362, 53.419665146420165 ], [ 5.483928574212164, 53.419408841184307 ], [ 5.483851067083671, 53.419273110875693 ], [ 5.484355225529842, 53.419210032532547 ], [ 5.484385455330069, 53.418990952877827 ], [ 5.48321487285746, 53.418608150985989 ], [ 5.48488763320672, 53.418761056014354 ], [ 5.484987810767414, 53.41848590877531 ], [ 5.48432503135903, 53.418315227102298 ], [ 5.485506148176098, 53.418390075766112 ], [ 5.485654376481946, 53.418189821698839 ], [ 5.485494212061702, 53.418015867909702 ], [ 5.484270945672567, 53.41799205494295 ], [ 5.482994434522626, 53.418176846349439 ], [ 5.48169421889688, 53.417863088442537 ], [ 5.481384599856398, 53.417643396416395 ], [ 5.480438359799422, 53.417789150896532 ], [ 5.479620729669165, 53.417656751694366 ], [ 5.476326654168189, 53.418582640429364 ], [ 5.473781003321989, 53.419082738662688 ], [ 5.472808603407056, 53.419507129566192 ], [ 5.471504866182495, 53.420450714214205 ], [ 5.47163675323184, 53.419876960450281 ], [ 5.471911733929225, 53.419547582344535 ], [ 5.474055828787668, 53.418704152510379 ], [ 5.474106196812195, 53.418545219879626 ], [ 5.473288833043193, 53.418437800051272 ], [ 5.470926955695163, 53.418952087667755 ], [ 5.466634998495704, 53.42144833943707 ], [ 5.465966694510055, 53.422006758818405 ], [ 5.464644801978683, 53.423856099309639 ], [ 5.464570014572567, 53.424898909023376 ], [ 5.464247890472962, 53.425371840185647 ], [ 5.464146995405438, 53.425868885303622 ], [ 5.46447773045516, 53.42626884209016 ], [ 5.464548253514759, 53.426621757379543 ], [ 5.464015528584496, 53.426774652890728 ], [ 5.463726740575612, 53.427208901427875 ], [ 5.46296098441763, 53.427587425555828 ], [ 5.463108357234036, 53.427887746349576 ], [ 5.463074195865431, 53.427970775786882 ], [ 5.462498324085292, 53.427676038758904 ], [ 5.462730839448439, 53.427017855783681 ], [ 5.463493678596111, 53.426550878235503 ], [ 5.463985700768886, 53.425708356506782 ], [ 5.464340121352806, 53.424663350849066 ], [ 5.464232958162781, 53.424000771824609 ], [ 5.463050104933493, 53.423857591957429 ], [ 5.462561374198317, 53.424061539158885 ], [ 5.462015884486271, 53.424575024575262 ], [ 5.462303806645959, 53.424192347542267 ], [ 5.463761727431953, 53.423192361452827 ], [ 5.464424734966414, 53.422178072586327 ], [ 5.467303429183513, 53.420528605465172 ], [ 5.469034708602765, 53.41934828252964 ], [ 5.471478932748731, 53.418434810449796 ], [ 5.471518705791415, 53.418284556874376 ], [ 5.473152221952663, 53.417944713987829 ], [ 5.474547278362199, 53.417968557535069 ], [ 5.476411814512963, 53.417537897589455 ], [ 5.476409909074786, 53.417260283486605 ], [ 5.475484927779534, 53.41690562996434 ], [ 5.47330003430623, 53.416990538305221 ], [ 5.472067951873716, 53.417309033162098 ], [ 5.471114090577189, 53.416881332563683 ], [ 5.47148689061468, 53.416645395481261 ], [ 5.471454544615685, 53.416286597691006 ], [ 5.472197307106438, 53.416050243759038 ], [ 5.472490038818417, 53.415766607317856 ], [ 5.473553749089626, 53.415503519551336 ], [ 5.474180903531505, 53.41460573621405 ], [ 5.474103082641864, 53.414224560398821 ], [ 5.474719586911338, 53.414187703635079 ], [ 5.474717721042078, 53.413860771728423 ], [ 5.474229245937922, 53.413721650611436 ], [ 5.470283179680069, 53.413688977212445 ], [ 5.470708776127226, 53.413478488572409 ], [ 5.470232311759945, 53.413295546397656 ], [ 5.4677941893313, 53.413695697582604 ], [ 5.464227017019092, 53.414991328121921 ], [ 5.458806573397744, 53.415405773301707 ], [ 5.456523214040525, 53.415798038759 ], [ 5.456249896305783, 53.416061799973207 ], [ 5.456208378459054, 53.415845146451737 ], [ 5.455641000997401, 53.415931683627186 ], [ 5.455452418398122, 53.416169880564119 ], [ 5.455328073908531, 53.415965362299673 ], [ 5.453390976697008, 53.415952524493171 ], [ 5.45253555189838, 53.415990640883386 ], [ 5.451872819811709, 53.416309356140637 ], [ 5.451249881808145, 53.416265953910759 ], [ 5.452979314475237, 53.415656831352265 ], [ 5.456416578319563, 53.415480494798565 ], [ 5.457795708736302, 53.41517797592433 ], [ 5.45835465819696, 53.414842980225373 ], [ 5.458411853175873, 53.414569527656539 ], [ 5.458245392214629, 53.414339034837916 ], [ 5.458861888907946, 53.413782173896784 ], [ 5.459811728113317, 53.413624605106079 ], [ 5.460443083271218, 53.413220167694234 ], [ 5.460420207586794, 53.413021511211817 ], [ 5.461244675903559, 53.412801530975059 ], [ 5.464744466624397, 53.412283142030397 ], [ 5.467501735385673, 53.412174414060743 ], [ 5.468703181545385, 53.411546429604442 ], [ 5.473777406393329, 53.411130147149393 ], [ 5.473952020128442, 53.410968294771372 ], [ 5.475456736713178, 53.410677437932648 ], [ 5.474956783385662, 53.410066194622516 ], [ 5.47543702535627, 53.409770278318774 ], [ 5.475161807375589, 53.409299864349251 ], [ 5.474720663574079, 53.409081916525366 ], [ 5.473192768840243, 53.408922322101212 ], [ 5.473031818489997, 53.408798817746323 ], [ 5.473162044936329, 53.40855064350098 ], [ 5.472903979598772, 53.408370084891807 ], [ 5.47223779470785, 53.408056720467194 ], [ 5.471149714194193, 53.407860629866491 ], [ 5.470660286083648, 53.407465029424507 ], [ 5.471075779083053, 53.407169724332896 ], [ 5.471062218449626, 53.406964497720125 ], [ 5.469810791643773, 53.406418511203 ], [ 5.462059436352688, 53.40492359936318 ], [ 5.458704793833541, 53.404480142259743 ], [ 5.456944442518851, 53.404429585888387 ], [ 5.456846027520887, 53.404317237625961 ], [ 5.455798325031881, 53.404580636686433 ], [ 5.45567463520169, 53.404363345972598 ], [ 5.455178965918706, 53.404178807993922 ], [ 5.453970528380727, 53.404107049660126 ], [ 5.449710875530631, 53.404324488423264 ], [ 5.4484017195917, 53.404722429545195 ], [ 5.448039228349946, 53.404345716632754 ], [ 5.447332839452185, 53.404234973296305 ], [ 5.445740583648492, 53.404281453272276 ], [ 5.440296131330604, 53.403895292223872 ], [ 5.437952517131197, 53.404247673371763 ], [ 5.434020863394234, 53.404090277182895 ], [ 5.432728123934946, 53.404227284074615 ], [ 5.431564235305237, 53.404040389619666 ], [ 5.43051111247346, 53.404110220635481 ], [ 5.428557314162114, 53.403935274288564 ], [ 5.427399724479389, 53.404276999218432 ], [ 5.425787773924289, 53.404092292794083 ], [ 5.421795442245448, 53.404455632895818 ], [ 5.41867547189736, 53.404542904589292 ], [ 5.417022610498992, 53.404371561557134 ], [ 5.41458311674111, 53.404587406542646 ], [ 5.411126140113423, 53.404306274132786 ], [ 5.407649495657053, 53.404635447871009 ], [ 5.399785609717759, 53.404107553663593 ], [ 5.398592885053184, 53.404232225701925 ], [ 5.397923163681067, 53.403862997955372 ], [ 5.397557731055781, 53.403834501412504 ], [ 5.398969048976697, 53.403723046510407 ], [ 5.404945849266013, 53.404132326173645 ], [ 5.417560390324624, 53.404035642876302 ], [ 5.418466423226277, 53.404152339690931 ], [ 5.423665505475861, 53.403754394529678 ], [ 5.424421499670466, 53.403888106773131 ], [ 5.430342640987236, 53.403780664983216 ], [ 5.430440583488872, 53.40361497141803 ], [ 5.424082225981, 53.403403051267304 ], [ 5.419339263064482, 53.403798072111776 ], [ 5.409421574764551, 53.403703422545448 ], [ 5.408677346320825, 53.403820430434934 ], [ 5.404622606075968, 53.403658532138678 ], [ 5.404507856346561, 53.403793716211325 ], [ 5.398418761117687, 53.403441292551761 ], [ 5.397653358574996, 53.403519649766217 ], [ 5.397126053808283, 53.40376322473832 ], [ 5.391441586899862, 53.403125636527626 ], [ 5.387594849731208, 53.402546600472512 ], [ 5.386259438458568, 53.402130261031608 ], [ 5.383877065898377, 53.401849280072369 ], [ 5.381888961048086, 53.400890593575681 ], [ 5.380584612012581, 53.400690717037556 ], [ 5.379916651491863, 53.400283848046776 ], [ 5.377418457843588, 53.399824372706092 ], [ 5.375426975312636, 53.398708703636608 ], [ 5.374951933964802, 53.398115546619799 ], [ 5.373720907959044, 53.397286869930625 ], [ 5.369353983591054, 53.395632975482592 ], [ 5.369005357976959, 53.395378757639669 ], [ 5.367987276730018, 53.395139643980201 ], [ 5.363152654123776, 53.391869887974522 ], [ 5.363560998972011, 53.391546745927833 ], [ 5.363526328404781, 53.39137950389739 ], [ 5.362909525263163, 53.391707216613874 ], [ 5.36142036251598, 53.390710811569974 ], [ 5.361998493687759, 53.390402937186053 ], [ 5.361996927694256, 53.390209409071574 ], [ 5.361164482894009, 53.390539596087095 ], [ 5.360026093757204, 53.389777846828622 ], [ 5.360685235250813, 53.389450767684032 ], [ 5.36065308268086, 53.389248717211125 ], [ 5.359764178211627, 53.389602584483924 ], [ 5.358545859645527, 53.388787298205962 ], [ 5.359143097814038, 53.388552627004799 ], [ 5.359150098995873, 53.38834357646612 ], [ 5.358269687627619, 53.388602481257969 ], [ 5.357012359514946, 53.387779602224995 ], [ 5.358021802065454, 53.38731968673811 ], [ 5.357997999673354, 53.387106351035335 ], [ 5.356707712713228, 53.387625190707965 ], [ 5.353618056950237, 53.386459547199486 ], [ 5.354140549671829, 53.385972670593908 ], [ 5.3540705771764, 53.385771846472451 ], [ 5.353313461281908, 53.386343492165167 ], [ 5.351038890028859, 53.385491587515432 ], [ 5.351569101119644, 53.38499055757368 ], [ 5.351479335918534, 53.384796579119119 ], [ 5.350733342024872, 53.385374857804898 ], [ 5.348478052977574, 53.384527149437567 ], [ 5.348966892469961, 53.38403898575482 ], [ 5.348896056302107, 53.383868966656955 ], [ 5.348200848013057, 53.384422122541729 ], [ 5.346206051631772, 53.383671051603542 ], [ 5.346726841324984, 53.383162040746676 ], [ 5.346656902332376, 53.382983769652654 ], [ 5.345905248814951, 53.383558163807223 ], [ 5.344712946704553, 53.383108484923277 ], [ 5.343754738819409, 53.382655899098012 ], [ 5.344424385068604, 53.382037306463367 ], [ 5.34431245235957, 53.381854935045979 ], [ 5.343508109901953, 53.382496246357526 ], [ 5.342236205286936, 53.382699108919311 ], [ 5.341478534048247, 53.38232952944135 ], [ 5.340877937563944, 53.382385403186284 ], [ 5.339369033889241, 53.381861798508808 ], [ 5.337079670049417, 53.381438558551118 ], [ 5.335044488959451, 53.381251631703186 ], [ 5.332831495634456, 53.381344531972857 ], [ 5.327823269771142, 53.379441367904015 ], [ 5.326704919057689, 53.378686621147956 ], [ 5.325192622922447, 53.378340230862321 ], [ 5.324669871164899, 53.377852021476727 ], [ 5.323449473549407, 53.378318409037988 ], [ 5.322632670387672, 53.37823111486022 ], [ 5.324447625585771, 53.3772241619019 ], [ 5.325027604666703, 53.376652529969206 ], [ 5.326792879762677, 53.376520356767273 ], [ 5.326827504599378, 53.376266945464785 ], [ 5.324835745161019, 53.376419209600606 ], [ 5.32399332133515, 53.377163952785551 ], [ 5.322002485595541, 53.378222049105439 ], [ 5.314239340355228, 53.38024654101622 ], [ 5.313224781308808, 53.380218346507299 ], [ 5.312306419097327, 53.380053412531439 ], [ 5.311625087804209, 53.379377140422328 ], [ 5.311395389080701, 53.378976933429243 ], [ 5.312049071996932, 53.37909502589175 ], [ 5.312200724768863, 53.378971350850286 ], [ 5.311742912021603, 53.378210576828913 ], [ 5.311215933207523, 53.377841303619633 ], [ 5.310642962142537, 53.377794433205615 ], [ 5.308313732423668, 53.376684599956512 ], [ 5.308698306781078, 53.376472494214426 ], [ 5.308613617770456, 53.376285717854294 ], [ 5.307849626328535, 53.376609758541541 ], [ 5.305750269593948, 53.375825796856198 ], [ 5.303542137634608, 53.375576767229518 ], [ 5.30183252206409, 53.375563895115086 ], [ 5.297348138062056, 53.375930125586599 ], [ 5.297415089009929, 53.375654429289987 ], [ 5.296709670805644, 53.375459666283568 ], [ 5.296941649940611, 53.375224696099878 ], [ 5.297248499705974, 53.375185164956164 ], [ 5.297304272050261, 53.37485020965994 ], [ 5.295784673152652, 53.374638044657054 ], [ 5.295704664268563, 53.374151203745015 ], [ 5.29593033049238, 53.373075250521957 ], [ 5.295498898160641, 53.37276778133576 ], [ 5.295640671439227, 53.371261728043095 ], [ 5.295374164981946, 53.370824262868517 ], [ 5.294823888556049, 53.370518105697876 ], [ 5.293505544229943, 53.370339599412446 ], [ 5.291377099984664, 53.370568020646417 ], [ 5.290917311490068, 53.369796405849051 ], [ 5.290700088819223, 53.369945222656256 ], [ 5.291065391047604, 53.370619541524292 ], [ 5.284233501145324, 53.371574851503361 ], [ 5.283847460020691, 53.371159864482451 ], [ 5.283645092562812, 53.371303456145831 ], [ 5.283880873397573, 53.371665862811362 ], [ 5.278167516212603, 53.373266406543244 ], [ 5.274567557323252, 53.373279194348584 ], [ 5.267971626931864, 53.371332831211468 ], [ 5.266757353425542, 53.371398934491054 ], [ 5.25971370427489, 53.372872658057382 ], [ 5.25831861333408, 53.372594748507886 ], [ 5.256865745741393, 53.372642495211466 ], [ 5.25490282510586, 53.371728887273399 ], [ 5.254332900382447, 53.370846420292246 ], [ 5.253268419953971, 53.370365441170534 ], [ 5.253204555075102, 53.370113492764631 ], [ 5.253972941329613, 53.369817454124792 ], [ 5.253962000720394, 53.369578207093177 ], [ 5.253087213903331, 53.369865276511085 ], [ 5.24352244867823, 53.366031314693934 ], [ 5.24393605837511, 53.365689343142407 ], [ 5.243774690958643, 53.365426372776412 ], [ 5.24182395728966, 53.364728544136803 ], [ 5.231884470595461, 53.359772982663593 ], [ 5.232546358005346, 53.359665136027125 ], [ 5.233901002791113, 53.35859154126662 ], [ 5.233997010540494, 53.358341134751072 ], [ 5.233815113802995, 53.358039484548641 ], [ 5.233637740118578, 53.358119121457321 ], [ 5.233624461340495, 53.358450290188117 ], [ 5.232303456905598, 53.359456522118883 ], [ 5.231067416005476, 53.359501145582442 ], [ 5.223728594230882, 53.355470711674222 ], [ 5.222670831710292, 53.355333539207351 ], [ 5.221882662908756, 53.354888749796977 ], [ 5.219919368341693, 53.3542983665685 ], [ 5.219616894232571, 53.354486492124401 ], [ 5.218452767331355, 53.356975856874094 ], [ 5.218089576133478, 53.359253945285538 ], [ 5.219226637927167, 53.361479728666197 ], [ 5.220276391696445, 53.362419396551118 ], [ 5.221170488675576, 53.362925775564079 ], [ 5.222120486665967, 53.363217006130775 ], [ 5.222442040392666, 53.363083656497849 ], [ 5.22236880444792, 53.362927177518898 ], [ 5.220648702264219, 53.362293818318129 ], [ 5.219576219831349, 53.361426797533397 ], [ 5.218443957449344, 53.359279766623104 ], [ 5.218749660672069, 53.357105286302961 ], [ 5.219908621759338, 53.354596753431871 ], [ 5.221836826770986, 53.35515074875471 ], [ 5.222566788141083, 53.355587294471704 ], [ 5.223460940082643, 53.355661813927689 ], [ 5.230898821335574, 53.359751317781644 ], [ 5.231326379849517, 53.359804098224501 ], [ 5.242706315004279, 53.365488466928575 ], [ 5.242623204103862, 53.365627372426026 ], [ 5.2378685715916, 53.367099673196151 ], [ 5.236515772608008, 53.366481169251266 ], [ 5.235038978112448, 53.36633495500714 ], [ 5.233858440019471, 53.366482866283128 ], [ 5.232846610785067, 53.36589398904664 ], [ 5.227113569191808, 53.365728121277762 ], [ 5.22662690482032, 53.365595586379392 ], [ 5.226386276222284, 53.365351370654942 ], [ 5.226469068202961, 53.364731989298733 ], [ 5.226081740049648, 53.364312491915236 ], [ 5.223826642470621, 53.364018888138652 ], [ 5.222527094076232, 53.363680079147692 ], [ 5.222276218705598, 53.363911855700294 ], [ 5.222769187944521, 53.36414195590244 ], [ 5.225860362764783, 53.364626181017634 ], [ 5.226013765928936, 53.364817239664717 ], [ 5.225963660712645, 53.365645481982909 ], [ 5.223616695603725, 53.36549897030806 ], [ 5.221290103984199, 53.365050894930327 ], [ 5.221528939016991, 53.364507456269791 ], [ 5.222199940656164, 53.36445880335058 ], [ 5.222300851395874, 53.364208253121326 ], [ 5.221135208270664, 53.364146930012666 ], [ 5.218984859533287, 53.361942347365385 ], [ 5.218187121371295, 53.361899655550509 ], [ 5.2180433670925, 53.361769975135125 ], [ 5.217803710958282, 53.360538376184337 ], [ 5.216727556215314, 53.35857536959665 ], [ 5.217369448447893, 53.358285077814102 ], [ 5.217700969791383, 53.357077422167151 ], [ 5.21739141605689, 53.356808869076339 ], [ 5.217164528098223, 53.356877957496735 ], [ 5.216279580291015, 53.356112007743803 ], [ 5.215426961857665, 53.356417274634602 ], [ 5.21524928811289, 53.356960781521124 ], [ 5.213441693343293, 53.356178534215537 ], [ 5.21309653103298, 53.355799795138154 ], [ 5.212804122618405, 53.35587763820601 ], [ 5.213176248621865, 53.355593299936821 ], [ 5.213676621621095, 53.355525387674142 ], [ 5.214086085149577, 53.355246428828814 ], [ 5.21596599376244, 53.354607931766971 ], [ 5.217403768100248, 53.35463885577326 ], [ 5.218309415786313, 53.354426304108436 ], [ 5.218308903900497, 53.354207976435156 ], [ 5.217200858486654, 53.354366741621646 ], [ 5.215730058029807, 53.354339313135966 ], [ 5.212003783579734, 53.355581298155499 ], [ 5.211637206976501, 53.355873380505443 ], [ 5.21163152723526, 53.356226338901962 ], [ 5.211373625432772, 53.356337105603984 ], [ 5.20937273094284, 53.356716167605818 ], [ 5.204438979155467, 53.355147407365074 ], [ 5.201226220456736, 53.35346337982439 ], [ 5.198509825057137, 53.352348888745624 ], [ 5.196936607242441, 53.351208394354423 ], [ 5.196498675712531, 53.350110797399402 ], [ 5.195754133856751, 53.349676966610403 ], [ 5.191897361638401, 53.349103040497809 ], [ 5.18510950213986, 53.348688209275913 ], [ 5.181704740725541, 53.348908376592021 ], [ 5.179404100329473, 53.34947241593931 ], [ 5.17864437188673, 53.349483910401673 ], [ 5.176886649143172, 53.349091249323813 ], [ 5.174674698673446, 53.348948852259433 ], [ 5.171412360446316, 53.349668790182449 ], [ 5.165341214108018, 53.352079394349992 ], [ 5.161782284668616, 53.351454484101829 ], [ 5.156335784971962, 53.354622726144839 ], [ 5.155207769490465, 53.355096120058484 ], [ 5.154101000328271, 53.35613325469626 ], [ 5.153751404020265, 53.357126453183575 ] ], [ [ 5.454502894401427, 53.412566848296606 ], [ 5.454506794158721, 53.412456671348671 ], [ 5.454569521975338, 53.41240970727528 ], [ 5.454592034934005, 53.412663261408461 ], [ 5.454502894401427, 53.412566848296606 ] ], [ [ 5.450392065014528, 53.416449745769889 ], [ 5.450327679980567, 53.417026138603568 ], [ 5.450932222531811, 53.417665550790083 ], [ 5.450589041900223, 53.418033465029325 ], [ 5.449267427369858, 53.418792196815261 ], [ 5.449385637014132, 53.418578151416384 ], [ 5.450076749149063, 53.418199065143739 ], [ 5.449878605442238, 53.417986915276373 ], [ 5.44988017899388, 53.416992449853055 ], [ 5.450392065014528, 53.416449745769889 ] ], [ [ 5.449512895742046, 53.419111833211581 ], [ 5.449508352260753, 53.419217403319401 ], [ 5.449501662249225, 53.419236139614831 ], [ 5.449477592230512, 53.419099185460695 ], [ 5.449512895742046, 53.419111833211581 ] ], [ [ 5.448625493118347, 53.419682764533867 ], [ 5.448238464810448, 53.419699782224562 ], [ 5.448230307881376, 53.419700582618688 ], [ 5.448936213803771, 53.419623980782028 ], [ 5.448625493118347, 53.419682764533867 ] ], [ [ 5.449032006932047, 53.42066002983168 ], [ 5.449022744537477, 53.420704188767488 ], [ 5.448976868574705, 53.42061923047477 ], [ 5.44898888120086, 53.420623739311239 ], [ 5.449032006932047, 53.42066002983168 ] ], [ [ 5.44823145162482, 53.421443102618731 ], [ 5.447968549361787, 53.421814331060538 ], [ 5.446377348798079, 53.42291395240197 ], [ 5.447283406079555, 53.421952402615716 ], [ 5.447809343082401, 53.421759278678195 ], [ 5.448375095295131, 53.421291304144162 ], [ 5.44823145162482, 53.421443102618731 ] ], [ [ 5.44624623832388, 53.423124975928324 ], [ 5.446247825492534, 53.423121690902782 ], [ 5.446246501225986, 53.423124706188688 ], [ 5.44624623832388, 53.423124975928324 ] ], [ [ 5.446187235928219, 53.423598582570094 ], [ 5.446156569110503, 53.423658520129493 ], [ 5.446152641997963, 53.423662570626718 ], [ 5.44614430933409, 53.423540364141047 ], [ 5.446187235928219, 53.423598582570094 ] ], [ [ 5.447834640747218, 53.417897291172714 ], [ 5.447829797176237, 53.417889010307 ], [ 5.447821176199497, 53.417877812355869 ], [ 5.447847006921247, 53.417884292468273 ], [ 5.447834640747218, 53.417897291172714 ] ], [ [ 5.445225044038652, 53.41914355571086 ], [ 5.44514365637822, 53.419211948932549 ], [ 5.445008239804426, 53.419315876753096 ], [ 5.445364388118983, 53.41902646347323 ], [ 5.445225044038652, 53.41914355571086 ] ], [ [ 5.444404353547321, 53.419841446338111 ], [ 5.444276940709434, 53.419970603773564 ], [ 5.444555693038872, 53.419644475645896 ], [ 5.44441085152471, 53.419831953257749 ], [ 5.444404353547321, 53.419841446338111 ] ], [ [ 5.443803239710968, 53.4202306133501 ], [ 5.443773937930955, 53.420259285711289 ], [ 5.443866639822175, 53.420186356302835 ], [ 5.443805866037693, 53.42022877976158 ], [ 5.443803239710968, 53.4202306133501 ] ], [ [ 5.441334754285847, 53.421285541194607 ], [ 5.441331030535537, 53.421351412329713 ], [ 5.441325219940039, 53.421361861964712 ], [ 5.441295240088372, 53.421295276411215 ], [ 5.441334754285847, 53.421285541194607 ] ], [ [ 5.469249570878702, 53.421450218025392 ], [ 5.469240601666071, 53.421477523641613 ], [ 5.46924986730451, 53.421417421717713 ], [ 5.469249164011734, 53.421436907181125 ], [ 5.469249570878702, 53.421450218025392 ] ], [ [ 5.467877972049189, 53.422252478379889 ], [ 5.467054635386853, 53.422951659892988 ], [ 5.466588514332924, 53.423082394743602 ], [ 5.467395607774566, 53.422376811894203 ], [ 5.467801632735802, 53.422160610887531 ], [ 5.467877972049189, 53.422252478379889 ] ], [ [ 5.483776698783061, 53.428337840733207 ], [ 5.4834816115034, 53.428637569545067 ], [ 5.48326970452979, 53.428686546772035 ], [ 5.483170541795549, 53.428686625961177 ], [ 5.483583070786384, 53.428409973204715 ], [ 5.483678844463567, 53.428363180353166 ], [ 5.483921790123214, 53.428297866290535 ], [ 5.483776698783061, 53.428337840733207 ] ], [ [ 5.48288379565007, 53.428685207929128 ], [ 5.481903392241439, 53.428238053667769 ], [ 5.481505983346965, 53.428690456641007 ], [ 5.481254379144104, 53.428813661065753 ], [ 5.481507281541492, 53.428333835834323 ], [ 5.481862966592484, 53.428217860091351 ], [ 5.482362921094284, 53.428313618168119 ], [ 5.48288379565007, 53.428685207929128 ] ], [ [ 5.480936768429528, 53.428899461763493 ], [ 5.480995288884198, 53.428897942908009 ], [ 5.480936446009143, 53.428905023159423 ], [ 5.480936768429528, 53.428899461763493 ] ], [ [ 5.479521045509332, 53.429578449610773 ], [ 5.479497024536365, 53.429711541718277 ], [ 5.479274199890717, 53.429793690313694 ], [ 5.478863221417173, 53.429664030156097 ], [ 5.479366030739954, 53.429731803384485 ], [ 5.479521045509332, 53.429578449610773 ] ], [ [ 5.486948001032628, 53.430842928079052 ], [ 5.486982802639061, 53.430820858516796 ], [ 5.486877065335939, 53.43100141941229 ], [ 5.486883096131955, 53.430926299041431 ], [ 5.486948001032628, 53.430842928079052 ] ], [ [ 5.487607303118025, 53.430982850886842 ], [ 5.487621289682698, 53.43101542041768 ], [ 5.487624354878909, 53.431026540802748 ], [ 5.487582896496439, 53.430960332773942 ], [ 5.487607303118025, 53.430982850886842 ] ], [ [ 5.49898292762466, 53.423814268420863 ], [ 5.498863367383128, 53.423818573533417 ], [ 5.498717830766402, 53.423868429532469 ], [ 5.49872083334861, 53.42376100278404 ], [ 5.499196864642042, 53.423853242734189 ], [ 5.49898292762466, 53.423814268420863 ] ], [ [ 5.533086250779629, 53.43911251095092 ], [ 5.532661799370872, 53.439233962421945 ], [ 5.532383082258666, 53.439276462155384 ], [ 5.532777988640786, 53.43916339282341 ], [ 5.533086250779629, 53.43911251095092 ] ], [ [ 5.531864762147928, 53.439239624631398 ], [ 5.531709662195775, 53.439196956454033 ], [ 5.531715312228159, 53.43911661375315 ], [ 5.532008331139669, 53.439267857772563 ], [ 5.531864762147928, 53.439239624631398 ] ], [ [ 5.530865768963328, 53.438949427932073 ], [ 5.53046172364664, 53.439194500068808 ], [ 5.530226244495808, 53.43929967947961 ], [ 5.530619857144194, 53.438966283310279 ], [ 5.530865768963328, 53.438949427932073 ] ], [ [ 5.529234486946299, 53.439582903700128 ], [ 5.529113102289021, 53.439486956974861 ], [ 5.529008139846497, 53.439178590203731 ], [ 5.529215058117367, 53.439278599121458 ], [ 5.529349101398465, 53.439615800607342 ], [ 5.529234486946299, 53.439582903700128 ] ], [ [ 5.528844774050788, 53.439190408457719 ], [ 5.52873831373259, 53.439239356002837 ], [ 5.528655172581468, 53.439271409937135 ], [ 5.528737916962255, 53.439211123486764 ], [ 5.528900475791552, 53.439175868336299 ], [ 5.528844774050788, 53.439190408457719 ] ], [ [ 5.511322462717184, 53.43514085065457 ], [ 5.511361473796232, 53.435250569649405 ], [ 5.511191508434996, 53.435599737859391 ], [ 5.511210686263526, 53.434908671077764 ], [ 5.511322462717184, 53.43514085065457 ] ], [ [ 5.511359111674659, 53.43588082797676 ], [ 5.512318547325899, 53.436448550379865 ], [ 5.513074662032136, 53.436485685211146 ], [ 5.512364080033745, 53.436723947064856 ], [ 5.512379019021602, 53.436547525153408 ], [ 5.511617519677067, 53.43619436847775 ], [ 5.511359111674659, 53.43588082797676 ] ], [ [ 5.514651448263446, 53.437023580614969 ], [ 5.514670233582547, 53.437056099885304 ], [ 5.514653096089742, 53.437085653065267 ], [ 5.514613256263578, 53.437009313326641 ], [ 5.514651448263446, 53.437023580614969 ] ], [ [ 5.507219921630418, 53.43461766192808 ], [ 5.506247378261452, 53.435081537957458 ], [ 5.505395723961668, 53.435201468866083 ], [ 5.505256446771785, 53.435470882160011 ], [ 5.505010972720127, 53.435651803755192 ], [ 5.505273037952749, 53.435232478406732 ], [ 5.50569272653297, 53.435001530671741 ], [ 5.507372889892271, 53.434541218228304 ], [ 5.507219921630418, 53.43461766192808 ] ], [ [ 5.504824430953668, 53.435756565391337 ], [ 5.504790370151861, 53.435759136460653 ], [ 5.504965019174984, 53.435684691771343 ], [ 5.504927903732887, 53.435711254537175 ], [ 5.504824430953668, 53.435756565391337 ] ], [ [ 5.504746876684094, 53.43577887746801 ], [ 5.504436605982882, 53.436209796406729 ], [ 5.504398438969189, 53.435944881047192 ], [ 5.504044754403744, 53.435641385614133 ], [ 5.503502065586806, 53.435729611064957 ], [ 5.503790388445609, 53.435568197155568 ], [ 5.504746876684094, 53.43577887746801 ] ], [ [ 5.501986496489811, 53.436452413545105 ], [ 5.501960427912709, 53.436427803889096 ], [ 5.502095595095186, 53.436483094486483 ], [ 5.502065697180853, 53.436479158278949 ], [ 5.501986496489811, 53.436452413545105 ] ], [ [ 5.506126809839925, 53.430054712328584 ], [ 5.505857633305262, 53.430377364498355 ], [ 5.505900560679903, 53.430774920464188 ], [ 5.505737062043183, 53.430451157003276 ], [ 5.506097361146518, 53.430001475990153 ], [ 5.506235933122436, 53.429985423314164 ], [ 5.506126809839925, 53.430054712328584 ] ], [ [ 5.50599125380051, 53.430918938568418 ], [ 5.505941171432506, 53.430972522491039 ], [ 5.505953257810373, 53.430839479120024 ], [ 5.505980728976017, 53.430873133732952 ], [ 5.50599125380051, 53.430918938568418 ] ], [ [ 5.504956993479589, 53.431048809387711 ], [ 5.504982704323149, 53.431387275810827 ], [ 5.50533354028324, 53.431660943830643 ], [ 5.505473303215517, 53.431911667746348 ], [ 5.505181948035902, 53.432402569606097 ], [ 5.50523461993187, 53.432637733410431 ], [ 5.505223333323179, 53.432699791690396 ], [ 5.505147885404349, 53.432296890281854 ], [ 5.505345080202351, 53.431744322241123 ], [ 5.504836110323686, 53.431313407943968 ], [ 5.504956993479589, 53.431048809387711 ] ], [ [ 5.504764102311541, 53.433080288243666 ], [ 5.504124087405186, 53.433242266181971 ], [ 5.504061036219231, 53.433265241275912 ], [ 5.504139297242727, 53.433225194573701 ], [ 5.504634210831426, 53.433097648489102 ], [ 5.504989829651174, 53.432948694717453 ], [ 5.504764102311541, 53.433080288243666 ] ], [ [ 5.502528038770736, 53.433607533810566 ], [ 5.502346958140831, 53.433567469735898 ], [ 5.502952717714674, 53.433619590356152 ], [ 5.502946536019191, 53.433620287488999 ], [ 5.502528038770736, 53.433607533810566 ] ], [ [ 5.498166178736954, 53.433488173766179 ], [ 5.498166277027448, 53.433483885295978 ], [ 5.498194040655935, 53.433535041889357 ], [ 5.498189966288058, 53.433532672828711 ], [ 5.498166178736954, 53.433488173766179 ] ], [ [ 5.485636572465024, 53.431853679219003 ], [ 5.485520180664166, 53.431855195051313 ], [ 5.485505250863092, 53.431840210131867 ], [ 5.48566846290505, 53.431848334003043 ], [ 5.485636572465024, 53.431853679219003 ] ], [ [ 5.484579505575402, 53.431825596803591 ], [ 5.484568044870849, 53.431949468985295 ], [ 5.484568797876607, 53.432002067360351 ], [ 5.48449475912751, 53.431895996518875 ], [ 5.484579505575402, 53.431825596803591 ] ], [ [ 5.477857854528406, 53.421725474452145 ], [ 5.477875239178417, 53.421713763320774 ], [ 5.477887276169427, 53.421707988183023 ], [ 5.477864703508873, 53.421723194892174 ], [ 5.477857854528406, 53.421725474452145 ] ], [ [ 5.462884676718106, 53.428125829302893 ], [ 5.462866423493448, 53.428169734220724 ], [ 5.462862220431306, 53.428236043488653 ], [ 5.462829656828371, 53.428187499264197 ], [ 5.462884676718106, 53.428125829302893 ] ], [ [ 5.459982681085496, 53.424359072498461 ], [ 5.459790589522097, 53.424541639787755 ], [ 5.459668908658235, 53.424742292649228 ], [ 5.459735695683491, 53.424434298531509 ], [ 5.459982681085496, 53.424359072498461 ] ], [ [ 5.456323114392728, 53.425935350139213 ], [ 5.456301745115273, 53.425947174865556 ], [ 5.456269135631028, 53.425974802316468 ], [ 5.456263376112313, 53.425937352301197 ], [ 5.456323114392728, 53.425935350139213 ] ], [ [ 5.4568376729999, 53.405470503987679 ], [ 5.456912021914187, 53.405546495809929 ], [ 5.456922576734158, 53.405586600747426 ], [ 5.456901922847024, 53.405613447167191 ], [ 5.456668113296992, 53.40539958057154 ], [ 5.4568376729999, 53.405470503987679 ] ], [ [ 5.296833770111911, 53.375961951114938 ], [ 5.296870874418955, 53.375951337166036 ], [ 5.296988800146917, 53.375976179492348 ], [ 5.296763384588949, 53.376005069477024 ], [ 5.296833770111911, 53.375961951114938 ] ] ], [ [ [ 4.873928811461545, 53.229751579526926 ], [ 4.87759508794246, 53.231012129959701 ], [ 4.880510933537658, 53.232302049387314 ], [ 4.88291778469251, 53.233677590609467 ], [ 4.894965790563756, 53.238820418907046 ], [ 4.898719958757786, 53.240160003224652 ], [ 4.899395747052747, 53.240560495515552 ], [ 4.904628561010798, 53.242694943597428 ], [ 4.907323790402218, 53.244111126151438 ], [ 4.894566100146723, 53.23875580221997 ], [ 4.893801749998934, 53.238571589811436 ], [ 4.891793655928799, 53.237601746157253 ], [ 4.887626988283825, 53.236015260278499 ], [ 4.887224623463585, 53.236064026375523 ], [ 4.887247226181253, 53.236339286461316 ], [ 4.888812696702279, 53.237096973212296 ], [ 4.893256552722014, 53.238972570935729 ], [ 4.894226630427304, 53.239205217895702 ], [ 4.895298634251493, 53.239849328476531 ], [ 4.897386653072929, 53.240508221318294 ], [ 4.904452327317368, 53.243511375310575 ], [ 4.909379628180401, 53.24508650169922 ], [ 4.91255961815541, 53.24682611867977 ], [ 4.915544766948212, 53.248230636446138 ], [ 4.91906344026722, 53.249629050312691 ], [ 4.930255423282545, 53.254899283771735 ], [ 4.930699271942005, 53.254749680657355 ], [ 4.93066318597556, 53.25459840452212 ], [ 4.923799338779808, 53.251340804923622 ], [ 4.914057420972607, 53.246941718520539 ], [ 4.922521559598121, 53.250500013460844 ], [ 4.9289255010135, 53.253456895852565 ], [ 4.932901111167634, 53.255504077455207 ], [ 4.932359721988838, 53.25577681252922 ], [ 4.932426587827985, 53.255979706029521 ], [ 4.933207227208659, 53.255664176237353 ], [ 4.936110657335308, 53.25735501347372 ], [ 4.935059902751788, 53.257877013154918 ], [ 4.935066957237097, 53.258049906861451 ], [ 4.936403197616338, 53.257516983036531 ], [ 4.942060043489491, 53.260610847648927 ], [ 4.942944227193348, 53.260930486823149 ], [ 4.940622485518362, 53.26210312496368 ], [ 4.940690929346014, 53.26230992197835 ], [ 4.943314472003934, 53.261030420001887 ], [ 4.946100154224888, 53.262820386346789 ], [ 4.943477749497883, 53.264172990010756 ], [ 4.943507928313886, 53.264380248381705 ], [ 4.946350217842167, 53.262992523765874 ], [ 4.946932232199137, 53.263496691734197 ], [ 4.948927089061515, 53.264679399771552 ], [ 4.946381345345669, 53.266173851102451 ], [ 4.946463835123908, 53.266392748037667 ], [ 4.949179258039287, 53.26484861699096 ], [ 4.950690173455445, 53.265705923253932 ], [ 4.951794659167311, 53.26660087128775 ], [ 4.949333246380624, 53.268205397438528 ], [ 4.949423969786772, 53.26842350210368 ], [ 4.952229491004291, 53.266683042639919 ], [ 4.953803394554225, 53.267303879574932 ], [ 4.956646734643818, 53.268792495409016 ], [ 4.954254148065909, 53.270681703649345 ], [ 4.954275760332317, 53.270851635976108 ], [ 4.954482669240546, 53.270885989389747 ], [ 4.95696906150304, 53.268919576446848 ], [ 4.960099346918052, 53.270628286506934 ], [ 4.957822894194511, 53.272520720987451 ], [ 4.957864014171159, 53.272736869993956 ], [ 4.960336964620272, 53.270815445115673 ], [ 4.960461714903702, 53.271216115523295 ], [ 4.964276285619098, 53.272872118678507 ], [ 4.962329980505458, 53.27444978214433 ], [ 4.962325394148236, 53.274658732268989 ], [ 4.962568601995787, 53.274664914512044 ], [ 4.96453548619146, 53.273046736865076 ], [ 4.96626123655183, 53.273983028541366 ], [ 4.964485655731902, 53.275407464336503 ], [ 4.964539048379518, 53.275646554380145 ], [ 4.964908428620339, 53.275493859988295 ], [ 4.966571933691707, 53.274111179925804 ], [ 4.967467675203204, 53.274419168487178 ], [ 4.968565138692051, 53.274952359287681 ], [ 4.966734676189955, 53.27654021087907 ], [ 4.966761936388925, 53.276697912460243 ], [ 4.966947688068042, 53.27672332886862 ], [ 4.968846959379043, 53.27509060263931 ], [ 4.970733166470941, 53.27603353503136 ], [ 4.968929378589297, 53.277387291309296 ], [ 4.969002076136261, 53.27759608591451 ], [ 4.971092309329221, 53.27615475002127 ], [ 4.971731101036728, 53.276341819058082 ], [ 4.973024771874524, 53.277011969738886 ], [ 4.971096899939854, 53.278370051733674 ], [ 4.971153185704774, 53.278595557863426 ], [ 4.973346530727111, 53.27715419076619 ], [ 4.974626150742313, 53.277593259656321 ], [ 4.97548526437227, 53.278137031646381 ], [ 4.973483657618267, 53.279312852338116 ], [ 4.973471745563334, 53.279571812264614 ], [ 4.975764376191944, 53.278330152053179 ], [ 4.976267147926435, 53.278428030610357 ], [ 4.977334232724059, 53.278965739427413 ], [ 4.975755376877113, 53.280180453098602 ], [ 4.975810010471036, 53.280403585424096 ], [ 4.977613998781629, 53.279152139729462 ], [ 4.978108815660547, 53.279230915414274 ], [ 4.979102261905954, 53.27974191089227 ], [ 4.977588370400247, 53.280987469267217 ], [ 4.977610603151511, 53.281201082055098 ], [ 4.977822168108628, 53.281179522173183 ], [ 4.979364341023921, 53.279913258694215 ], [ 4.980529058446881, 53.280280040799553 ], [ 4.981259308476444, 53.280639497294665 ], [ 4.979802674404601, 53.281901819408397 ], [ 4.979838708970977, 53.282102615116166 ], [ 4.980060923342382, 53.282079539269226 ], [ 4.981512518039725, 53.280813241590877 ], [ 4.983438646254588, 53.281624536205463 ], [ 4.982016484339659, 53.282837458734036 ], [ 4.982067104735515, 53.283120528544266 ], [ 4.983759055587012, 53.281774242510252 ], [ 4.985671418036039, 53.282494721889528 ], [ 4.984199620511441, 53.283796948512922 ], [ 4.984233230263338, 53.284033267689047 ], [ 4.98590230857697, 53.282671582933503 ], [ 4.986930070019364, 53.282934194534462 ], [ 4.987824657410611, 53.283487684764033 ], [ 4.986495132940179, 53.284650589599138 ], [ 4.986467176392325, 53.284893205167769 ], [ 4.986831676001564, 53.284766879331201 ], [ 4.988096126650357, 53.283619326349459 ], [ 4.988753108239218, 53.283853617286567 ], [ 4.990023044472608, 53.284438401544925 ], [ 4.98866338654243, 53.285599709940527 ], [ 4.988667664554021, 53.285807461614155 ], [ 4.988986900216607, 53.28574379038178 ], [ 4.990266876860225, 53.284642992935446 ], [ 4.992075597347256, 53.285228688912227 ], [ 4.992266799180907, 53.285334856341699 ], [ 4.990911638149931, 53.28656938999994 ], [ 4.990921108048987, 53.286746325712869 ], [ 4.991218191784005, 53.286716274342893 ], [ 4.992470453307257, 53.285524817346086 ], [ 4.99443949982776, 53.286338371982104 ], [ 4.993191105670075, 53.287431323619614 ], [ 4.993231662671667, 53.287635404912479 ], [ 4.993427095759535, 53.287612918961564 ], [ 4.994701018504765, 53.286465993207862 ], [ 4.996662611054414, 53.287194859906535 ], [ 4.995412325795103, 53.288313474681409 ], [ 4.995467965451315, 53.288529135346515 ], [ 4.997081953565754, 53.287342063421725 ], [ 4.997877113217748, 53.287713438938212 ], [ 4.99858635890967, 53.288369320886353 ], [ 4.99763046668861, 53.289232069489962 ], [ 4.997675003784702, 53.289462675045201 ], [ 4.99790131115661, 53.289419591426594 ], [ 4.99883313838085, 53.288532986674106 ], [ 5.00075604293346, 53.289352858606094 ], [ 4.999919959274884, 53.290151386514417 ], [ 4.999991527858156, 53.290355641800524 ], [ 5.001086835571867, 53.289476633086792 ], [ 5.003144830085593, 53.290171505298645 ], [ 5.002189276306418, 53.291001710862986 ], [ 5.002258241557894, 53.29122177939459 ], [ 5.003478277590978, 53.290278484325199 ], [ 5.005564381514088, 53.29098740836217 ], [ 5.004421333578867, 53.291921176850252 ], [ 5.004492891089822, 53.292134747910069 ], [ 5.00587449383748, 53.291106574664184 ], [ 5.007845296062209, 53.291839122403339 ], [ 5.006850304611992, 53.292675855175546 ], [ 5.006952980066378, 53.292887943111303 ], [ 5.008190434088043, 53.291964264812577 ], [ 5.010277555652161, 53.292580150223252 ], [ 5.009454385444672, 53.293405701192526 ], [ 5.009526811386071, 53.293595136613703 ], [ 5.009725423127316, 53.293560065726787 ], [ 5.010618504890608, 53.292678882550703 ], [ 5.011028491025197, 53.29279539872212 ], [ 5.012622074780285, 53.293440709777876 ], [ 5.011995810426875, 53.294067092200436 ], [ 5.012024022664723, 53.294323468537101 ], [ 5.012925663613938, 53.293564135483969 ], [ 5.014878364984646, 53.294330574047073 ], [ 5.014418768057636, 53.294782047960041 ], [ 5.014462651321066, 53.294975186575904 ], [ 5.014671338532222, 53.294956246442048 ], [ 5.015170219090566, 53.294437831016559 ], [ 5.018938850266975, 53.295973496172692 ], [ 5.019330219508593, 53.296177445053438 ], [ 5.019007697790818, 53.296503521753955 ], [ 5.01909781441408, 53.296698184435776 ], [ 5.019641619305445, 53.296315834250066 ], [ 5.021103854041872, 53.296914427583907 ], [ 5.023261733819772, 53.297346456720177 ], [ 5.027057516257032, 53.298466983945339 ], [ 5.029605370575694, 53.299549426431071 ], [ 5.034332926147953, 53.301216251789839 ], [ 5.037725803200039, 53.30273141862542 ], [ 5.040265800771711, 53.303256319646003 ], [ 5.040910642231865, 53.303185788165436 ], [ 5.045128338807901, 53.304675696694815 ], [ 5.048241010828508, 53.305101293291514 ], [ 5.048368567426042, 53.30531875921718 ], [ 5.048604704251097, 53.305143085831801 ], [ 5.050975413902611, 53.305423163069428 ], [ 5.050553055596351, 53.305959233980516 ], [ 5.050741142039343, 53.30612683247324 ], [ 5.051356076038775, 53.305469241316636 ], [ 5.053656379923426, 53.305781661018251 ], [ 5.053076804380926, 53.30647115910363 ], [ 5.053196376109733, 53.30663753100675 ], [ 5.053957782937681, 53.305885948750088 ], [ 5.056201094920861, 53.306360851214805 ], [ 5.055490582822523, 53.307227826186221 ], [ 5.055621594014338, 53.307397992976355 ], [ 5.056525759089835, 53.306428566281546 ], [ 5.058787441955623, 53.306868417360597 ], [ 5.058083760988917, 53.3078280577136 ], [ 5.058108677311171, 53.30805264575659 ], [ 5.058295657474114, 53.308025708900708 ], [ 5.059079479320952, 53.306958182316848 ], [ 5.0614200732146, 53.30720211010059 ], [ 5.060584940004159, 53.30865095050892 ], [ 5.060873435462758, 53.308599923357171 ], [ 5.061551970928131, 53.307558914253356 ], [ 5.063707648853531, 53.307924977302548 ], [ 5.063205332572437, 53.30896892939883 ], [ 5.06331968453269, 53.309121706243388 ], [ 5.06350022995993, 53.30904812470019 ], [ 5.064012322997037, 53.307946299036246 ], [ 5.066302498303677, 53.30803833295073 ], [ 5.065858030318865, 53.309333983541102 ], [ 5.065995552143911, 53.309475123844734 ], [ 5.066149277403306, 53.30939276032786 ], [ 5.066638321481437, 53.30799540948825 ], [ 5.072068526345731, 53.30789320105648 ], [ 5.072358595977894, 53.30793376993897 ], [ 5.072411445955015, 53.30927994826618 ], [ 5.072579035896166, 53.309397113046316 ], [ 5.072727615905697, 53.309264804677809 ], [ 5.072684056973875, 53.307968037257318 ], [ 5.077005211424973, 53.307416124219955 ], [ 5.077449872318434, 53.307455060694252 ], [ 5.0780428575694, 53.308766974320704 ], [ 5.078234269352738, 53.308850172574708 ], [ 5.0783522970777, 53.308656006401442 ], [ 5.077776545614168, 53.307425531679456 ], [ 5.078640686346739, 53.307157337106126 ], [ 5.081723257208539, 53.306993704375621 ], [ 5.083318466766416, 53.30672293056405 ], [ 5.083851313245797, 53.307977231811037 ], [ 5.084047166707403, 53.308074195707547 ], [ 5.084160825997036, 53.307883337196415 ], [ 5.083647718634224, 53.306680734231492 ], [ 5.084219331507643, 53.306562494700557 ], [ 5.089271531358408, 53.30621334688977 ], [ 5.089950226893781, 53.307549795863309 ], [ 5.090120421261565, 53.307418019745555 ], [ 5.089565118638406, 53.30618655619439 ], [ 5.090010079736048, 53.306058489139097 ], [ 5.095179377314929, 53.305605565981693 ], [ 5.096187079106589, 53.306729200070428 ], [ 5.096306641084876, 53.306523283013199 ], [ 5.095489584283646, 53.305502063013805 ], [ 5.095843789039598, 53.305350884617532 ], [ 5.097322769467593, 53.305192609589042 ], [ 5.09863698614699, 53.304736527749967 ], [ 5.100173331293279, 53.305550217353741 ], [ 5.100399172012486, 53.305469256996076 ], [ 5.09835211548593, 53.304292394523678 ], [ 5.099425375597728, 53.304090381235973 ], [ 5.100826940005451, 53.303106344557087 ], [ 5.100842222589175, 53.302294429665238 ], [ 5.100515497109984, 53.300863296168458 ], [ 5.100699835874675, 53.300766855205374 ], [ 5.100683919823878, 53.300576256594717 ], [ 5.099392445026274, 53.300634082869081 ], [ 5.098760189992917, 53.300359619453737 ], [ 5.09748232120864, 53.299404766543844 ], [ 5.09699797606328, 53.298733739125097 ], [ 5.096775541438259, 53.298225903838187 ], [ 5.097313557543733, 53.298083120645558 ], [ 5.097300795567373, 53.297810761575121 ], [ 5.096363693282711, 53.297933959537971 ], [ 5.09553896405375, 53.297182741976407 ], [ 5.095358517195687, 53.296877257744434 ], [ 5.095589377877348, 53.296756935350821 ], [ 5.095482601696459, 53.296561553357513 ], [ 5.095079066857029, 53.296647688910234 ], [ 5.094098162650393, 53.296164434621808 ], [ 5.093770927793841, 53.295729634972872 ], [ 5.093872223667286, 53.29547711805872 ], [ 5.093647652031025, 53.295405089402394 ], [ 5.093384474464448, 53.295624430373032 ], [ 5.092969467726143, 53.295550082233746 ], [ 5.091685993669005, 53.295051511493511 ], [ 5.092068701166936, 53.294777870044229 ], [ 5.091998325599802, 53.294585031511623 ], [ 5.091699081713827, 53.294621040307725 ], [ 5.091036917433305, 53.295195128010896 ], [ 5.091080440913516, 53.295349486539799 ], [ 5.091715393417055, 53.295672048534399 ], [ 5.090711896263824, 53.296363526935075 ], [ 5.090783298513474, 53.296555851295061 ], [ 5.088623046526365, 53.297709208700866 ], [ 5.08715065128995, 53.297821158100525 ], [ 5.086364973477575, 53.297212063196881 ], [ 5.08637845206412, 53.296957759540412 ], [ 5.087966234710281, 53.296843662506816 ], [ 5.089088710041226, 53.296477043020886 ], [ 5.09124037855017, 53.294957688827246 ], [ 5.091521175884034, 53.294544273002373 ], [ 5.090830792409006, 53.294556817834632 ], [ 5.088918181438046, 53.295976477251131 ], [ 5.087912747560971, 53.296286230447521 ], [ 5.087206410759266, 53.296378592798803 ], [ 5.087072070781663, 53.295303606439262 ], [ 5.086878946085488, 53.295203412736406 ], [ 5.086747852240581, 53.295339738648906 ], [ 5.086913802314197, 53.296410236877804 ], [ 5.084083231905348, 53.296422073935069 ], [ 5.084030785112605, 53.295420835969097 ], [ 5.083835365016923, 53.295305721734195 ], [ 5.083711743489664, 53.29544467565988 ], [ 5.083774366726177, 53.296415991150063 ], [ 5.081051712898329, 53.296397371251935 ], [ 5.081023234928542, 53.295378782356678 ], [ 5.080904078127538, 53.295270073087849 ], [ 5.080720380813857, 53.295306500231824 ], [ 5.080682652054145, 53.295488217976057 ], [ 5.079872337672059, 53.295571289541066 ], [ 5.078493611723813, 53.295504933961936 ], [ 5.078345136776288, 53.296298044627846 ], [ 5.076353798657192, 53.296032959344231 ], [ 5.075912683032493, 53.296174825133917 ], [ 5.075706562011051, 53.296076843300675 ], [ 5.076340826520217, 53.295598001715717 ], [ 5.076126770223953, 53.295388696053529 ], [ 5.075704618924418, 53.295385734115222 ], [ 5.074874812814178, 53.295955464040134 ], [ 5.074244207401499, 53.295909863351547 ], [ 5.074540165600204, 53.295414144049708 ], [ 5.074454711197294, 53.295252260698753 ], [ 5.073551047243915, 53.295272143738174 ], [ 5.072205644201671, 53.294929403221346 ], [ 5.072246902587365, 53.295075662919984 ], [ 5.073396075364747, 53.295510267381005 ], [ 5.074119419533741, 53.2955444668575 ], [ 5.07394642755049, 53.295885467703819 ], [ 5.07368690183519, 53.295862711812241 ], [ 5.07301286103554, 53.295523743243024 ], [ 5.07088750684415, 53.295131529037484 ], [ 5.071290347084464, 53.294765581576122 ], [ 5.07127192373826, 53.294588160333625 ], [ 5.070254217865078, 53.29444021948828 ], [ 5.068967439990955, 53.293853670906728 ], [ 5.068800240593194, 53.293943445742478 ], [ 5.068857174915614, 53.294092627778376 ], [ 5.070132773741345, 53.294688607467641 ], [ 5.070810217019219, 53.294799819008141 ], [ 5.070567623068084, 53.295078504617166 ], [ 5.067630812870635, 53.294580525099192 ], [ 5.068649417104838, 53.293737952036679 ], [ 5.068188510665957, 53.293375717239293 ], [ 5.067384844562172, 53.293508476644483 ], [ 5.06754642650987, 53.293739530648885 ], [ 5.068228822251362, 53.293677837326044 ], [ 5.067293951165705, 53.294523817543762 ], [ 5.062987977921746, 53.293898331152533 ], [ 5.060207712560438, 53.291311243536704 ], [ 5.055708331294931, 53.289328068649411 ], [ 5.056272254812037, 53.28890273241845 ], [ 5.05623539967339, 53.288720826762919 ], [ 5.055452622101363, 53.28919667033832 ], [ 5.054332675210741, 53.288633063102466 ], [ 5.05491698282983, 53.288194363590641 ], [ 5.054886347612649, 53.288037363749126 ], [ 5.054060053076084, 53.288498105959768 ], [ 5.05294533324498, 53.28793338531581 ], [ 5.053518807390301, 53.287517540097113 ], [ 5.053476046197433, 53.287335753205184 ], [ 5.052682574949006, 53.287798716884602 ], [ 5.051653983484288, 53.287371990895529 ], [ 5.051783365945101, 53.287227268926536 ], [ 5.051675813241707, 53.28709043221567 ], [ 5.051357345562412, 53.287260916841646 ], [ 5.05041809782022, 53.286902287133898 ], [ 5.050558568056447, 53.286751929027481 ], [ 5.050441987506295, 53.286617950523549 ], [ 5.050160555169706, 53.286764208514235 ], [ 5.049239299313129, 53.286301948069877 ], [ 5.049347188963734, 53.286142267601562 ], [ 5.049220006382896, 53.286030376407524 ], [ 5.04895987734201, 53.286195050211447 ], [ 5.048364424747796, 53.285985490993241 ], [ 5.048002446454392, 53.285834474377552 ], [ 5.048048126769243, 53.285560418672212 ], [ 5.047744632004468, 53.28571611165227 ], [ 5.046774670621178, 53.285320669295828 ], [ 5.046898521854519, 53.285178116099928 ], [ 5.046798068099059, 53.285051516935503 ], [ 5.046507587000295, 53.285194312704988 ], [ 5.045455906357797, 53.284810837742413 ], [ 5.045432359190638, 53.284541793873416 ], [ 5.045180194487763, 53.284732822257773 ], [ 5.044147794599825, 53.28439688911228 ], [ 5.044115496814281, 53.28412968145053 ], [ 5.043878694839545, 53.284309965900185 ], [ 5.042827045636632, 53.283972353318738 ], [ 5.042839262498957, 53.283709607147131 ], [ 5.042546378083279, 53.283894071613901 ], [ 5.041497843289136, 53.283543939725206 ], [ 5.041504054259178, 53.283264803506547 ], [ 5.041210708549171, 53.283451108342312 ], [ 5.040132842808653, 53.283138911040822 ], [ 5.040221284164541, 53.28297602264913 ], [ 5.040110025568587, 53.282862591779995 ], [ 5.039843581964044, 53.283061928617293 ], [ 5.039537249530041, 53.282987758685699 ], [ 5.038818729410825, 53.282746552407367 ], [ 5.038863398773661, 53.282449029578956 ], [ 5.038532961881613, 53.282651436383205 ], [ 5.037504523286041, 53.282298048057278 ], [ 5.03750227936298, 53.282010752523242 ], [ 5.037234538829868, 53.28220496242087 ], [ 5.036196272436793, 53.281875576866696 ], [ 5.036284918459162, 53.281701083093303 ], [ 5.036149842298715, 53.28159673056323 ], [ 5.035917750046466, 53.281785191195731 ], [ 5.034878862645646, 53.281439056406491 ], [ 5.034964323432862, 53.281276270993438 ], [ 5.034850295552635, 53.281181659884595 ], [ 5.034598954284398, 53.281346845056994 ], [ 5.033579633257426, 53.281009804016811 ], [ 5.033510124059303, 53.280785201206925 ], [ 5.033294337620118, 53.280923509948352 ], [ 5.03221407404101, 53.280593354423878 ], [ 5.032143767020601, 53.280353102608878 ], [ 5.031929292587243, 53.280515538211525 ], [ 5.030832579250292, 53.280250452108007 ], [ 5.030765205761316, 53.280009943222005 ], [ 5.030549270232902, 53.28018053625032 ], [ 5.029425219598575, 53.279920043950384 ], [ 5.029410700926784, 53.279691097169675 ], [ 5.029143401575831, 53.279851488701283 ], [ 5.028014165985546, 53.279595058627322 ], [ 5.02795883010061, 53.279342922527981 ], [ 5.027716812926405, 53.279529016207604 ], [ 5.026620932210358, 53.279262837456812 ], [ 5.026563328679226, 53.279022441469358 ], [ 5.026326516110045, 53.279195995318723 ], [ 5.025221727956239, 53.278940171137741 ], [ 5.025176607326888, 53.278712753343228 ], [ 5.024931557658304, 53.278872842230221 ], [ 5.023783095270798, 53.27864214617729 ], [ 5.023705510483482, 53.278414911786619 ], [ 5.023479594096253, 53.27858984282954 ], [ 5.022372138370487, 53.278357074234449 ], [ 5.022299292206649, 53.278113454723659 ], [ 5.022090479025923, 53.278298173677598 ], [ 5.020971392541201, 53.278055038487786 ], [ 5.020932685164795, 53.277822174142379 ], [ 5.020678971351377, 53.277996621103476 ], [ 5.019549253449569, 53.277771546904404 ], [ 5.019523526110137, 53.27754177701437 ], [ 5.019261490373442, 53.277705201769699 ], [ 5.01820006464394, 53.277458460986139 ], [ 5.018145147248148, 53.277232772925103 ], [ 5.017914100455998, 53.277391465496571 ], [ 5.016721469672043, 53.277147792064063 ], [ 5.016671286851125, 53.276931547532783 ], [ 5.016428977000726, 53.277104227107117 ], [ 5.015301011362941, 53.276889473215199 ], [ 5.015228314403542, 53.27666313526386 ], [ 5.015011247473461, 53.276837770964079 ], [ 5.013869106128229, 53.276623618538544 ], [ 5.013912880420869, 53.276466420295499 ], [ 5.013766909030863, 53.276391625852661 ], [ 5.01357499142001, 53.276568735065624 ], [ 5.012787181609491, 53.276425130028016 ], [ 5.012453198036943, 53.276351816286635 ], [ 5.012401688719295, 53.276112487591185 ], [ 5.012161388560064, 53.276285632681208 ], [ 5.01118145634174, 53.276081413279805 ], [ 5.01108943590541, 53.275877530729311 ], [ 5.01089030482101, 53.276021879205921 ], [ 5.009643894178168, 53.275741509745124 ], [ 5.009586315528954, 53.275503987533611 ], [ 5.009341377208256, 53.275662845559189 ], [ 5.008281320397761, 53.27537951105699 ], [ 5.008264054269542, 53.275126298237559 ], [ 5.007989103890234, 53.275307246636075 ], [ 5.006910144562781, 53.275014942796822 ], [ 5.006857217821039, 53.274749947355197 ], [ 5.006603623375958, 53.274940922855976 ], [ 5.005494140954118, 53.274687285950414 ], [ 5.005415498608492, 53.274445675033448 ], [ 5.005178137221034, 53.27462856939745 ], [ 5.004072657808007, 53.274402565095372 ], [ 5.004021085458563, 53.274160960372896 ], [ 5.003777312800048, 53.274334685804369 ], [ 5.003515441402765, 53.274276350864348 ], [ 5.002720870222849, 53.274048021025123 ], [ 5.002692701985834, 53.273793701111039 ], [ 5.002429373166255, 53.2739633662909 ], [ 4.992404161355538, 53.271548063138532 ], [ 4.987578594265619, 53.270805466117849 ], [ 4.987285605899573, 53.270553278464298 ], [ 4.98650305837762, 53.270440619135044 ], [ 4.985165094430894, 53.269789512403868 ], [ 4.982930532900157, 53.269181813452086 ], [ 4.979747561286632, 53.267782439390011 ], [ 4.979210194437665, 53.267681150457719 ], [ 4.978883559326857, 53.267355829567862 ], [ 4.978578092126958, 53.26736575401425 ], [ 4.977453203394753, 53.266888599876403 ], [ 4.977516330045797, 53.266745137454294 ], [ 4.977370633741737, 53.266617052163873 ], [ 4.976784247065943, 53.266498994013538 ], [ 4.976306087074038, 53.266585222324878 ], [ 4.975827063755138, 53.266417270710619 ], [ 4.975763738811181, 53.266242924699938 ], [ 4.974963467442259, 53.266101511024274 ], [ 4.974508301551901, 53.265735869064081 ], [ 4.973976393406017, 53.265588827820274 ], [ 4.973863367704724, 53.265431354689383 ], [ 4.973972662955055, 53.265292648845133 ], [ 4.973768531819704, 53.265086293787093 ], [ 4.97210577072955, 53.264753395869938 ], [ 4.972074409289111, 53.264392424155297 ], [ 4.97235718550867, 53.263830245191429 ], [ 4.972208769708312, 53.263212018186813 ], [ 4.972593632245097, 53.263067058246286 ], [ 4.972942441682835, 53.262691589825607 ], [ 4.971854589079055, 53.262446178362495 ], [ 4.971708286589133, 53.262020811371769 ], [ 4.972610377283935, 53.260801332354688 ], [ 4.972578118504513, 53.260338471029193 ], [ 4.97314267466765, 53.259983228129379 ], [ 4.973735351027027, 53.258326638964611 ], [ 4.973669758663869, 53.258081442957064 ], [ 4.974235461320313, 53.257877582968298 ], [ 4.974111987974156, 53.257518487815076 ], [ 4.974560087660513, 53.256743328611627 ], [ 4.97502633201556, 53.256262148110828 ], [ 4.975298597979333, 53.256218284079459 ], [ 4.975601830078865, 53.256269594464484 ], [ 4.976110243658859, 53.256699644559752 ], [ 4.976491155775626, 53.256669404575554 ], [ 4.976271353811126, 53.256236264524809 ], [ 4.976470259681738, 53.255863160524235 ], [ 4.976284409458161, 53.255295967143638 ], [ 4.976688136570284, 53.254923038027897 ], [ 4.976737430341514, 53.254658227183434 ], [ 4.977353366732693, 53.255024447287575 ], [ 4.977762831859596, 53.255045546737414 ], [ 4.97796245838436, 53.255590128458735 ], [ 4.978794329688701, 53.256007360838439 ], [ 4.979214026001208, 53.256010068271763 ], [ 4.979638695317863, 53.255787583098694 ], [ 4.980346196705518, 53.255122187623257 ], [ 4.980452862067593, 53.254816372503065 ], [ 4.980288428703445, 53.254526701887791 ], [ 4.979678151001174, 53.254116562191257 ], [ 4.978108771225011, 53.253600048909448 ], [ 4.979209729096644, 53.253690347491386 ], [ 4.979770292492755, 53.253331156907386 ], [ 4.979573514666579, 53.252163787697647 ], [ 4.978613943542874, 53.251670341872099 ], [ 4.977467814827105, 53.251564662994447 ], [ 4.9738263942698, 53.251647017938424 ], [ 4.972480929749035, 53.251454459562872 ], [ 4.971230108787497, 53.251073954571623 ], [ 4.969389178303028, 53.250203698283322 ], [ 4.970803545397297, 53.248955062863693 ], [ 4.971971499815341, 53.246860858907304 ], [ 4.966933555805903, 53.242947310063535 ], [ 4.967337453845991, 53.242410622682712 ], [ 4.968956075725999, 53.241973298937708 ], [ 4.968900991612514, 53.241147731017982 ], [ 4.966925063132638, 53.239983404831989 ], [ 4.96477180092725, 53.239291820934767 ], [ 4.958550781233646, 53.238558104007446 ], [ 4.956491348661338, 53.237630692867427 ], [ 4.952474143557402, 53.235227447419206 ], [ 4.947905099181865, 53.23281456152413 ], [ 4.94431633214878, 53.232368973107214 ], [ 4.942236743926637, 53.232910191456824 ], [ 4.942165638615093, 53.232667000866975 ], [ 4.943980571761591, 53.231113858704681 ], [ 4.943978077614315, 53.230965845882309 ], [ 4.937764847841365, 53.227368542846222 ], [ 4.927565680805049, 53.219483302631389 ], [ 4.91944602249178, 53.21612724301891 ], [ 4.915369807861484, 53.215925552919778 ], [ 4.908062034219919, 53.215932273249848 ], [ 4.889266062383958, 53.217424978573234 ], [ 4.883093203846487, 53.217501697408153 ], [ 4.878418778488635, 53.216319908261042 ], [ 4.875246154457447, 53.214976799017961 ], [ 4.871361757198931, 53.211453424818565 ], [ 4.870358615153377, 53.209953355479492 ], [ 4.868871572810864, 53.208512710975086 ], [ 4.867751613770513, 53.207597899267284 ], [ 4.865766611511503, 53.20653583993402 ], [ 4.863012938478922, 53.205948792301967 ], [ 4.860581221976717, 53.20590989658276 ], [ 4.858131857799428, 53.206084572814412 ], [ 4.853768751560582, 53.207083784297524 ], [ 4.852125232914082, 53.208213689779221 ], [ 4.850757182437983, 53.209927647584102 ], [ 4.850096252258266, 53.211160293317107 ], [ 4.849717068042996, 53.212408745836562 ], [ 4.849977704711139, 53.213324621957298 ], [ 4.850649260915844, 53.214449328884683 ], [ 4.851185545694951, 53.216620734764412 ], [ 4.851164790682033, 53.217415393939248 ], [ 4.851819888903665, 53.220308544081121 ], [ 4.852365300509148, 53.221350603801298 ], [ 4.853519779207081, 53.22209812579473 ], [ 4.855373002396022, 53.222939264039184 ], [ 4.860992733912791, 53.224896806034039 ], [ 4.863556800442054, 53.226038254570476 ], [ 4.864822401611741, 53.226365555871631 ], [ 4.871406521179593, 53.229121053250594 ], [ 4.87198933957055, 53.229592191582313 ], [ 4.878589889961471, 53.232329119752826 ], [ 4.882764431293331, 53.234259223415734 ], [ 4.883140092511822, 53.234389256819775 ], [ 4.883473902708849, 53.234257312576503 ], [ 4.883354229597421, 53.233968501145121 ], [ 4.882933827690775, 53.233698488358371 ], [ 4.87928586262658, 53.231981950182977 ], [ 4.873928811461545, 53.229751579526926 ] ] ] ] } }
]
}
