{
"type": "FeatureCollection",
"name": "SWVPO2001",
"crs": { "type": "name", "properties": { "name": "urn:ogc:def:crs:OGC:1.3:CRS84" } },
"features": [
{ "type": "Feature", "properties": { "PO SWV": "PO2001", "strokeColor": "#A9A9A9", "strokeWidth": 2, "fillColor": "#ADD8E6" }, "geometry": { "type": "MultiPolygon", "coordinates": [ [ [ [ 6.287058102204433, 53.341093064037921 ], [ 6.287919367335812, 53.340713096639782 ], [ 6.288891262758913, 53.340512007769505 ], [ 6.290581680693453, 53.339506665387034 ], [ 6.290794464828242, 53.339013786738988 ], [ 6.29067876568069, 53.338580490186082 ], [ 6.291373553305858, 53.3384112244959 ], [ 6.291672021521062, 53.338011635299338 ], [ 6.292353283809049, 53.336383508824895 ], [ 6.292353800904387, 53.335580404479664 ], [ 6.292632570368665, 53.335064583965881 ], [ 6.29292910281491, 53.335012956265878 ], [ 6.293496836665252, 53.335042802332225 ], [ 6.293434438691896, 53.335398024903114 ], [ 6.292905980568336, 53.335683812266183 ], [ 6.292087409184965, 53.337682407882674 ], [ 6.292002788554848, 53.338181730466218 ], [ 6.292175627302247, 53.338548655494485 ], [ 6.295053084195724, 53.338265005528271 ], [ 6.295176824230755, 53.337977978323167 ], [ 6.296313032339046, 53.337380076100189 ], [ 6.296938259784212, 53.337229437081426 ], [ 6.297150010179305, 53.337374695251498 ], [ 6.296521597304139, 53.337828373034995 ], [ 6.29653535329545, 53.338004891661967 ], [ 6.295884369022548, 53.338585638744334 ], [ 6.295921737930343, 53.339052734108009 ], [ 6.299258549779574, 53.339687772311642 ], [ 6.294857167993285, 53.339140010665503 ], [ 6.293229854419454, 53.339178099061101 ], [ 6.292843569753169, 53.339377256743312 ], [ 6.292877309680306, 53.339714651520403 ], [ 6.293567555085731, 53.339590896056357 ], [ 6.297260198793443, 53.340351040228228 ], [ 6.296862688871843, 53.34108900991469 ], [ 6.292487151716173, 53.340218040618694 ], [ 6.292317482867548, 53.340114304290623 ], [ 6.292495010721695, 53.33972719064581 ], [ 6.292228562715961, 53.339648936103416 ], [ 6.291001261756226, 53.340627700370234 ], [ 6.290513901227325, 53.340686629771419 ], [ 6.287985675748619, 53.341740815020962 ], [ 6.282990059559293, 53.342419573191435 ], [ 6.279592310603892, 53.343225712945532 ], [ 6.277509609940578, 53.344070224481143 ], [ 6.275479316997705, 53.345143946685042 ], [ 6.271992422175838, 53.345989858706417 ], [ 6.271831916289775, 53.346215303427726 ], [ 6.271556452601065, 53.346097849067945 ], [ 6.268934309483403, 53.346524346062452 ], [ 6.266306613837995, 53.346592094073401 ], [ 6.264987678990163, 53.346964563371337 ], [ 6.263875319849563, 53.346995420560866 ], [ 6.262517840052956, 53.347464551210173 ], [ 6.261456755657389, 53.347527619832242 ], [ 6.260288455209908, 53.347891062224804 ], [ 6.259832961193027, 53.348221911780513 ], [ 6.260020559375114, 53.348768212785956 ], [ 6.259187123249557, 53.348622665826085 ], [ 6.258834576819883, 53.348787552702667 ], [ 6.257483588096764, 53.348516938080465 ], [ 6.255457905041149, 53.34884321250928 ], [ 6.25524066358218, 53.349012184689876 ], [ 6.254436467372584, 53.348982286813047 ], [ 6.252967846017657, 53.349284088369856 ], [ 6.251424365766961, 53.349298406164841 ], [ 6.250641195159904, 53.349090687570047 ], [ 6.249731569342005, 53.349198608380604 ], [ 6.24892934718388, 53.348942312089974 ], [ 6.245688889493484, 53.347259087651089 ], [ 6.245586808947516, 53.347011455959887 ], [ 6.244694443968646, 53.346815620585737 ], [ 6.244260332728182, 53.346496535216907 ], [ 6.244246147685027, 53.346241919315815 ], [ 6.243399075028321, 53.34589488397809 ], [ 6.241856296688129, 53.344935246395082 ], [ 6.240698455135655, 53.344603131500847 ], [ 6.240314436761511, 53.344328674858524 ], [ 6.239939453802691, 53.344322973046765 ], [ 6.239835628223837, 53.344130498194019 ], [ 6.239381977837111, 53.344207529915053 ], [ 6.236490769372049, 53.343691611289643 ], [ 6.235030709255087, 53.343797935266359 ], [ 6.234841006443208, 53.343663429078234 ], [ 6.233892633106561, 53.343742058939497 ], [ 6.232973468932133, 53.344062976307136 ], [ 6.232466170716427, 53.344509893915856 ], [ 6.232480322208188, 53.344722216200736 ], [ 6.232152595928351, 53.344795958546591 ], [ 6.231985627648638, 53.345291566566182 ], [ 6.232296264891658, 53.345915260785347 ], [ 6.232895004694568, 53.346045655785616 ], [ 6.233457496333282, 53.347027575222029 ], [ 6.233168595051112, 53.347806895226967 ], [ 6.232613891056936, 53.34795120892943 ], [ 6.23252373561106, 53.348116550548596 ], [ 6.233049295726561, 53.348587245735445 ], [ 6.232608278919301, 53.349128385256428 ], [ 6.233025828671768, 53.349614408467779 ], [ 6.232647766673606, 53.350072677252072 ], [ 6.232920258385223, 53.350280197020922 ], [ 6.232849537645598, 53.35079143065348 ], [ 6.232139852771845, 53.351759119824152 ], [ 6.232136896438475, 53.352100287622036 ], [ 6.231983694147611, 53.351718423536205 ], [ 6.23204390609056, 53.351351170024969 ], [ 6.231824762395295, 53.351284019931065 ], [ 6.231663681360731, 53.351473663988791 ], [ 6.231786063644233, 53.352130539572606 ], [ 6.232540754936117, 53.352774791970432 ], [ 6.233244890581943, 53.352863233266497 ], [ 6.233544342932333, 53.352740176563863 ], [ 6.233499047268447, 53.352550223635902 ], [ 6.233853791883901, 53.352450646050848 ], [ 6.233960518094642, 53.352210670719096 ], [ 6.234622513836126, 53.352102810676676 ], [ 6.235187656035204, 53.352181869229604 ], [ 6.235968915823547, 53.352543760942396 ], [ 6.238102336267432, 53.352890578245443 ], [ 6.239091499431413, 53.353209077419685 ], [ 6.23991114146471, 53.353203286503778 ], [ 6.241428874307412, 53.353544677353312 ], [ 6.242348109257134, 53.353511639086506 ], [ 6.24424831268319, 53.354325528673932 ], [ 6.246206029770018, 53.354441747220818 ], [ 6.246897675095424, 53.354123758965336 ], [ 6.246713464260705, 53.354775676696597 ], [ 6.247002124228722, 53.355113807008969 ], [ 6.247577616194556, 53.355198271176242 ], [ 6.247568186159311, 53.355460164715716 ], [ 6.248070351208403, 53.355598819281397 ], [ 6.248090638202813, 53.355801531449437 ], [ 6.248519870762583, 53.355958242419248 ], [ 6.248681114351273, 53.356230430745249 ], [ 6.24903802427993, 53.356270302082002 ], [ 6.24999890328395, 53.357172382766201 ], [ 6.250380530661016, 53.357233928162508 ], [ 6.250850493097585, 53.357560422120926 ], [ 6.251194258916414, 53.358018633607543 ], [ 6.251845918380821, 53.358303224435495 ], [ 6.253051698564392, 53.358531452978539 ], [ 6.253686071610202, 53.358443335222304 ], [ 6.253776865235909, 53.358138246419465 ], [ 6.256880297546128, 53.357338327630224 ], [ 6.25685867709273, 53.357491535007505 ], [ 6.256390932007874, 53.357579355592364 ], [ 6.25613578471038, 53.357907742286358 ], [ 6.256418918031093, 53.358305628259906 ], [ 6.256910750326317, 53.358382474642731 ], [ 6.257003107020163, 53.358587546513789 ], [ 6.25725069729326, 53.358545073109639 ], [ 6.257207494972662, 53.358687335223571 ], [ 6.256312078942637, 53.358590084171354 ], [ 6.255273183146818, 53.359046968662994 ], [ 6.255166822424954, 53.359226545497407 ], [ 6.254581197954796, 53.359363378322712 ], [ 6.254475944025636, 53.359758643044863 ], [ 6.255177662860498, 53.360401484323887 ], [ 6.254100933121733, 53.36020881230052 ], [ 6.253752845869452, 53.360391916149645 ], [ 6.253362990404198, 53.360277416277221 ], [ 6.252723174871794, 53.360869029286391 ], [ 6.251710538171037, 53.361037904744954 ], [ 6.251218049028889, 53.361413370907066 ], [ 6.250468179755576, 53.361039752228884 ], [ 6.249673260927808, 53.361037703805842 ], [ 6.24932576181158, 53.361296252069558 ], [ 6.248948706255842, 53.361228229206731 ], [ 6.248412123620929, 53.361408071372445 ], [ 6.248353404354036, 53.361819386545186 ], [ 6.248155777270547, 53.361430107771127 ], [ 6.2468971348881, 53.360452327860422 ], [ 6.245434972500794, 53.359882966566133 ], [ 6.244935001935528, 53.359488859158816 ], [ 6.243875719106589, 53.359169942091199 ], [ 6.243170984345313, 53.359164818357449 ], [ 6.240916637398036, 53.358439783369974 ], [ 6.237971057509501, 53.358593070124321 ], [ 6.235627823325204, 53.359691668266322 ], [ 6.234586866288431, 53.360058752097409 ], [ 6.233867223077875, 53.360135100243539 ], [ 6.233677046582285, 53.360348976420127 ], [ 6.233064869509307, 53.360363109300245 ], [ 6.233117911924329, 53.360778279196964 ], [ 6.233564109233535, 53.360856491067189 ], [ 6.233727674408525, 53.361127841079991 ], [ 6.234251942613419, 53.361377668375688 ], [ 6.234249633483729, 53.361608425660506 ], [ 6.235137733779005, 53.361897472854771 ], [ 6.236058417840514, 53.362596090648026 ], [ 6.237289694711579, 53.363057608755106 ], [ 6.237617589917029, 53.363290719113408 ], [ 6.237250412095047, 53.363396281227857 ], [ 6.23726978981644, 53.363615699451707 ], [ 6.238442760593905, 53.364017505259596 ], [ 6.241183706023863, 53.364901983618267 ], [ 6.242005112806428, 53.365028276725205 ], [ 6.243066682036345, 53.364852547170365 ], [ 6.244580818616842, 53.364132771826405 ], [ 6.243897320985974, 53.364695002141417 ], [ 6.243009343302431, 53.365043356663193 ], [ 6.239886336055032, 53.365653587552146 ], [ 6.239272305604448, 53.365992098649862 ], [ 6.238564963355417, 53.367533226003196 ], [ 6.238093478494498, 53.367926920501851 ], [ 6.238362062869837, 53.368775020052666 ], [ 6.238159359566827, 53.369114480069328 ], [ 6.236858939210252, 53.369210110102109 ], [ 6.236722931781506, 53.368858736456076 ], [ 6.236186861655667, 53.368692902991128 ], [ 6.23557870661999, 53.367962262889691 ], [ 6.234971844422533, 53.367792977774393 ], [ 6.234088877018873, 53.367149602935676 ], [ 6.232703470834931, 53.366571471038981 ], [ 6.232237140483021, 53.366622335090874 ], [ 6.232216685445573, 53.366878163861145 ], [ 6.230185914134995, 53.366612769209247 ], [ 6.226531778940475, 53.365754790202274 ], [ 6.225973665172676, 53.365337706892213 ], [ 6.222914566096146, 53.365656170665069 ], [ 6.220527621251133, 53.365584209129672 ], [ 6.21975695075816, 53.365388140654723 ], [ 6.219298707785651, 53.364861483668534 ], [ 6.218396207468566, 53.364432984884921 ], [ 6.218176888098254, 53.364101628996806 ], [ 6.217284441069318, 53.363977152605727 ], [ 6.216551639286467, 53.364020031297564 ], [ 6.216206475920721, 53.364856852921946 ], [ 6.216489808275658, 53.365124277535983 ], [ 6.216214553451305, 53.365245930278299 ], [ 6.21617376995925, 53.365593227722997 ], [ 6.215554814275084, 53.365755286069827 ], [ 6.215538627104873, 53.366072126856501 ], [ 6.21507726895275, 53.366182824649265 ], [ 6.214591381884024, 53.366080761459898 ], [ 6.213356923927481, 53.366699388692069 ], [ 6.213021988771682, 53.36669680195515 ], [ 6.213785823852667, 53.366435654932999 ], [ 6.21377350713048, 53.366188685517621 ], [ 6.212870091220688, 53.366327822646817 ], [ 6.212567327420103, 53.366141107343765 ], [ 6.212142356869204, 53.36629235797426 ], [ 6.2120330308914, 53.366547350058141 ], [ 6.210958538355263, 53.366601365927721 ], [ 6.209822491930983, 53.366961469234951 ], [ 6.209449110942725, 53.367337433256196 ], [ 6.20931953756561, 53.368179197518998 ], [ 6.209784825709547, 53.369063556284971 ], [ 6.210394460269421, 53.369361898985495 ], [ 6.212422823489887, 53.369853046148101 ], [ 6.21243854020185, 53.370211245953641 ], [ 6.213026164297746, 53.37129718484077 ], [ 6.212966926261667, 53.372008909199543 ], [ 6.213162015083673, 53.372127923585616 ], [ 6.214183586063015, 53.37196590697765 ], [ 6.215926574098746, 53.372054337641316 ], [ 6.216963578121516, 53.372280496724386 ], [ 6.22085208708107, 53.371724089946504 ], [ 6.222073995879364, 53.371820769654398 ], [ 6.224529419456225, 53.372420154828667 ], [ 6.231971208925112, 53.372650979392617 ], [ 6.233625639796165, 53.37311834850496 ], [ 6.232618414919, 53.372934563803739 ], [ 6.232261759252306, 53.373153373410844 ], [ 6.231088409572598, 53.372760994497099 ], [ 6.230666245256519, 53.373218547756458 ], [ 6.229435902731594, 53.373294312194062 ], [ 6.229156962847007, 53.373463432845782 ], [ 6.229162528052248, 53.373693806827163 ], [ 6.228251402897143, 53.374003300747709 ], [ 6.225937608980508, 53.374293693406983 ], [ 6.221563747737521, 53.373761353377944 ], [ 6.220098453855144, 53.373885797327333 ], [ 6.218843877213757, 53.374225639012778 ], [ 6.218674882421269, 53.374455318799576 ], [ 6.218148250335234, 53.374330016646013 ], [ 6.216728558973859, 53.374711212118747 ], [ 6.215957448805907, 53.37473317507532 ], [ 6.21454024961167, 53.375433325606927 ], [ 6.213037904817834, 53.375509594069598 ], [ 6.212566766616831, 53.375728693537518 ], [ 6.212182757571632, 53.375587173342268 ], [ 6.211650073882181, 53.375797943057201 ], [ 6.211265840916386, 53.375413912670773 ], [ 6.210171957704071, 53.375422392218191 ], [ 6.20959696594621, 53.37568491693473 ], [ 6.209716883557578, 53.376097133077806 ], [ 6.209153107962671, 53.375969671405215 ], [ 6.209008042043362, 53.375730313212003 ], [ 6.208659267169057, 53.375625626226423 ], [ 6.208098637160951, 53.375740926020747 ], [ 6.207742897012308, 53.376015347579155 ], [ 6.20769364589448, 53.375818058782556 ], [ 6.207474513075914, 53.375753614950391 ], [ 6.206989019097668, 53.375852072801926 ], [ 6.206624342480767, 53.375710432985116 ], [ 6.203662224026483, 53.375689021496875 ], [ 6.203003211718452, 53.376096606111695 ], [ 6.202434591914919, 53.375970347231238 ], [ 6.202325185555365, 53.375569253296774 ], [ 6.200591245632856, 53.375542874752476 ], [ 6.200467604537356, 53.375775011293889 ], [ 6.199913616183516, 53.37564006559343 ], [ 6.198908580507791, 53.376123575601177 ], [ 6.198535324812368, 53.376109375928436 ], [ 6.198354410229759, 53.376335788633135 ], [ 6.197796470270811, 53.376341833576674 ], [ 6.196700528333834, 53.376891206971898 ], [ 6.195777385037496, 53.376777909165767 ], [ 6.194175975416262, 53.377048257035376 ], [ 6.192785815749529, 53.377548505462116 ], [ 6.192264385637928, 53.377568333084284 ], [ 6.191536423263543, 53.378018186071081 ], [ 6.190990512161395, 53.377752684853064 ], [ 6.190067316879698, 53.377967751979156 ], [ 6.18993012110275, 53.377852839750418 ], [ 6.188745640901162, 53.377853987072783 ], [ 6.18800946618421, 53.378073019768244 ], [ 6.185851818517114, 53.37790005070098 ], [ 6.184988542635456, 53.378101410266972 ], [ 6.184318083857932, 53.378525312678427 ], [ 6.18425767108105, 53.378868367924028 ], [ 6.183843197644744, 53.379354231330694 ], [ 6.183858466490781, 53.379775399436362 ], [ 6.183541147373367, 53.380511528126888 ], [ 6.183282752303925, 53.380737890990162 ], [ 6.18342309527609, 53.381432012357195 ], [ 6.184075517290377, 53.382118714170829 ], [ 6.184115233449007, 53.382352812108316 ], [ 6.185049033061509, 53.382989390986019 ], [ 6.188526764379384, 53.383025604993485 ], [ 6.189625289737087, 53.382702565188154 ], [ 6.189879867215686, 53.382861259397629 ], [ 6.190638493534792, 53.382780786593834 ], [ 6.191451826758793, 53.382346811184576 ], [ 6.193154977163603, 53.38260938253233 ], [ 6.194396052765084, 53.38242882065154 ], [ 6.194629125597769, 53.382603901141593 ], [ 6.195223390335952, 53.382578143847873 ], [ 6.195473616630462, 53.3828600547142 ], [ 6.195901643330339, 53.382963657421655 ], [ 6.198252666585535, 53.382683069880386 ], [ 6.198597399406663, 53.383093807037064 ], [ 6.199914795482059, 53.382699004153551 ], [ 6.200269181774146, 53.382854295838925 ], [ 6.200676818208398, 53.382707845143194 ], [ 6.20069366921245, 53.382560946421279 ], [ 6.200922559679896, 53.382659513910596 ], [ 6.201002502112301, 53.382909713433435 ], [ 6.201558575669512, 53.382941754686868 ], [ 6.200847341787203, 53.38315900756394 ], [ 6.199977318745881, 53.38293738160565 ], [ 6.199548967550825, 53.382989966438984 ], [ 6.199399172457152, 53.383335729170589 ], [ 6.199743337902779, 53.383594478324468 ], [ 6.200681409017766, 53.383541819908253 ], [ 6.201306509325742, 53.383730150446688 ], [ 6.20090823006606, 53.383753730708079 ], [ 6.200895800829536, 53.383988135686955 ], [ 6.200317501382233, 53.383818264803615 ], [ 6.200093564530953, 53.383978910498897 ], [ 6.201016901098013, 53.384498563913226 ], [ 6.20128037845448, 53.384346598352543 ], [ 6.201526709468419, 53.384452223248381 ], [ 6.201126203992806, 53.384699890972414 ], [ 6.201278953874689, 53.385107974697512 ], [ 6.201702734008228, 53.385426914708759 ], [ 6.201166474714165, 53.38534839620894 ], [ 6.20041551301919, 53.385543390993199 ], [ 6.199995658517776, 53.385482002814562 ], [ 6.199909997548485, 53.385285342251848 ], [ 6.199676785491602, 53.385375613417018 ], [ 6.199390236633465, 53.385719059774075 ], [ 6.199429543952609, 53.38589198844025 ], [ 6.200073062507825, 53.386272161492883 ], [ 6.200550974624178, 53.386216006339751 ], [ 6.200362746321297, 53.386469461174848 ], [ 6.200417032109649, 53.386707751260403 ], [ 6.200036627373014, 53.386764797411402 ], [ 6.199858763210043, 53.387151879938365 ], [ 6.199941571085854, 53.387410834893636 ], [ 6.199734874978414, 53.387395901395315 ], [ 6.19956988808278, 53.387612236979741 ], [ 6.199428388249205, 53.387385574386933 ], [ 6.199189824333541, 53.387481279651091 ], [ 6.198810862122019, 53.388271019086858 ], [ 6.198523806451187, 53.38837868633248 ], [ 6.198388438802725, 53.388808703979898 ], [ 6.198663987376784, 53.389189409531085 ], [ 6.198621373040053, 53.389441768523383 ], [ 6.198397756120604, 53.389274867434793 ], [ 6.197623500406141, 53.389300564951675 ], [ 6.197220659615987, 53.389515850519281 ], [ 6.197290868304028, 53.389763211760958 ], [ 6.196779606019976, 53.389758833749617 ], [ 6.196522611829031, 53.390171056276223 ], [ 6.196773672177414, 53.390467649663684 ], [ 6.196617582983929, 53.3906826491909 ], [ 6.196223615816229, 53.390580308700784 ], [ 6.195904704983559, 53.390712375399353 ], [ 6.195906498769472, 53.390504537066384 ], [ 6.195640441958116, 53.390449984272351 ], [ 6.195348149127785, 53.390612981862532 ], [ 6.194794938025922, 53.390483803277725 ], [ 6.194092093899744, 53.390814297052913 ], [ 6.193660301732916, 53.390691774832412 ], [ 6.19336468230074, 53.391159659219952 ], [ 6.193621038380963, 53.391658622628192 ], [ 6.19309415680838, 53.391731274971981 ], [ 6.192766830672123, 53.392079741387633 ], [ 6.192285454012096, 53.39186119898639 ], [ 6.192094917794119, 53.392114593825774 ], [ 6.191787847522655, 53.392062118204052 ], [ 6.191661529989878, 53.392289567803275 ], [ 6.19183183547885, 53.39257804049133 ], [ 6.191685611052339, 53.392676089569385 ], [ 6.191331953711421, 53.392541982460777 ], [ 6.190971717576187, 53.392601504673976 ], [ 6.190849299166331, 53.392796427603713 ], [ 6.18972645399997, 53.392862110342413 ], [ 6.188666051498378, 53.393292642155131 ], [ 6.188038863442894, 53.393332581995054 ], [ 6.18781504082562, 53.393525674308876 ], [ 6.187488230549501, 53.393300763306605 ], [ 6.187241398816133, 53.393481437437494 ], [ 6.186796679606116, 53.393392358755989 ], [ 6.185188211853889, 53.393662046384179 ], [ 6.180635188400609, 53.393890370442321 ], [ 6.179274583125396, 53.394613846761885 ], [ 6.179340298739924, 53.394951330571558 ], [ 6.180487684955055, 53.395233607078694 ], [ 6.180596578807402, 53.395411697852659 ], [ 6.180489700606995, 53.395764590711138 ], [ 6.178988068441777, 53.395793633454808 ], [ 6.178723857740797, 53.395964441870376 ], [ 6.178576023924323, 53.396360542730626 ], [ 6.17873430044463, 53.396411434215565 ], [ 6.178865849103011, 53.39620144150097 ], [ 6.180014366847939, 53.396433730759099 ], [ 6.18028848852967, 53.397069971862038 ], [ 6.181417023392707, 53.397415242526669 ], [ 6.1823101125856, 53.398023405291468 ], [ 6.182539292598415, 53.39849965804018 ], [ 6.182424471975301, 53.3992311867758 ], [ 6.181757633116041, 53.399522053933723 ], [ 6.181730432612627, 53.399889333837585 ], [ 6.181125541661209, 53.400040213593165 ], [ 6.181111303687643, 53.400489157640088 ], [ 6.181483491683872, 53.400777550691295 ], [ 6.182086423484693, 53.400758654049874 ], [ 6.182427845245789, 53.400973584416107 ], [ 6.182546883836703, 53.401638893953475 ], [ 6.182013767385031, 53.401969095781901 ], [ 6.182144944130893, 53.402338299226706 ], [ 6.183021661866999, 53.402509555282428 ], [ 6.183849576717992, 53.402472936236471 ], [ 6.185028114230433, 53.403571768141951 ], [ 6.185350045672643, 53.403624361135897 ], [ 6.185742004918448, 53.403337823285604 ], [ 6.186591261906383, 53.403121566132207 ], [ 6.187374762097535, 53.40321796700043 ], [ 6.188664828347571, 53.403100053594599 ], [ 6.189403412826636, 53.403488476964426 ], [ 6.191849030341777, 53.403288311045614 ], [ 6.194269479814957, 53.403338071820727 ], [ 6.194377346414486, 53.403507894964349 ], [ 6.19475316891197, 53.403409360139442 ], [ 6.194863123762586, 53.403132453830843 ], [ 6.196787637622441, 53.402967995740127 ], [ 6.197014490549035, 53.403017275669292 ], [ 6.196899034187948, 53.403207508116772 ], [ 6.19714785133612, 53.40335732896822 ], [ 6.197871634423585, 53.403311787391374 ], [ 6.19851782713425, 53.403107526313867 ], [ 6.198643272839528, 53.40279002935231 ], [ 6.199019931269755, 53.402566527962996 ], [ 6.199017146038565, 53.402331382582375 ], [ 6.199402531636091, 53.402024103225443 ], [ 6.200186676810321, 53.401856029834967 ], [ 6.200182703041166, 53.401586840371891 ], [ 6.200967527314371, 53.401124682203083 ], [ 6.201245536182062, 53.40063330316876 ], [ 6.201142521752937, 53.400307692624139 ], [ 6.202332564523958, 53.399628570172986 ], [ 6.202600674909597, 53.399258314568485 ], [ 6.203058687411937, 53.399290840872069 ], [ 6.203802706567179, 53.398782915614881 ], [ 6.204542468462326, 53.398591129235733 ], [ 6.204766736415876, 53.398241563374846 ], [ 6.20554189227154, 53.398042702083082 ], [ 6.206160109485927, 53.397557087770018 ], [ 6.207280976800039, 53.397359264845029 ], [ 6.208381111202725, 53.396839336045964 ], [ 6.209986378247548, 53.395747292894605 ], [ 6.211182695917177, 53.395681374146953 ], [ 6.212179756830139, 53.39485977321818 ], [ 6.213332971924648, 53.393481248740528 ], [ 6.21418158443531, 53.392861116184996 ], [ 6.214115607382592, 53.392574781967582 ], [ 6.21433875609894, 53.392106634660898 ], [ 6.214564958103887, 53.391878474700583 ], [ 6.21500258203878, 53.391909457963088 ], [ 6.215421924374608, 53.391193587982663 ], [ 6.216182761769919, 53.390664606028558 ], [ 6.216083616277515, 53.390422987317692 ], [ 6.21628524517336, 53.390178283450837 ], [ 6.217156283778312, 53.390011423062582 ], [ 6.219575028870924, 53.388836406177433 ], [ 6.2216330544896, 53.388264169956116 ], [ 6.224202465506431, 53.387823261723618 ], [ 6.224407635628345, 53.388115943977589 ], [ 6.225866107088289, 53.388761888896425 ], [ 6.226079646758802, 53.388988480110832 ], [ 6.226873814745643, 53.388747349395459 ], [ 6.227227932320843, 53.388912137853396 ], [ 6.231147717015904, 53.388991001043763 ], [ 6.232980106078479, 53.389211662925497 ], [ 6.233579470963012, 53.389036150095819 ], [ 6.234168496970188, 53.389640949107928 ], [ 6.235084271669188, 53.390031355372777 ], [ 6.235161538072901, 53.390344125170067 ], [ 6.235475353732393, 53.390595455945011 ], [ 6.236608184994379, 53.391230430640434 ], [ 6.235327220713864, 53.391929797851716 ], [ 6.234814630153323, 53.392411840959852 ], [ 6.23439405584407, 53.392228279446861 ], [ 6.233428586862194, 53.392586708465956 ], [ 6.233327788767767, 53.392781417969978 ], [ 6.2335191045941, 53.392887959224375 ], [ 6.234272277264218, 53.392795612923493 ], [ 6.234472541767487, 53.393241518040355 ], [ 6.23437369998287, 53.393571578172917 ], [ 6.234061679945744, 53.393762720889299 ], [ 6.233135258655203, 53.393654069566196 ], [ 6.233053477930766, 53.394611160381622 ], [ 6.232657863887432, 53.395436502023969 ], [ 6.231494492863634, 53.395629791177946 ], [ 6.230659649890216, 53.396010861782337 ], [ 6.22945501058356, 53.395980071679013 ], [ 6.229104041875201, 53.395686768783619 ], [ 6.228694020133734, 53.39564462371461 ], [ 6.224474671478177, 53.396263529661404 ], [ 6.223843625180082, 53.396421188677159 ], [ 6.223813820818243, 53.396855386042624 ], [ 6.223375677241741, 53.397070482182635 ], [ 6.222447013495117, 53.397244731919237 ], [ 6.221801745308194, 53.397087026229897 ], [ 6.221233306387181, 53.396691208076163 ], [ 6.221718365440868, 53.395988113411327 ], [ 6.22155009920862, 53.395855951867034 ], [ 6.220893479296072, 53.396410771008149 ], [ 6.21948282331234, 53.396774505357939 ], [ 6.218923184522386, 53.397091891626893 ], [ 6.218660177887948, 53.39760658367274 ], [ 6.218815420557593, 53.398012591743644 ], [ 6.218439357611472, 53.398360450078826 ], [ 6.218030293041465, 53.398330117364992 ], [ 6.218385399221143, 53.398696238570977 ], [ 6.218055595270416, 53.398814440113362 ], [ 6.217466941366615, 53.398474689744845 ], [ 6.216970323387839, 53.398451359849744 ], [ 6.214030666341833, 53.399399767999924 ], [ 6.213206418588418, 53.399801687098986 ], [ 6.213223818660175, 53.400021301520255 ], [ 6.213555592356471, 53.400307572430087 ], [ 6.21267349649077, 53.400863492936004 ], [ 6.211719573917794, 53.400869338974033 ], [ 6.211711971617805, 53.400489918587603 ], [ 6.21148667910796, 53.400446886139243 ], [ 6.210839408497749, 53.401378865578458 ], [ 6.21101418070888, 53.401726414171719 ], [ 6.21072489982047, 53.401857880127586 ], [ 6.209657938072568, 53.402045950076179 ], [ 6.209275407860314, 53.4017203615808 ], [ 6.209475975293524, 53.401299059950993 ], [ 6.209144997120888, 53.401270554008519 ], [ 6.208953622002341, 53.401526820508501 ], [ 6.208967423947675, 53.401907441693282 ], [ 6.20958825401926, 53.402568070638004 ], [ 6.209321636862597, 53.402914760514747 ], [ 6.209984124233924, 53.403543045623444 ], [ 6.210014375621412, 53.403906703346259 ], [ 6.210540169455622, 53.404345041465497 ], [ 6.209932124631496, 53.404936895926959 ], [ 6.208499884618153, 53.404987225075111 ], [ 6.208166662913793, 53.404790417602712 ], [ 6.208189438487833, 53.404478908678215 ], [ 6.207768463610056, 53.404335475352141 ], [ 6.206449320072752, 53.404411768833384 ], [ 6.205922828366628, 53.404142945222972 ], [ 6.204735918061255, 53.404272415565721 ], [ 6.203907851790642, 53.403916592135197 ], [ 6.202613384204182, 53.404305508698172 ], [ 6.20220809223393, 53.404627722881848 ], [ 6.202361685571884, 53.405297280332235 ], [ 6.203087898246097, 53.405190258620586 ], [ 6.207094423227476, 53.405416413762012 ], [ 6.206909700264566, 53.406480001264065 ], [ 6.201947600238002, 53.406277171436471 ], [ 6.201372160950503, 53.405851994950048 ], [ 6.201402115336561, 53.40569960902932 ], [ 6.200661707318685, 53.405011445186638 ], [ 6.19964268949832, 53.40543403173335 ], [ 6.199527102487417, 53.405686524074348 ], [ 6.196369646611421, 53.406780844893767 ], [ 6.195866760484257, 53.407232571066814 ], [ 6.196100312950312, 53.407882615738707 ], [ 6.195721618132367, 53.407945885070255 ], [ 6.194258265335715, 53.407247357496203 ], [ 6.194451592700744, 53.407669177109248 ], [ 6.192664119603264, 53.408406385123207 ], [ 6.192182481126584, 53.408776515731788 ], [ 6.192032697554612, 53.409177653814623 ], [ 6.192128529911244, 53.409647482869154 ], [ 6.191925738036256, 53.409933113670036 ], [ 6.192034071020319, 53.410163869871525 ], [ 6.191627672132712, 53.410332647577654 ], [ 6.191244579433494, 53.41021106088909 ], [ 6.191074948962435, 53.410349740598441 ], [ 6.19114792483001, 53.410529058920162 ], [ 6.190975338288476, 53.410599605351862 ], [ 6.19154325094733, 53.41101843381491 ], [ 6.191509517320176, 53.411179681572115 ], [ 6.192808269461152, 53.41059367023491 ], [ 6.193642420429944, 53.410431154903904 ], [ 6.197015800252643, 53.411711105426754 ], [ 6.198441372232502, 53.411833999550879 ], [ 6.200071705455485, 53.411630512738746 ], [ 6.200200181123593, 53.411342583374754 ], [ 6.199929836371742, 53.411408337123476 ], [ 6.199194481346746, 53.411001280306934 ], [ 6.197554459649593, 53.410960565152017 ], [ 6.197366557803944, 53.410754975085624 ], [ 6.197600577786999, 53.410732657996675 ], [ 6.197635761315849, 53.4105598519319 ], [ 6.197336583536635, 53.410492549341889 ], [ 6.197278764540465, 53.409579585021 ], [ 6.196872563888357, 53.408949147573431 ], [ 6.197513459665409, 53.408686277049107 ], [ 6.198261684880617, 53.409123664550336 ], [ 6.198969896195522, 53.408973657755638 ], [ 6.199188111541742, 53.408759075624609 ], [ 6.199175622198604, 53.407979064132114 ], [ 6.203042755577307, 53.408048424705093 ], [ 6.206190591599184, 53.408671897271482 ], [ 6.206405643091616, 53.408473398489981 ], [ 6.21223892414814, 53.409698132771823 ], [ 6.211513208824862, 53.410998181645652 ], [ 6.211306974224757, 53.411085623064956 ], [ 6.202710367915174, 53.409340992109975 ], [ 6.1998626045737, 53.409262563626818 ], [ 6.19961834742801, 53.409479711582691 ], [ 6.199795939910604, 53.409601231854602 ], [ 6.201162784363807, 53.4096584060607 ], [ 6.201640021019093, 53.409919841390852 ], [ 6.201579203839056, 53.410374252943988 ], [ 6.201030276145806, 53.411018286705321 ], [ 6.201233393189896, 53.411231292982919 ], [ 6.201874102149812, 53.410801652828219 ], [ 6.202584516048112, 53.409979959354466 ], [ 6.212355336432561, 53.411802200953176 ], [ 6.213081180348555, 53.411694292166167 ], [ 6.213559277692819, 53.411440636067077 ], [ 6.214720182125951, 53.409322716912079 ], [ 6.243330255079044, 53.415036123658517 ], [ 6.246262969891611, 53.415444691121579 ], [ 6.250028176158223, 53.415617420441286 ], [ 6.255077728126889, 53.415262011216207 ], [ 6.257806556500571, 53.414786357041386 ], [ 6.260686447456855, 53.414012257718575 ], [ 6.29223518444404, 53.403211289873553 ], [ 6.294497145761516, 53.40228709614513 ], [ 6.29650123835514, 53.401257765180674 ], [ 6.298932250722225, 53.399626464624056 ], [ 6.30097527044079, 53.397849379375536 ], [ 6.301906220799622, 53.397499621009771 ], [ 6.302171887281768, 53.397256105383349 ], [ 6.302909842546724, 53.397289273058725 ], [ 6.303500529764222, 53.396804104654684 ], [ 6.303557437492239, 53.396582292334834 ], [ 6.30454811174236, 53.396404568636342 ], [ 6.30468109484664, 53.395982887623354 ], [ 6.305593899002039, 53.39629445284384 ], [ 6.305630555975829, 53.396073349760876 ], [ 6.306165551902626, 53.395912041215347 ], [ 6.306474286678444, 53.396465330265166 ], [ 6.307762237317609, 53.39673454628506 ], [ 6.309458200328839, 53.396201104527321 ], [ 6.309871692858487, 53.396519771052866 ], [ 6.311576721723051, 53.396962386529211 ], [ 6.312864912037804, 53.39649182470059 ], [ 6.312968231791295, 53.396541380087378 ], [ 6.312834049395113, 53.396920999935247 ], [ 6.313401006747294, 53.39709963815195 ], [ 6.313093344422056, 53.39744479239684 ], [ 6.313103588547929, 53.397647495609419 ], [ 6.313469944111987, 53.397828068431927 ], [ 6.314136972288489, 53.397915044950444 ], [ 6.314775679325792, 53.397511029424066 ], [ 6.314849489680625, 53.397283234077413 ], [ 6.315240805611475, 53.397196544578399 ], [ 6.314888118915063, 53.397621784993376 ], [ 6.315239281405415, 53.398442900332917 ], [ 6.316122225880319, 53.39823601292381 ], [ 6.316090856122895, 53.39858770483773 ], [ 6.316891891218668, 53.398916301021771 ], [ 6.318013306838439, 53.39803103664304 ], [ 6.318007743732312, 53.39819498207909 ], [ 6.318363648853643, 53.398262001917452 ], [ 6.318413968027219, 53.398486076760186 ], [ 6.318722191019134, 53.398615146811821 ], [ 6.319364544184949, 53.398526596166583 ], [ 6.318806554822974, 53.39923892092407 ], [ 6.318962001450947, 53.399514030664967 ], [ 6.320368357896919, 53.399209328519277 ], [ 6.319989486403143, 53.399801088436355 ], [ 6.320326894895446, 53.400199382189825 ], [ 6.32118053167092, 53.400167066426405 ], [ 6.321535342894351, 53.400514329130075 ], [ 6.322681834496029, 53.400581817060669 ], [ 6.322758644656757, 53.400777674448186 ], [ 6.323062430732864, 53.400747007320511 ], [ 6.323456606074447, 53.400946415075232 ], [ 6.324000035104711, 53.400723941743408 ], [ 6.324133749130366, 53.400955436897732 ], [ 6.3238911535659, 53.40133463568921 ], [ 6.32498265620442, 53.401752506904984 ], [ 6.325979271998157, 53.401296529603236 ], [ 6.32582777103393, 53.401671585542125 ], [ 6.326119234839057, 53.401888572771739 ], [ 6.326450250218091, 53.401919893416661 ], [ 6.326823500135729, 53.401678527437028 ], [ 6.327060614185759, 53.401975878632875 ], [ 6.327469969609335, 53.40210962738594 ], [ 6.327575934064983, 53.402553934338712 ], [ 6.327230052226472, 53.402921682139855 ], [ 6.32712518374059, 53.403649858086332 ], [ 6.327752769990109, 53.403706828131888 ], [ 6.328412279780765, 53.404251241680448 ], [ 6.329230981023701, 53.404131534617754 ], [ 6.329666892642574, 53.403775634334515 ], [ 6.330105212931753, 53.404238147540596 ], [ 6.330322598657684, 53.404121327991213 ], [ 6.331425927698937, 53.404273762532782 ], [ 6.331930989080676, 53.404117815141561 ], [ 6.332071243075659, 53.404572516490688 ], [ 6.332431651408625, 53.404747029036947 ], [ 6.333106131764076, 53.404756438726245 ], [ 6.333141879699704, 53.405034361506772 ], [ 6.333584097247003, 53.404897815434985 ], [ 6.333874560437581, 53.405143930949869 ], [ 6.334303752374779, 53.405166415920526 ], [ 6.334896484155674, 53.405016323421869 ], [ 6.334914414092493, 53.405492495853863 ], [ 6.335360234427017, 53.405637073579811 ], [ 6.33533872195134, 53.405919272151394 ], [ 6.335765135555898, 53.405979712645525 ], [ 6.336057345612962, 53.405732929564081 ], [ 6.335748609030557, 53.406208914654059 ], [ 6.335891695911156, 53.406449031147638 ], [ 6.336248872615132, 53.406425325559439 ], [ 6.336627985759123, 53.40662572428969 ], [ 6.337251278403856, 53.406125551525577 ], [ 6.337710558821501, 53.406226844212682 ], [ 6.337905042339125, 53.406043561181264 ], [ 6.337896514242126, 53.406298935009012 ], [ 6.339223687442562, 53.406525117499662 ], [ 6.338578280295945, 53.40751854592321 ], [ 6.338855263069268, 53.407641886280729 ], [ 6.339101564917351, 53.407350725033865 ], [ 6.339218339958453, 53.407493710290154 ], [ 6.339013561617794, 53.407665289159617 ], [ 6.339386038878565, 53.4077810532971 ], [ 6.337546329951482, 53.410923910729657 ], [ 6.337595451006372, 53.411068550098726 ], [ 6.337959822079582, 53.410931691907955 ], [ 6.338399293159612, 53.410218140121756 ], [ 6.339426356493743, 53.408754935434267 ], [ 6.338472628389971, 53.410123421872747 ], [ 6.338348872482969, 53.410676136951487 ], [ 6.339373682015929, 53.410908188570502 ], [ 6.340004482263509, 53.41016166345689 ], [ 6.340874938049923, 53.410172950131859 ], [ 6.341654910649097, 53.409837270613593 ], [ 6.341900053202705, 53.409855557727951 ], [ 6.341681905727589, 53.41035358514344 ], [ 6.342435791399732, 53.410671030220016 ], [ 6.342904404354808, 53.410470189458096 ], [ 6.343042003641391, 53.410121158286756 ], [ 6.34339542287286, 53.409958624307279 ], [ 6.344310066196687, 53.410201090206471 ], [ 6.344999577506519, 53.410182979133012 ], [ 6.345409959107424, 53.409656867212078 ], [ 6.345144109850794, 53.410263420463487 ], [ 6.346099916188948, 53.410615533064707 ], [ 6.346777473324059, 53.410421689667196 ], [ 6.347154817105442, 53.41064395211167 ], [ 6.347706721409791, 53.410531561219955 ], [ 6.347855831072626, 53.410696843219299 ], [ 6.348201099423751, 53.41046081272971 ], [ 6.348487190924455, 53.410574075151388 ], [ 6.348530443454877, 53.41080098260305 ], [ 6.349420865579631, 53.411500153620345 ], [ 6.349291497240461, 53.41200473399639 ], [ 6.349606168326963, 53.412245689081928 ], [ 6.350685088038071, 53.41233494979096 ], [ 6.351016633591144, 53.412018955862088 ], [ 6.351477343965506, 53.412347260301715 ], [ 6.352819571561189, 53.412124729178935 ], [ 6.354230315307785, 53.412303700768007 ], [ 6.354492783072796, 53.412173096009617 ], [ 6.354957358746824, 53.412682440389723 ], [ 6.356023765878414, 53.412521761563518 ], [ 6.35613915919771, 53.412715577010232 ], [ 6.356529146562283, 53.412639023100034 ], [ 6.356619182711205, 53.412918765976478 ], [ 6.357151448476086, 53.412988858029173 ], [ 6.357230055733004, 53.413145914037784 ], [ 6.357448897933599, 53.413076580665361 ], [ 6.357062547361831, 53.413849681488564 ], [ 6.357115483894699, 53.414080149844438 ], [ 6.357443147326794, 53.414248597099402 ], [ 6.358061521448615, 53.414126045330839 ], [ 6.358329593657202, 53.413745093630723 ], [ 6.358874912331284, 53.413671091587069 ], [ 6.359895052284351, 53.413979709849009 ], [ 6.360221374115683, 53.41380266210782 ], [ 6.360424650698464, 53.4139896842306 ], [ 6.360844310176109, 53.413538482347072 ], [ 6.36066247488249, 53.414002158145308 ], [ 6.36087666628375, 53.414211664536687 ], [ 6.361761802305096, 53.414371403609252 ], [ 6.362111847791723, 53.41411890192871 ], [ 6.361801806471856, 53.414674268997288 ], [ 6.36220693150761, 53.415025374495876 ], [ 6.362878557755438, 53.41497557568772 ], [ 6.363172594052799, 53.41517882922934 ], [ 6.363542622264239, 53.414774185437963 ], [ 6.36334861706614, 53.41536789580578 ], [ 6.364203027267301, 53.41569269830061 ], [ 6.364625256133471, 53.415608978257495 ], [ 6.364722732813345, 53.415772598932392 ], [ 6.36509063091775, 53.415839712273161 ], [ 6.366015399956216, 53.415845223560972 ], [ 6.366471989380514, 53.415552919322572 ], [ 6.366344038657248, 53.41590556632945 ], [ 6.366699221864113, 53.416218638556181 ], [ 6.366237735051581, 53.416316222988705 ], [ 6.366240653826545, 53.416523972483489 ], [ 6.367404240092141, 53.416820275162827 ], [ 6.367532318471519, 53.416508128494208 ], [ 6.367544984758601, 53.416756755670704 ], [ 6.36793737218373, 53.416770637272585 ], [ 6.368207063874998, 53.416664319040272 ], [ 6.368228297149768, 53.416358079511596 ], [ 6.368765131454361, 53.416194699312335 ], [ 6.369560105218806, 53.416305326172797 ], [ 6.369479922989151, 53.417179805228905 ], [ 6.369900929537234, 53.417341958921057 ], [ 6.370740327453916, 53.416715482612673 ], [ 6.372139620266408, 53.417075693143566 ], [ 6.372504502008694, 53.416901121398617 ], [ 6.372535039195447, 53.417177656697355 ], [ 6.374367968609359, 53.417628122592994 ], [ 6.374492783951132, 53.417473872702331 ], [ 6.37428854033935, 53.417351169596984 ], [ 6.374720567762765, 53.417194934240378 ], [ 6.375332172106969, 53.417232335198705 ], [ 6.375308653408212, 53.417431477000584 ], [ 6.375842928541949, 53.417818363347813 ], [ 6.376802837266036, 53.417417591919147 ], [ 6.377910883689765, 53.417688567152148 ], [ 6.377770593407802, 53.418073730631463 ], [ 6.378563467835827, 53.418685740856006 ], [ 6.379431907559534, 53.41815377025555 ], [ 6.379787162908537, 53.41819529624054 ], [ 6.379888569519705, 53.418350467143057 ], [ 6.380155600111138, 53.418225294174597 ], [ 6.380049677912321, 53.418485880430609 ], [ 6.380427924453524, 53.418672440444396 ], [ 6.380417494269316, 53.419184720121159 ], [ 6.380895847053067, 53.419532036203201 ], [ 6.38121253771159, 53.419533080941477 ], [ 6.38127296722523, 53.419247397394919 ], [ 6.381642789706117, 53.419208581861682 ], [ 6.38226136964705, 53.418701041057822 ], [ 6.384400834426538, 53.419199178625107 ], [ 6.384986995967614, 53.419124506836646 ], [ 6.384930898777566, 53.419393987833821 ], [ 6.386070383491949, 53.419667014173989 ], [ 6.386139307355315, 53.419447053665941 ], [ 6.385857749076117, 53.419317000297276 ], [ 6.386557592773871, 53.419259771357289 ], [ 6.386437493830212, 53.419741754676721 ], [ 6.387605283963987, 53.420028942266136 ], [ 6.388037667877069, 53.419799036519763 ], [ 6.389049460156503, 53.419936978189895 ], [ 6.389340473238308, 53.419685127893949 ], [ 6.389439321506175, 53.420055075564363 ], [ 6.389880162535185, 53.42013710498329 ], [ 6.390436329647171, 53.419832557035498 ], [ 6.391782364694808, 53.419624723697822 ], [ 6.392614357880085, 53.420096343512469 ], [ 6.393616792523189, 53.42012676547958 ], [ 6.394260151124054, 53.419824077214173 ], [ 6.394841642176632, 53.420450138729223 ], [ 6.395333679736097, 53.420292720632176 ], [ 6.39530913712495, 53.420541318641945 ], [ 6.395509116594629, 53.420707683946084 ], [ 6.395974469987232, 53.420655700933686 ], [ 6.396723689280213, 53.42016842522122 ], [ 6.397798176966051, 53.420521409441875 ], [ 6.398583188553867, 53.420467396395814 ], [ 6.398919076446866, 53.420791129526407 ], [ 6.39957977577557, 53.42096765153812 ], [ 6.400130855470694, 53.420618926083186 ], [ 6.40146383603892, 53.420521365541838 ], [ 6.402228616658088, 53.420756400740679 ], [ 6.403085360948551, 53.420494515530713 ], [ 6.403387015921748, 53.420739229040294 ], [ 6.404488324623911, 53.420612744085311 ], [ 6.405082318699322, 53.420788184122493 ], [ 6.405836126020921, 53.420661373611978 ], [ 6.406120999560858, 53.420468166241193 ], [ 6.406318412984158, 53.421051913062101 ], [ 6.407234000089904, 53.421182749320693 ], [ 6.407815470312735, 53.421104743694762 ], [ 6.40837687179458, 53.421288945534023 ], [ 6.409106313066274, 53.421043495496392 ], [ 6.409750238067438, 53.421318688011318 ], [ 6.409977963140178, 53.421179987305393 ], [ 6.411166320264656, 53.421349326715635 ], [ 6.412369804172389, 53.421071288860709 ], [ 6.412656941371502, 53.422298652429369 ], [ 6.41295792447657, 53.422325403089999 ], [ 6.413417963104637, 53.422857494819326 ], [ 6.41411934251184, 53.422802325747632 ], [ 6.41481116921846, 53.423006767343615 ], [ 6.416377611499793, 53.422234002043879 ], [ 6.417465145588389, 53.422226715227723 ], [ 6.418483094761124, 53.422004970797239 ], [ 6.418537971793052, 53.421782673303085 ], [ 6.419507415325794, 53.421750955831421 ], [ 6.419628308776049, 53.422462762908054 ], [ 6.420550739962525, 53.422932903266883 ], [ 6.420927404666966, 53.422771462494225 ], [ 6.421422340026135, 53.422197278293964 ], [ 6.42236696027729, 53.422053153682889 ], [ 6.422611501394932, 53.422227280776873 ], [ 6.424548855002004, 53.422321694821711 ], [ 6.425116768884059, 53.422112629374197 ], [ 6.425430983938274, 53.422314641845347 ], [ 6.426602728497446, 53.422102828561421 ], [ 6.426746433753074, 53.422417121950566 ], [ 6.427265083915365, 53.422579358736627 ], [ 6.427842657052552, 53.422383452030701 ], [ 6.429583525558592, 53.422449339593484 ], [ 6.430331334814997, 53.422280733768758 ], [ 6.430787162073753, 53.423046493507108 ], [ 6.431902354381696, 53.423147326359675 ], [ 6.432659484884346, 53.422886685577623 ], [ 6.433270441880982, 53.423152708436611 ], [ 6.434803035041079, 53.423157889174547 ], [ 6.436879575027142, 53.422712201661795 ], [ 6.437688662451625, 53.423342584924065 ], [ 6.438222945127697, 53.423290119973082 ], [ 6.438437459391406, 53.423035858596805 ], [ 6.438621876354865, 53.423223542222601 ], [ 6.439885544450568, 53.423309247311515 ], [ 6.440306522900346, 53.423592379976469 ], [ 6.442382101953962, 53.423218902152911 ], [ 6.442814873549898, 53.423700877522208 ], [ 6.443226693407968, 53.423764932860337 ], [ 6.443548056071487, 53.423577966598792 ], [ 6.444339439820174, 53.42376050038316 ], [ 6.444914148472322, 53.423538165684633 ], [ 6.445509212450242, 53.423822097245491 ], [ 6.44623938644242, 53.423928455496785 ], [ 6.44801062034781, 53.423515762176557 ], [ 6.44866353127212, 53.424131452325142 ], [ 6.449728141359241, 53.424002142354048 ], [ 6.450817491965542, 53.424344361171535 ], [ 6.454213953173334, 53.424191786522613 ], [ 6.454708128707849, 53.424627760107434 ], [ 6.4552631098941, 53.424814574711213 ], [ 6.456126355793682, 53.424814321441715 ], [ 6.456577091624156, 53.424576614582065 ], [ 6.457878296758279, 53.425065722836891 ], [ 6.458882211108063, 53.425017851566594 ], [ 6.459693675267214, 53.425357464287252 ], [ 6.461047366353243, 53.42529349490993 ], [ 6.461219334249305, 53.425058689792436 ], [ 6.462247743707511, 53.425133172860953 ], [ 6.463451099883789, 53.425852498608094 ], [ 6.463861330985108, 53.425721842271315 ], [ 6.463906027726837, 53.425455665356878 ], [ 6.464677929810874, 53.425708746157241 ], [ 6.465788551486995, 53.425437901649353 ], [ 6.466699350609805, 53.42556587441846 ], [ 6.466987400653074, 53.425991684144378 ], [ 6.467771043130015, 53.4259268885422 ], [ 6.467891977493077, 53.425769349813109 ], [ 6.468709723025536, 53.425986481001324 ], [ 6.469082312561896, 53.42583067226645 ], [ 6.469218772034711, 53.425591793883477 ], [ 6.469811509518195, 53.426339305020093 ], [ 6.470753953612576, 53.426372472336865 ], [ 6.470906158081871, 53.42653319956586 ], [ 6.471311343744363, 53.426108905125872 ], [ 6.471612744801979, 53.426295665257001 ], [ 6.472020489906971, 53.426221657242884 ], [ 6.472145880715164, 53.426639927808097 ], [ 6.472477054392878, 53.426852622170685 ], [ 6.472787916235057, 53.42677604120427 ], [ 6.472761868894278, 53.426492402077272 ], [ 6.473086385228041, 53.426391512740658 ], [ 6.473378501526423, 53.426637029350147 ], [ 6.473944689647928, 53.426709165602809 ], [ 6.474762715168906, 53.426686968854945 ], [ 6.474963476707789, 53.426472262237525 ], [ 6.476246940995025, 53.426791363334964 ], [ 6.476813719973761, 53.426594142158358 ], [ 6.477146020357939, 53.427075714624124 ], [ 6.477897580367941, 53.427295155783696 ], [ 6.478046923485185, 53.427658030853486 ], [ 6.47885086719044, 53.427757265907395 ], [ 6.479160226361844, 53.427349160461269 ], [ 6.479593907422773, 53.427710573698313 ], [ 6.480177666341169, 53.4279050370248 ], [ 6.481273883493748, 53.427692622810248 ], [ 6.481734522449324, 53.428200848748368 ], [ 6.483173200654373, 53.428151433497199 ], [ 6.483410255643832, 53.427940786025736 ], [ 6.484168287098284, 53.428052217194129 ], [ 6.48443110271739, 53.427941197072599 ], [ 6.484458974180702, 53.42773513063382 ], [ 6.484940814846396, 53.427745878008217 ], [ 6.485639995733028, 53.428479132875012 ], [ 6.486659912494017, 53.429078222637905 ], [ 6.48682041171956, 53.428997375188104 ], [ 6.486689157828232, 53.42873314720164 ], [ 6.486817104993065, 53.428695881744517 ], [ 6.487520243598269, 53.428715240447971 ], [ 6.487637049799885, 53.428943874992427 ], [ 6.488083376790189, 53.428974650964037 ], [ 6.488275309712198, 53.429190602971666 ], [ 6.488624035298725, 53.428892845301256 ], [ 6.489019558343379, 53.428857507663793 ], [ 6.489165676799705, 53.429043142586529 ], [ 6.489394321130646, 53.428947168051238 ], [ 6.489844161577797, 53.429118288959998 ], [ 6.490292995488693, 53.428902638782901 ], [ 6.490755300957535, 53.429581610584883 ], [ 6.490971705336413, 53.429301765116463 ], [ 6.491429270604574, 53.429475911376649 ], [ 6.491690889949486, 53.429156512640503 ], [ 6.492709225749977, 53.428672759906014 ], [ 6.493121937471553, 53.429326057899743 ], [ 6.494089897077858, 53.429932322865398 ], [ 6.494555340031452, 53.429861889799724 ], [ 6.494671594619049, 53.429696635317327 ], [ 6.495441183776254, 53.42972097050847 ], [ 6.495651099262289, 53.429376381357308 ], [ 6.49614941047765, 53.429790637579323 ], [ 6.496289416846905, 53.429551465513114 ], [ 6.497248157684894, 53.429448278031572 ], [ 6.497651391852121, 53.43007505831546 ], [ 6.498111469990581, 53.430235968533317 ], [ 6.498515257338702, 53.430141073554346 ], [ 6.499179384931709, 53.430386311013834 ], [ 6.500872445221735, 53.429845418689048 ], [ 6.501151179381681, 53.430268336686396 ], [ 6.501947536719688, 53.430542198912896 ], [ 6.502166680157024, 53.430385453642586 ], [ 6.502077248157168, 53.429940833083442 ], [ 6.5025208687633, 53.429737016648353 ], [ 6.503212376557552, 53.430063419990695 ], [ 6.50337445510999, 53.430342653929365 ], [ 6.503903567649123, 53.430506277121403 ], [ 6.504075817076798, 53.430435002221202 ], [ 6.504131958218624, 53.430146578172163 ], [ 6.504448264278054, 53.430571808760483 ], [ 6.504660036560054, 53.430488229277039 ], [ 6.504724317622695, 53.430218000081609 ], [ 6.505152665309671, 53.43017138149569 ], [ 6.507646578018978, 53.430325461337929 ], [ 6.507897422684567, 53.430419278020018 ], [ 6.508330917616866, 53.431051797104033 ], [ 6.508866523031734, 53.430944423039591 ], [ 6.509315615870098, 53.4305426473396 ], [ 6.510050626547515, 53.430325984333223 ], [ 6.511706168166227, 53.430630509118316 ], [ 6.513004253363407, 53.430554061508417 ], [ 6.513256835516739, 53.43070781488175 ], [ 6.513394912867004, 53.430565353481335 ], [ 6.513810790889941, 53.430797526375002 ], [ 6.514426242443842, 53.430849465447167 ], [ 6.514737541762445, 53.430750316938052 ], [ 6.514618053635409, 53.430393324295849 ], [ 6.514859811755903, 53.430628091059589 ], [ 6.515163431570111, 53.43039860718951 ], [ 6.5155998500497, 53.430674923901719 ], [ 6.515695047530777, 53.430498360349233 ], [ 6.517074713997998, 53.430959244844765 ], [ 6.517888166824499, 53.430899262133373 ], [ 6.517958641777256, 53.430631787296925 ], [ 6.518248452068487, 53.431041194706054 ], [ 6.519203840441572, 53.431157345695787 ], [ 6.519956700183209, 53.430911990101002 ], [ 6.520230342951074, 53.431085401701438 ], [ 6.520737723152319, 53.430777033299137 ], [ 6.521443349940593, 53.430868030182509 ], [ 6.521561286805401, 53.430609860357514 ], [ 6.521865406431847, 53.431572295192019 ], [ 6.52957257930427, 53.43093677028719 ], [ 6.529976867247829, 53.432279861308324 ], [ 6.532033879424369, 53.432103736367957 ], [ 6.532865559426901, 53.431972448115353 ], [ 6.533069860216805, 53.431803265588847 ], [ 6.533167468965632, 53.431928708701037 ], [ 6.53418491054653, 53.431923205142319 ], [ 6.536365950444371, 53.431735071875345 ], [ 6.536455354384061, 53.431615620236784 ], [ 6.537586493841277, 53.431802315105685 ], [ 6.537946810400084, 53.431681050638268 ], [ 6.538054056480069, 53.431875237483723 ], [ 6.545319515573465, 53.433061386367299 ], [ 6.545532523369829, 53.432828056098472 ], [ 6.545557602044835, 53.433100645788222 ], [ 6.550604614635302, 53.433942399533734 ], [ 6.550827768514527, 53.433665977122445 ], [ 6.550868551879509, 53.43398133883862 ], [ 6.556862253122569, 53.434950365838496 ], [ 6.557119437894819, 53.434700240101641 ], [ 6.557132057752106, 53.434993977135314 ], [ 6.560360135611913, 53.435500180035525 ], [ 6.560583750938242, 53.435294091568416 ], [ 6.560604733678415, 53.435540241598275 ], [ 6.563284653190528, 53.435969025032968 ], [ 6.563539265356299, 53.435717475745776 ], [ 6.563535555855323, 53.436014255994365 ], [ 6.566476818427715, 53.436490243722965 ], [ 6.566793520603094, 53.436294417397477 ], [ 6.567235457121162, 53.435212087847077 ], [ 6.568243789146126, 53.43561167228988 ], [ 6.569892424655872, 53.435839207361894 ], [ 6.570455895021671, 53.436254738325985 ], [ 6.571421776509113, 53.436057657911938 ], [ 6.571010533534862, 53.436977593594193 ], [ 6.571332132093043, 53.437158743165064 ], [ 6.571709842996629, 53.437027198018825 ], [ 6.571580634935347, 53.436827973763627 ], [ 6.571752264997849, 53.436320337579374 ], [ 6.571967023700375, 53.436507655368402 ], [ 6.574151528716135, 53.436829612781295 ], [ 6.574538684242914, 53.436578827262807 ], [ 6.57464052893403, 53.436762055324323 ], [ 6.575266923272448, 53.436874876572922 ], [ 6.576463728372635, 53.436803247201759 ], [ 6.576884489603753, 53.437059769775587 ], [ 6.577683472545555, 53.436942384878058 ], [ 6.577937422312289, 53.436738286715716 ], [ 6.577849225551714, 53.437387724469026 ], [ 6.579372187171247, 53.437505833762557 ], [ 6.579593675945335, 53.437657396546527 ], [ 6.580196786932587, 53.437530773870016 ], [ 6.580434794388375, 53.437658980022498 ], [ 6.581181828813305, 53.435917717823202 ], [ 6.581317828934843, 53.435896661159731 ], [ 6.581405060803708, 53.435973474752743 ], [ 6.581092188882257, 53.437083614597412 ], [ 6.580860487048582, 53.437513703073108 ], [ 6.580986095127262, 53.437916366322021 ], [ 6.582343310411184, 53.4382571121442 ], [ 6.582471412336561, 53.438058896726325 ], [ 6.58301653231732, 53.437963652183981 ], [ 6.583243986201754, 53.438057809961208 ], [ 6.583345305798376, 53.438354035274251 ], [ 6.584730232268071, 53.43848349458527 ], [ 6.585000727642872, 53.438142661458635 ], [ 6.58511982006365, 53.438718159426962 ], [ 6.585999454805825, 53.438869396860426 ], [ 6.586140139372848, 53.439092227868535 ], [ 6.586469537322921, 53.439172719625454 ], [ 6.58741089557315, 53.438967320839502 ], [ 6.587410350743298, 53.439130131549327 ], [ 6.588145834428672, 53.439656646916092 ], [ 6.588443651454305, 53.439539788010102 ], [ 6.588934332654178, 53.439722813791647 ], [ 6.58953777255686, 53.439295175614824 ], [ 6.590114304931622, 53.439744859901069 ], [ 6.590952122800346, 53.439769432914602 ], [ 6.591765489688814, 53.439590535063893 ], [ 6.59170096703328, 53.439862309743411 ], [ 6.592127213582677, 53.440017809380052 ], [ 6.592218287831656, 53.440264631748093 ], [ 6.593042669137001, 53.440314295395538 ], [ 6.592773480570615, 53.441030726003667 ], [ 6.592961702149444, 53.441610758955562 ], [ 6.592652664643231, 53.441656055752546 ], [ 6.592678777274876, 53.441831308789531 ], [ 6.595175377819019, 53.442455955054257 ], [ 6.595416766767753, 53.442137040702676 ], [ 6.595553879561346, 53.442311389708102 ], [ 6.596094049728533, 53.44224805300211 ], [ 6.596119563897427, 53.442374492525467 ], [ 6.595468524195981, 53.442309974316402 ], [ 6.595361735888982, 53.442446609513468 ], [ 6.597925052814902, 53.443144883199089 ], [ 6.598001697096692, 53.442956505022075 ], [ 6.598747151890941, 53.442715601567286 ], [ 6.598738044390221, 53.442942605783962 ], [ 6.598290390602483, 53.443057839575097 ], [ 6.598272627768851, 53.443218355183966 ], [ 6.600687674267767, 53.443837827092779 ], [ 6.600988439714019, 53.443526261764134 ], [ 6.601189690693232, 53.443710935851747 ], [ 6.601119388105977, 53.443945330548409 ], [ 6.60343456626115, 53.444519525778574 ], [ 6.603512620386259, 53.444288986878526 ], [ 6.602684424409566, 53.444079158738369 ], [ 6.602670460136696, 53.443824581211224 ], [ 6.603026328701629, 53.443353477009893 ], [ 6.603417700395815, 53.443323288765541 ], [ 6.603277943744378, 53.443917227960839 ], [ 6.603786466420626, 53.444073776222474 ], [ 6.603808760944972, 53.444298750879803 ], [ 6.604556840139659, 53.444183882198445 ], [ 6.604700191432052, 53.444295287380982 ], [ 6.603783301234539, 53.444420293481322 ], [ 6.603779890313454, 53.444609653504187 ], [ 6.606166539189788, 53.445206666380855 ], [ 6.606583927950418, 53.444660881230114 ], [ 6.606578267498805, 53.444903029598997 ], [ 6.606793961104944, 53.445104191870421 ], [ 6.606511579496532, 53.445116150864166 ], [ 6.606500310389008, 53.445283545102747 ], [ 6.607777110450129, 53.445608485059417 ], [ 6.608263175532073, 53.444816276009334 ], [ 6.608625043528158, 53.444645425367717 ], [ 6.609027431591651, 53.444771741672632 ], [ 6.608084532481546, 53.445174803743122 ], [ 6.608144105443214, 53.445505459639016 ], [ 6.608897575752052, 53.445641103931756 ], [ 6.609265791141094, 53.445449540182892 ], [ 6.609605095785069, 53.445779906988065 ], [ 6.60919578735834, 53.445781699874644 ], [ 6.609197854024461, 53.445961666871689 ], [ 6.611497817038002, 53.446538351172613 ], [ 6.611611490600023, 53.446452673525847 ], [ 6.611528564480502, 53.446313968048663 ], [ 6.610975038130816, 53.44613222987816 ], [ 6.611111434278007, 53.445165235961781 ], [ 6.610161033381978, 53.444994999434122 ], [ 6.610461688944435, 53.444807029796074 ], [ 6.610416181484426, 53.44456565640585 ], [ 6.610674082286951, 53.444812664092851 ], [ 6.610876869652484, 53.444782772601371 ], [ 6.611418416518196, 53.444252419265247 ], [ 6.612561469310307, 53.444407857451765 ], [ 6.612878633184614, 53.444980894137011 ], [ 6.612210123321872, 53.444758100023137 ], [ 6.611492399409629, 53.444957161394505 ], [ 6.611534626565132, 53.445464068163062 ], [ 6.611179545193004, 53.445684757162951 ], [ 6.611308408263956, 53.446164832923095 ], [ 6.611813945216763, 53.446257567628358 ], [ 6.612287283922362, 53.446093018251169 ], [ 6.613410310580968, 53.446330736545711 ], [ 6.613884665227431, 53.445617666084132 ], [ 6.614205637007803, 53.445573616789325 ], [ 6.614657751311518, 53.446078668151046 ], [ 6.614352934823304, 53.446217499559559 ], [ 6.614489073458063, 53.446534217079865 ], [ 6.614173022601159, 53.446475531679546 ], [ 6.614130876033394, 53.446899834144844 ], [ 6.614660396556257, 53.447018699103928 ], [ 6.614969853729664, 53.446812377059004 ], [ 6.615264179903726, 53.446958295018746 ], [ 6.615297070437562, 53.447215268344905 ], [ 6.61484862286861, 53.44718374954131 ], [ 6.614834287800504, 53.447370303032628 ], [ 6.61766014316819, 53.448074667752671 ], [ 6.618121158728206, 53.44759956282261 ], [ 6.618232192247164, 53.447801397350844 ], [ 6.618898015302969, 53.447837972942445 ], [ 6.618668140478449, 53.448134394525134 ], [ 6.619199729116723, 53.44833194233032 ], [ 6.6198427270727, 53.447281615668025 ], [ 6.620430524759487, 53.447458587904691 ], [ 6.620352574972489, 53.448188235931781 ], [ 6.621064474563332, 53.448063695065102 ], [ 6.621421783300523, 53.44822725721712 ], [ 6.621541538470245, 53.448572670803465 ], [ 6.621386663939752, 53.448739349943239 ], [ 6.62068270023847, 53.448587038753523 ], [ 6.620510153966037, 53.448648614329159 ], [ 6.620541281123237, 53.448791782061775 ], [ 6.624356996189757, 53.449747484450668 ], [ 6.624451297468307, 53.449552114229689 ], [ 6.623872953175538, 53.449046758721032 ], [ 6.623903978533624, 53.448911704445457 ], [ 6.624177400374989, 53.448693765618856 ], [ 6.62447023523981, 53.448096602805151 ], [ 6.624852674293765, 53.448209827259959 ], [ 6.624646127945063, 53.448676226668013 ], [ 6.624975261858905, 53.44883782402718 ], [ 6.625319846568127, 53.448098719276018 ], [ 6.62637586853424, 53.448835306060765 ], [ 6.627073875882793, 53.448969527847005 ], [ 6.626939156341061, 53.449301783164287 ], [ 6.625919276901815, 53.449646258531089 ], [ 6.624702129202379, 53.449583504364064 ], [ 6.624513868893972, 53.449752018138447 ], [ 6.62653769819971, 53.450292685628582 ], [ 6.62654022834837, 53.450563808263027 ], [ 6.628559455564618, 53.451032443863383 ], [ 6.628402700152044, 53.450681582236591 ], [ 6.627265406445345, 53.450350690078182 ], [ 6.627348204475635, 53.449967618949692 ], [ 6.627677994942959, 53.449654393455155 ], [ 6.628031081556313, 53.449716372813306 ], [ 6.628123849181755, 53.449957637947435 ], [ 6.628581318268365, 53.449966332375205 ], [ 6.628568513828958, 53.450227320887265 ], [ 6.62958404974226, 53.450451236437296 ], [ 6.630303854072992, 53.450332538795934 ], [ 6.630648308868456, 53.45010921689601 ], [ 6.630308907755187, 53.450973494377486 ], [ 6.628999897067086, 53.450864739243073 ], [ 6.628751907032002, 53.451076698309578 ], [ 6.631689933229324, 53.451844539858307 ], [ 6.631778033678966, 53.451540824078613 ], [ 6.631035141753326, 53.451290689048285 ], [ 6.630943338651076, 53.450791953501685 ], [ 6.632074249141716, 53.45105717908222 ], [ 6.632102371305945, 53.451267263457062 ], [ 6.632698276448448, 53.451183859983686 ], [ 6.632507026179935, 53.451375069899534 ], [ 6.632464667427382, 53.451746784946621 ], [ 6.632019471154591, 53.451653453867976 ], [ 6.631891912906799, 53.4518783744901 ], [ 6.633101091325758, 53.452197025259416 ], [ 6.633082346292912, 53.452529744408274 ], [ 6.634393043025326, 53.452816583857349 ], [ 6.634797780874676, 53.452209508210942 ], [ 6.633663954842703, 53.451959223393722 ], [ 6.633682329869918, 53.451786514934483 ], [ 6.63350783580035, 53.451699515090866 ], [ 6.63328297574523, 53.451734632084296 ], [ 6.633198806693028, 53.451478221730582 ], [ 6.633336152328197, 53.451053895333352 ], [ 6.633688528634065, 53.451106612664766 ], [ 6.633931403842969, 53.451457397630151 ], [ 6.63479555106943, 53.451536086770282 ], [ 6.635067927400407, 53.451358334181997 ], [ 6.635455837944365, 53.451724653697966 ], [ 6.636172455963731, 53.451820645818692 ], [ 6.635943033681798, 53.452419019553027 ], [ 6.63475621152043, 53.452594440405633 ], [ 6.634590836759284, 53.452741982935656 ], [ 6.634652055776755, 53.452875493089699 ], [ 6.63684956921903, 53.453361824026366 ], [ 6.63736550627005, 53.452738123779611 ], [ 6.638789997348971, 53.45244947065617 ], [ 6.638894113656522, 53.452500062837188 ], [ 6.638565821952549, 53.453657912849422 ], [ 6.639863065625765, 53.453910759350016 ], [ 6.640295350580641, 53.453498558058854 ], [ 6.640498899200677, 53.453632535614666 ], [ 6.640941367077557, 53.453530735535253 ], [ 6.640936011429963, 53.453822645202955 ], [ 6.640568937954158, 53.45404494037529 ], [ 6.640595555930967, 53.454197191130028 ], [ 6.642117841952749, 53.454537779383259 ], [ 6.643103161251026, 53.454125593996253 ], [ 6.643163795856957, 53.454354322875304 ], [ 6.643469784111886, 53.454468502189009 ], [ 6.64309501204736, 53.454592730431933 ], [ 6.643116227657909, 53.454762918182048 ], [ 6.646254920013301, 53.455466915538196 ], [ 6.646652192842706, 53.454809103890554 ], [ 6.647633148579509, 53.454432848979735 ], [ 6.648083300004381, 53.454520894798364 ], [ 6.647734340503737, 53.455714597996248 ], [ 6.648106118090618, 53.455877308684713 ], [ 6.648561633993308, 53.455520099843447 ], [ 6.648313392229826, 53.45506513381968 ], [ 6.648887622957541, 53.455133578672339 ], [ 6.648939756131262, 53.455614129881752 ], [ 6.64928086107876, 53.455060076442436 ], [ 6.649450128455931, 53.455098919930961 ], [ 6.649455473603123, 53.455327916643427 ], [ 6.65014760580312, 53.455637406685206 ], [ 6.65052411990735, 53.45560248742165 ], [ 6.650672854751899, 53.455364412517184 ], [ 6.650782798564526, 53.455598966198316 ], [ 6.651119527954535, 53.455732453450238 ], [ 6.651618041793393, 53.455406428093461 ], [ 6.651892941743253, 53.455625602707563 ], [ 6.652761129846925, 53.455673097331804 ], [ 6.653326219867026, 53.455990705652958 ], [ 6.654314560140014, 53.456067229211982 ], [ 6.654714938301549, 53.455925081736325 ], [ 6.655503761082644, 53.456311476782751 ], [ 6.656218328249969, 53.456386734358134 ], [ 6.656609102797539, 53.456682406142221 ], [ 6.657446816830844, 53.45682908994786 ], [ 6.657817052834884, 53.456663840177789 ], [ 6.660338921342119, 53.457305057551238 ], [ 6.661115211468871, 53.457204082898414 ], [ 6.661340304000135, 53.4568992447185 ], [ 6.662185573068099, 53.457439838326152 ], [ 6.663104810980919, 53.457580976848384 ], [ 6.663580536616644, 53.458011332631983 ], [ 6.66472832481776, 53.45813091381283 ], [ 6.665655521288966, 53.457665758572851 ], [ 6.666231572859745, 53.457842791927114 ], [ 6.666222198704923, 53.45818234769024 ], [ 6.666414426612534, 53.458260752976287 ], [ 6.66681710441584, 53.45821954117573 ], [ 6.667151437760269, 53.457886543908529 ], [ 6.667155560731973, 53.458205670003125 ], [ 6.667468044473901, 53.458713895158951 ], [ 6.668351035210947, 53.458575309928769 ], [ 6.668370505911314, 53.458336942155363 ], [ 6.668681570297442, 53.458248467598601 ], [ 6.66882917961364, 53.45760910258258 ], [ 6.66928295858875, 53.457798989151264 ], [ 6.66975207376286, 53.457701878019925 ], [ 6.670191974809933, 53.457843409892085 ], [ 6.670408695537907, 53.458405066483586 ], [ 6.670937768814013, 53.45849769963101 ], [ 6.671362885093303, 53.458351699476708 ], [ 6.67115855389717, 53.459387910459142 ], [ 6.671481539975033, 53.459510873841495 ], [ 6.67166420003252, 53.459443046167728 ], [ 6.672043006747275, 53.458798058151835 ], [ 6.672980786108192, 53.458296793079214 ], [ 6.67403747547916, 53.458322935785482 ], [ 6.674241532165081, 53.4583841932401 ], [ 6.674059692548329, 53.459728555285068 ], [ 6.676310021864481, 53.460080558161216 ], [ 6.676993862162004, 53.460023140890478 ], [ 6.678147584556712, 53.460299619656688 ], [ 6.678731463400367, 53.460969765143759 ], [ 6.67993029120925, 53.461430221580137 ], [ 6.680741456236097, 53.461522086852682 ], [ 6.682278415298472, 53.461540077112332 ], [ 6.683121406446487, 53.461366801980688 ], [ 6.683387086009225, 53.461587257259069 ], [ 6.684209757856522, 53.461386090481781 ], [ 6.68510470900464, 53.461490984833567 ], [ 6.685835582630736, 53.461413402253775 ], [ 6.686772470838623, 53.461073135201005 ], [ 6.690957511218, 53.461731861828696 ], [ 6.692596113565545, 53.461785836736404 ], [ 6.692704473239678, 53.461610539489349 ], [ 6.695788307435847, 53.462098833880852 ], [ 6.740404865257338, 53.465895516528754 ], [ 6.744963476270733, 53.466103380774946 ], [ 6.749516746973479, 53.466042695985408 ], [ 6.754668870508751, 53.465596507929384 ], [ 6.75855069552469, 53.465005520715934 ], [ 6.778782678521653, 53.460846105871205 ], [ 6.780859670130235, 53.460255561725177 ], [ 6.793101107111315, 53.455836679605206 ], [ 6.795580460739059, 53.458379205387125 ], [ 6.796049421435693, 53.458524580761463 ], [ 6.796133727318205, 53.458408156311918 ], [ 6.795969876531475, 53.458020109279339 ], [ 6.794748738526707, 53.456792748599625 ], [ 6.794435524859343, 53.456271616194556 ], [ 6.79506618282984, 53.456104156901091 ], [ 6.79614101075059, 53.455384453051089 ], [ 6.798309730285446, 53.455094332911699 ], [ 6.813324546669675, 53.463306406676885 ], [ 6.814695934133247, 53.463254615515631 ], [ 6.82891066552121, 53.459754039573546 ], [ 6.830139632990385, 53.459859200807962 ], [ 6.831538245997307, 53.461931000774001 ], [ 6.832165330401734, 53.46235727660774 ], [ 6.833389120708258, 53.462672180877448 ], [ 6.834749421261269, 53.462600166556257 ], [ 6.835091702096123, 53.462456388418651 ], [ 6.835035892647156, 53.462093083086295 ], [ 6.833251448887825, 53.462055786326843 ], [ 6.832360831958185, 53.461679954443227 ], [ 6.830911391049314, 53.45964787667527 ], [ 6.831303168401608, 53.459166488199259 ], [ 6.833022561169727, 53.458696729748681 ], [ 6.833605641226241, 53.45835773312411 ], [ 6.833897890616622, 53.458025704461477 ], [ 6.834442295619057, 53.45674495997735 ], [ 6.834589885916699, 53.456259941438681 ], [ 6.834403842016862, 53.456064511429119 ], [ 6.833892634007086, 53.455993023684549 ], [ 6.832719585860448, 53.456204535405504 ], [ 6.832559999021407, 53.455975778512332 ], [ 6.832036318730238, 53.455943276142584 ], [ 6.831604287103218, 53.456034664820457 ], [ 6.831539755835143, 53.456414717369107 ], [ 6.827394206746387, 53.457040796209931 ], [ 6.826912568825768, 53.457302086228587 ], [ 6.824532718567129, 53.457672240398082 ], [ 6.824058745073426, 53.456586605778057 ], [ 6.824327504386945, 53.456340272268278 ], [ 6.83451587561758, 53.454695695609949 ], [ 6.834417306993172, 53.454242180928503 ], [ 6.834586089380666, 53.454088779693642 ], [ 6.834196503123303, 53.45319141684184 ], [ 6.832974824653323, 53.451337541222657 ], [ 6.832587616199878, 53.45118113283705 ], [ 6.832193170453851, 53.450637932592564 ], [ 6.814767445635112, 53.45339868171088 ], [ 6.813981181072185, 53.453264945540887 ], [ 6.813726736005956, 53.453005915536139 ], [ 6.813667321367473, 53.452871208937175 ], [ 6.814591574558375, 53.452756373884981 ], [ 6.814556780387328, 53.452438166875979 ], [ 6.813533836628689, 53.452568569341359 ], [ 6.812883540558377, 53.451094052587074 ], [ 6.813564558876905, 53.450941786556015 ], [ 6.813617088759965, 53.450794669160487 ], [ 6.829501206970442, 53.448237176845737 ], [ 6.829273327036128, 53.447679605195681 ], [ 6.82938956334745, 53.447454348714281 ], [ 6.828513465286017, 53.445748491400074 ], [ 6.819857681240491, 53.447030953565509 ], [ 6.81913219833744, 53.445528004754991 ], [ 6.819404729373558, 53.445424955872539 ], [ 6.819188419280692, 53.445030571071108 ], [ 6.819560697697304, 53.444864729811485 ], [ 6.824260201929904, 53.444381354049916 ], [ 6.833485556244087, 53.443008009632329 ], [ 6.8349125149627, 53.44309821385329 ], [ 6.836586499724988, 53.443586769340847 ], [ 6.837279817180969, 53.443631822989687 ], [ 6.841273970507314, 53.443009536536451 ], [ 6.841531529625502, 53.443293786491871 ], [ 6.842090977336446, 53.443203357224398 ], [ 6.842113318426769, 53.443006450475814 ], [ 6.84779892307206, 53.442132903015967 ], [ 6.847970060993934, 53.442436140692735 ], [ 6.848255844925947, 53.442509350304682 ], [ 6.853295412638579, 53.441730640437967 ], [ 6.853967701041506, 53.441911894354448 ], [ 6.855428810194445, 53.441745977743494 ], [ 6.856250266452401, 53.443608978738041 ], [ 6.847156272304328, 53.444980483214394 ], [ 6.847094942087486, 53.445159797873849 ], [ 6.839198328405605, 53.446412488694691 ], [ 6.838622783336824, 53.446580240617173 ], [ 6.838188995488382, 53.446930950879683 ], [ 6.838161111531978, 53.447537592528057 ], [ 6.842484487105748, 53.457238151928443 ], [ 6.842530931457407, 53.458009897328061 ], [ 6.842307654171942, 53.458697319073543 ], [ 6.84089606132336, 53.460210253371791 ], [ 6.841049752408463, 53.460522102071117 ], [ 6.841561014701372, 53.460500960023964 ], [ 6.842804652530596, 53.459301882412255 ], [ 6.843188375339938, 53.458637831257313 ], [ 6.843357173985105, 53.457774838851584 ], [ 6.842997994032644, 53.456275321481286 ], [ 6.856068134848567, 53.453061021221643 ], [ 6.861392092536229, 53.451418356703613 ], [ 6.863333587770255, 53.450652620575767 ], [ 6.868462914432242, 53.448111687378741 ], [ 6.876523457644482, 53.443422361026819 ], [ 6.877422272063217, 53.443366682672412 ], [ 6.878672603071167, 53.444059596970348 ], [ 6.879678697123047, 53.444311181917243 ], [ 6.881924878958735, 53.444448272225507 ], [ 6.881940892859248, 53.444307990873625 ], [ 6.881710535022071, 53.444196919906467 ], [ 6.880487437117499, 53.444185427474054 ], [ 6.879049176676134, 53.44389179114998 ], [ 6.877536102371021, 53.443085813428375 ], [ 6.877791102284813, 53.442599668014019 ], [ 6.879637791476133, 53.441547533652106 ], [ 6.880557151747038, 53.44221919021313 ], [ 6.881333115099101, 53.441897389127782 ], [ 6.884106496266771, 53.443736358014753 ], [ 6.884532865282388, 53.443605070865743 ], [ 6.884495173153381, 53.44340560380666 ], [ 6.884200367492133, 53.443354146445131 ], [ 6.881510861477342, 53.441665055378103 ], [ 6.881204592447904, 53.441292954671226 ], [ 6.880545670304151, 53.441026105041104 ], [ 6.881498444953226, 53.440410569929107 ], [ 6.882817206442891, 53.441261723943853 ], [ 6.883326505174986, 53.441009340936475 ], [ 6.884117377647788, 53.441490167120364 ], [ 6.884410169093557, 53.441851689424347 ], [ 6.884286568002172, 53.442455114134177 ], [ 6.884506682744775, 53.442490541147009 ], [ 6.884642171468895, 53.442339919399423 ], [ 6.884714270251406, 53.441823000067608 ], [ 6.884515845087282, 53.441487587127483 ], [ 6.882558907981493, 53.439996828875714 ], [ 6.882618529991842, 53.439505097172564 ], [ 6.883128314057476, 53.438776657675433 ], [ 6.883367512270449, 53.43805697121995 ], [ 6.88362134217684, 53.43637979371988 ], [ 6.883493327786751, 53.43595391230172 ], [ 6.883630722432627, 53.435755392570947 ], [ 6.883460891897458, 53.435649447439424 ], [ 6.883546963439355, 53.435457533313581 ], [ 6.883146123371973, 53.435462744416412 ], [ 6.882787398864314, 53.434822758743351 ], [ 6.88212056704637, 53.434234614632224 ], [ 6.884052914483035, 53.433997380675542 ], [ 6.884157529706355, 53.43382865227187 ], [ 6.883906561470171, 53.433727864416483 ], [ 6.882585030387521, 53.433880219700178 ], [ 6.882160241671781, 53.433734987984259 ], [ 6.882421522485179, 53.433464080044992 ], [ 6.883717031138963, 53.433135203255148 ], [ 6.883669813219025, 53.432887432376177 ], [ 6.881618596145074, 53.43331037454216 ], [ 6.875420060633131, 53.421869925628293 ], [ 6.875271741957668, 53.420595293447974 ], [ 6.875585087945499, 53.420556827455435 ], [ 6.875641055446862, 53.420417882295162 ], [ 6.875261070305324, 53.420345013399618 ], [ 6.874300999051663, 53.407912695794096 ], [ 6.877907436888628, 53.405887588860331 ], [ 6.878325343993225, 53.406073554259613 ], [ 6.878358676879422, 53.405935067752651 ], [ 6.878134748084014, 53.405766348896627 ], [ 6.878928069331995, 53.405296339945849 ], [ 6.87941171330353, 53.405419189220254 ], [ 6.879414536429421, 53.405249763628944 ], [ 6.879142129520698, 53.405122898829752 ], [ 6.881699234189304, 53.402681384565945 ], [ 6.884164337724291, 53.403409206865618 ], [ 6.88520789108285, 53.403538306707041 ], [ 6.885142314564524, 53.403349419783879 ], [ 6.88185385039604, 53.402474373165091 ], [ 6.88230455275748, 53.401858357842116 ], [ 6.887259852992229, 53.39716682029411 ], [ 6.888187828452706, 53.395928091444524 ], [ 6.888228072217668, 53.395567949710653 ], [ 6.887740814772069, 53.394970695025648 ], [ 6.885428247402932, 53.393385083045146 ], [ 6.88536073794958, 53.392501101347271 ], [ 6.885771945417981, 53.392233177553003 ], [ 6.887488645782654, 53.392105419885233 ], [ 6.888769163833619, 53.391641176802935 ], [ 6.889498778402365, 53.391077787466699 ], [ 6.890500823353446, 53.389364104373158 ], [ 6.891970651385677, 53.38901233097728 ], [ 6.891813239824163, 53.388837602673533 ], [ 6.890663182802412, 53.389073514124377 ], [ 6.890645793611505, 53.388679073232609 ], [ 6.888884841921414, 53.384204987304003 ], [ 6.888745612301002, 53.383412975369545 ], [ 6.88909827419591, 53.380307362789722 ], [ 6.891711500173598, 53.375829181428557 ], [ 6.894035644177075, 53.375282863276681 ], [ 6.893926644101172, 53.375091278240227 ], [ 6.891875654884257, 53.375538322048371 ], [ 6.891964201736534, 53.375132642747857 ], [ 6.891783469846578, 53.374053640422616 ], [ 6.89322238355026, 53.371440986698062 ], [ 6.894430048411291, 53.370173782992275 ], [ 6.89539625396218, 53.369941665579042 ], [ 6.89570080682044, 53.369665886507029 ], [ 6.897465085707487, 53.369264604970112 ], [ 6.89734685268142, 53.369077391638953 ], [ 6.895670066266875, 53.369409459365961 ], [ 6.895286336841221, 53.368409990516277 ], [ 6.894612119896514, 53.36515544171975 ], [ 6.895066772746048, 53.363511246235198 ], [ 6.896571175241491, 53.361835144208648 ], [ 6.897281389513048, 53.361585276743845 ], [ 6.897162618158656, 53.361418798582406 ], [ 6.89656402990711, 53.361577050532894 ], [ 6.896345988027846, 53.359054695678395 ], [ 6.897082689077412, 53.35722826344346 ], [ 6.897054314898732, 53.356239722501641 ], [ 6.897290147663134, 53.355451601571282 ], [ 6.897713212498154, 53.354534544264872 ], [ 6.898110165549808, 53.354397285808552 ], [ 6.898692366142849, 53.352862466493022 ], [ 6.899717379392426, 53.351809253607385 ], [ 6.899747947096889, 53.351430740618035 ], [ 6.899395259205305, 53.350904247430648 ], [ 6.900325290002616, 53.350186272097666 ], [ 6.902192760383922, 53.347541658972752 ], [ 6.908034394072951, 53.347381294643377 ], [ 6.908839493456234, 53.347725495729804 ], [ 6.9088743840534, 53.347530764678694 ], [ 6.908529662458177, 53.347348749609075 ], [ 6.913083492135014, 53.344691072857913 ], [ 6.917434518586713, 53.342826340209051 ], [ 6.9184915867505, 53.34305359472085 ], [ 6.918502079198277, 53.342856747650657 ], [ 6.917861053013537, 53.342674669831212 ], [ 6.918492447203382, 53.342519385295112 ], [ 6.920384041609498, 53.341420965463506 ], [ 6.921210042039761, 53.341391962817504 ], [ 6.92120487261976, 53.341188438000827 ], [ 6.920724935132893, 53.341170122011462 ], [ 6.923395181505493, 53.339731575635405 ], [ 6.92371979246052, 53.339727162352894 ], [ 6.923740467459136, 53.339536411035994 ], [ 6.925777576637523, 53.338292420080272 ], [ 6.926759019577043, 53.33831383513995 ], [ 6.926753834423807, 53.338108725151329 ], [ 6.926124820299734, 53.338100355732301 ], [ 6.928848203205132, 53.336314958945479 ], [ 6.929244741209297, 53.336215162858572 ], [ 6.930056733779778, 53.336472947091814 ], [ 6.930091111017804, 53.336251834003946 ], [ 6.929485484001045, 53.33600473146118 ], [ 6.930536328275685, 53.334954780916242 ], [ 6.934490708095344, 53.334443033452914 ], [ 6.935460783789842, 53.335385850748246 ], [ 6.935598322949918, 53.335130013109712 ], [ 6.935013094494724, 53.334381504026233 ], [ 6.936521911316006, 53.334118463647911 ], [ 6.937143483483085, 53.334852710876383 ], [ 6.937365427947141, 53.334883303871429 ], [ 6.93744299422073, 53.334698002714035 ], [ 6.936812499523204, 53.333834467816118 ], [ 6.938013316956392, 53.332598675775849 ], [ 6.94439519824646, 53.329756102456635 ], [ 6.944483945583614, 53.329413842294606 ], [ 6.943618860422526, 53.327363549309418 ], [ 6.946549791798, 53.326257204975448 ], [ 6.947121321448893, 53.326451157748281 ], [ 6.947170355364867, 53.326263259884485 ], [ 6.946914664062521, 53.326138650370254 ], [ 6.953122086136993, 53.324643999130863 ], [ 6.953532186219367, 53.324867920913597 ], [ 6.95365655197747, 53.324699383455119 ], [ 6.953417439149063, 53.324524674874141 ], [ 6.955047693259836, 53.324145715143473 ], [ 6.957844423907049, 53.323812547567243 ], [ 6.957985759019692, 53.323970355637734 ], [ 6.958931027173914, 53.323650615749187 ], [ 6.970231290041462, 53.321885285615977 ], [ 6.970483897095821, 53.322055883426501 ], [ 6.970540299291039, 53.321811994646346 ], [ 6.984189877666642, 53.318267721575047 ], [ 6.984802907969806, 53.318574057486124 ], [ 6.984976592120363, 53.318190578847194 ], [ 6.987006782315553, 53.317649430496168 ], [ 6.995010158793753, 53.316860440539664 ], [ 7.002506392897075, 53.317021995406961 ], [ 7.004686213506615, 53.317275882573483 ], [ 7.005137656429075, 53.31711776528045 ], [ 7.005171747747535, 53.3168318271942 ], [ 7.004586170892631, 53.316338414987264 ], [ 7.003811747472301, 53.316067832052411 ], [ 6.99981967248995, 53.315575046174388 ], [ 6.996278811735155, 53.315455024890909 ], [ 6.991425988838727, 53.315722195438603 ], [ 6.986921948494185, 53.316448812938454 ], [ 6.980727028663163, 53.317928650553476 ], [ 6.970349278425688, 53.320704007106485 ], [ 6.954976857127295, 53.323102903422836 ], [ 6.952137078286708, 53.32320016454338 ], [ 6.946050593721023, 53.324767591034998 ], [ 6.942615562887924, 53.326538528280537 ], [ 6.940980130297969, 53.328016734316947 ], [ 6.940281070934791, 53.328283049124892 ], [ 6.939632844898945, 53.328081610274687 ], [ 6.934289051781917, 53.332961739903503 ], [ 6.931401231233887, 53.332146025542002 ], [ 6.932592743974203, 53.330991419491745 ], [ 6.931196213915582, 53.328702025584896 ], [ 6.930997900480569, 53.328879654740071 ], [ 6.932254311619517, 53.330963591445347 ], [ 6.931149653765726, 53.331979302512735 ], [ 6.929231245279751, 53.328930929267507 ], [ 6.928751845865623, 53.328977629770229 ], [ 6.928253795049918, 53.327763212881912 ], [ 6.929844439919155, 53.327398355104272 ], [ 6.929988890646446, 53.327106718249119 ], [ 6.930470108872115, 53.327268340889461 ], [ 6.930876830328041, 53.326929509394645 ], [ 6.93077760356031, 53.326668503399119 ], [ 6.931829575880514, 53.326323587041195 ], [ 6.933899653882447, 53.326333162504682 ], [ 6.934357475882966, 53.326673844648724 ], [ 6.935953291889568, 53.32652275548687 ], [ 6.935957685004629, 53.326018125401397 ], [ 6.937294766840298, 53.325994161236373 ], [ 6.938090024558358, 53.325802574826369 ], [ 6.938333109126684, 53.325912548862526 ], [ 6.941954177205281, 53.324614095569885 ], [ 6.942411858045871, 53.324142860124688 ], [ 6.942532024141107, 53.323466297761406 ], [ 6.942321607962557, 53.323089884440705 ], [ 6.94047887034055, 53.321241948624397 ], [ 6.941004661817617, 53.321027988742721 ], [ 6.940801508167865, 53.320702140209328 ], [ 6.941188503729273, 53.321069437591383 ], [ 6.941545583497375, 53.32096899764138 ], [ 6.942324709929724, 53.321516644872538 ], [ 6.944211979434253, 53.323206764438453 ], [ 6.945828109130522, 53.323553716100413 ], [ 6.948650821754008, 53.32252052280662 ], [ 6.950122350751712, 53.322173691998842 ], [ 6.952432687220149, 53.322122706606031 ], [ 6.952722258417984, 53.321947284921308 ], [ 6.953484566205008, 53.321956897909416 ], [ 6.958717388491179, 53.320891204729371 ], [ 6.961719672735526, 53.320434020591328 ], [ 6.963927561593859, 53.320299066912959 ], [ 6.964089392501802, 53.319350325961032 ], [ 6.965983259305576, 53.319378873136081 ], [ 6.965980228652331, 53.319485060594033 ], [ 6.964499796989538, 53.319466365590557 ], [ 6.96450415333933, 53.319696759582129 ], [ 6.967958699965834, 53.319747325808613 ], [ 6.967971339238146, 53.319522551070605 ], [ 6.96625895907873, 53.319382202140915 ], [ 6.969367037820718, 53.319405869937576 ], [ 6.975500979955641, 53.317868230649708 ], [ 6.978507700927594, 53.316769394377189 ], [ 6.982138630309271, 53.315849700685668 ], [ 6.985808616040019, 53.315219733687563 ], [ 6.992125692383032, 53.313466233181757 ], [ 7.000313257712642, 53.311447483928049 ], [ 7.000508095297307, 53.311354718156785 ], [ 7.000451548599536, 53.311153853999791 ], [ 6.996161530781871, 53.312248179162808 ], [ 6.995181729298018, 53.31194758841378 ], [ 6.997258895171536, 53.31172221911411 ], [ 6.998950185447724, 53.31089631041776 ], [ 6.999746934129874, 53.310997376512489 ], [ 6.999855682981236, 53.31076919740449 ], [ 6.999390016772615, 53.310611358756681 ], [ 7.000604743222345, 53.309538741572517 ], [ 7.002818596342514, 53.31062954242028 ], [ 7.003000592162097, 53.31059635684408 ], [ 7.010630539525398, 53.313889285888955 ], [ 7.010221227606346, 53.314484790010823 ], [ 7.01000982142927, 53.314430088101389 ], [ 7.009626218296837, 53.314629243627039 ], [ 7.00951935547059, 53.315100920742047 ], [ 7.009014070117776, 53.315450576415259 ], [ 7.009125381514036, 53.315677795939457 ], [ 7.010161828426217, 53.31591206035452 ], [ 7.01060863020873, 53.315625229161739 ], [ 7.012688173004092, 53.312245027479449 ], [ 7.013014117723387, 53.311240757527081 ], [ 7.012830115475459, 53.310346449539345 ], [ 7.012646157890628, 53.310299233079661 ], [ 7.009913110238588, 53.306528268379267 ], [ 7.010085638201349, 53.306273629145998 ], [ 7.020020814665362, 53.303873282311883 ], [ 7.026157313273765, 53.302604476829508 ], [ 7.030183816257613, 53.302574610316185 ], [ 7.03152022042409, 53.302807407208768 ], [ 7.035700878194585, 53.304240177321411 ], [ 7.037999455887915, 53.304820435489603 ], [ 7.038599573499206, 53.30562254488521 ], [ 7.039069989521993, 53.306701490553571 ], [ 7.039145364935658, 53.308150122928694 ], [ 7.038928181351806, 53.308818599638762 ], [ 7.039095047048902, 53.308955443660125 ], [ 7.039376851930551, 53.308514038545013 ], [ 7.039467711390512, 53.307772578515603 ], [ 7.039386580856348, 53.306734208933371 ], [ 7.039160003758822, 53.306058259730705 ], [ 7.038052268616075, 53.304477443908389 ], [ 7.03663037228926, 53.303714633141013 ], [ 7.036877568328191, 53.303486364520055 ], [ 7.036764744598989, 53.303247065661552 ], [ 7.037036417413617, 53.303418291605468 ], [ 7.03723327856078, 53.30336165455639 ], [ 7.037674670874009, 53.303769894670779 ], [ 7.037883335922309, 53.303729974446178 ], [ 7.038094623711485, 53.303446963189579 ], [ 7.038800282334238, 53.303091881860681 ], [ 7.038728755535103, 53.302707453454545 ], [ 7.038871524853645, 53.302676731616444 ], [ 7.039041870506625, 53.303104594633844 ], [ 7.038301300114982, 53.303566323939322 ], [ 7.038211481352043, 53.303821674898018 ], [ 7.039189856454065, 53.305609117002106 ], [ 7.039658959968045, 53.306808399822671 ], [ 7.039686182548244, 53.307833174923516 ], [ 7.039502813837036, 53.308790381012621 ], [ 7.03970129322964, 53.308903705976348 ], [ 7.039980795893653, 53.307938028771609 ], [ 7.039973525151397, 53.306817961145079 ], [ 7.038579371395486, 53.303748670784152 ], [ 7.039406872824904, 53.303231177269183 ], [ 7.039446779727641, 53.302924263460618 ], [ 7.039188479456623, 53.302523096836055 ], [ 7.044814998395874, 53.301445088265552 ], [ 7.046435942297034, 53.30062217030823 ], [ 7.046618200630612, 53.300373807694278 ], [ 7.046563667012592, 53.299931207805642 ], [ 7.047512208725037, 53.299666960695518 ], [ 7.068188654572862, 53.299857017254539 ], [ 7.069472783321482, 53.300185577773391 ], [ 7.069406730791965, 53.300676576667854 ], [ 7.0695219529082, 53.300793511903343 ], [ 7.069675497139531, 53.300721131204917 ], [ 7.069800818580447, 53.300277910832591 ], [ 7.074866856702418, 53.300221648438722 ], [ 7.074719553220917, 53.300702711482899 ], [ 7.074980465288442, 53.300928370853143 ], [ 7.075269018265923, 53.300302212280691 ], [ 7.076358947864509, 53.300306098016819 ], [ 7.076721164788689, 53.300390051232604 ], [ 7.07856767810913, 53.302041113069535 ], [ 7.078634802969182, 53.302257128417125 ], [ 7.078093933192147, 53.302501499408251 ], [ 7.078113925940077, 53.3026837698064 ], [ 7.078723648907764, 53.302515461569023 ], [ 7.079543771731584, 53.303210320125736 ], [ 7.080800505474006, 53.303857176167014 ], [ 7.080746230860932, 53.304103231719019 ], [ 7.078621336634614, 53.3035143504082 ], [ 7.075358293604455, 53.300894136148123 ], [ 7.07517200252304, 53.300928861330007 ], [ 7.075128323916325, 53.301109474003709 ], [ 7.077777304972042, 53.303322594459672 ], [ 7.078534701742789, 53.303786419914942 ], [ 7.081068474749039, 53.304463163701222 ], [ 7.08120556629108, 53.304304251841288 ], [ 7.081025679098103, 53.304160897890114 ], [ 7.081121835572832, 53.30390055953216 ], [ 7.081366625054411, 53.30498028237696 ], [ 7.081315461266831, 53.305148970212301 ], [ 7.081627257169574, 53.3057357858386 ], [ 7.081927373648372, 53.305614395732761 ], [ 7.081560689453238, 53.303968823057637 ], [ 7.081979337995818, 53.304009026860584 ], [ 7.082146965227592, 53.303801960770457 ], [ 7.081990701511184, 53.302846188202871 ], [ 7.081549916515211, 53.302853684622356 ], [ 7.081164428832108, 53.302642412376066 ], [ 7.081154684598526, 53.302051849381613 ], [ 7.0813339390847, 53.301845066861922 ], [ 7.082601538422354, 53.30176590362526 ], [ 7.082854330738065, 53.301909615581849 ], [ 7.083103491950752, 53.302542449623893 ], [ 7.082238530548065, 53.302862147306229 ], [ 7.082210552474247, 53.303238828654273 ], [ 7.082410172572637, 53.303519492020975 ], [ 7.082227922383725, 53.304019345764416 ], [ 7.084506851518809, 53.304221278139799 ], [ 7.084435569135125, 53.304955421661163 ], [ 7.086621708058418, 53.306989908100256 ], [ 7.086855597268648, 53.306944370873886 ], [ 7.08685014344041, 53.306773024896749 ], [ 7.084732771315206, 53.30485584391073 ], [ 7.084815706471456, 53.304226090792028 ], [ 7.086244069190593, 53.304258308222863 ], [ 7.087576897400189, 53.304549445204948 ], [ 7.088674377766657, 53.304952357275354 ], [ 7.088608436431707, 53.30509462813329 ], [ 7.087371856409167, 53.304924459265976 ], [ 7.087335195722119, 53.305178606642613 ], [ 7.089963802893491, 53.305626315595923 ], [ 7.091152417402663, 53.306005085384328 ], [ 7.091965273708323, 53.306831446780194 ], [ 7.091777683159902, 53.307246170005648 ], [ 7.093003627939944, 53.308632407389311 ], [ 7.093970166938291, 53.309128674077947 ], [ 7.094165525238417, 53.309058076726693 ], [ 7.094132061105109, 53.308892740718505 ], [ 7.093449175442978, 53.308492238712084 ], [ 7.092361783729984, 53.307357731216193 ], [ 7.093219748625545, 53.307600839641992 ], [ 7.093348854801037, 53.307399680330811 ], [ 7.092463648353657, 53.307114291796424 ], [ 7.092330535199668, 53.306834965982802 ], [ 7.093226267269683, 53.30661467917502 ], [ 7.094426579713067, 53.307323601369241 ], [ 7.096451316042288, 53.307928200813095 ], [ 7.097795952829965, 53.308021182027836 ], [ 7.098005317377178, 53.308154234566388 ], [ 7.09656822314385, 53.30812189852449 ], [ 7.094254981535626, 53.307676935392479 ], [ 7.094070677245528, 53.307822639686741 ], [ 7.095126728442269, 53.308163297880739 ], [ 7.097284273100084, 53.308438595622121 ], [ 7.097476657666715, 53.309014107025931 ], [ 7.09792691424533, 53.308927614893044 ], [ 7.097669288186853, 53.308734394286304 ], [ 7.097612946274722, 53.308462664469374 ], [ 7.098047257444749, 53.308424033484911 ], [ 7.098192151636809, 53.308727793934437 ], [ 7.098471582016312, 53.308824538297586 ], [ 7.099334936995481, 53.308501238175182 ], [ 7.099391947970916, 53.308261110005439 ], [ 7.100030585511455, 53.307977055286571 ], [ 7.100195727445719, 53.307276505548977 ], [ 7.100548849787335, 53.307164389971412 ], [ 7.100352181069879, 53.306892225424392 ], [ 7.099707828198885, 53.307090532046878 ], [ 7.099631398134469, 53.307253294298633 ], [ 7.099876503501727, 53.307327105739546 ], [ 7.099828395282069, 53.307557453945321 ], [ 7.099704165092127, 53.307715679288052 ], [ 7.099529231191193, 53.307661576479333 ], [ 7.09904227525299, 53.306838919025395 ], [ 7.098841960048529, 53.305484045837353 ], [ 7.098520119925215, 53.305093096259405 ], [ 7.099421294301865, 53.304665584668875 ], [ 7.099831269319028, 53.304754019138187 ], [ 7.099898985599618, 53.304557944446152 ], [ 7.099427017387163, 53.304386418931003 ], [ 7.098809792149842, 53.303839104242165 ], [ 7.097956252045236, 53.304015655129916 ], [ 7.098042034124792, 53.304186448597889 ], [ 7.098716702139523, 53.304165306747031 ], [ 7.099125724698935, 53.304489144800819 ], [ 7.098267718443566, 53.304911315981386 ], [ 7.097069282295502, 53.304927713017833 ], [ 7.09568861840519, 53.304648128668255 ], [ 7.095527591816705, 53.304345134155646 ], [ 7.094305070264197, 53.303760469173319 ], [ 7.093252922925493, 53.302839923480711 ], [ 7.091681637370538, 53.30199201046171 ], [ 7.090974904665039, 53.301309176598508 ], [ 7.09041112779671, 53.300451368408446 ], [ 7.090470542256273, 53.300241832758445 ], [ 7.09014668264105, 53.300302507190992 ], [ 7.089664141941988, 53.300055319066793 ], [ 7.085501977405359, 53.297618425547761 ], [ 7.084902120939571, 53.297904765299243 ], [ 7.084372645803871, 53.297692850525401 ], [ 7.084173947152186, 53.297192061614048 ], [ 7.084360389819979, 53.296768984426592 ], [ 7.083789440494313, 53.296028277308665 ], [ 7.08309123807489, 53.29388872520444 ], [ 7.082604566279168, 53.291237763572802 ], [ 7.082751503217034, 53.290351078891057 ], [ 7.084239877221338, 53.285464505218407 ], [ 7.085313131099158, 53.283363887381327 ], [ 7.085340075958611, 53.282485761970143 ], [ 7.08476154136299, 53.281299727961063 ], [ 7.082041051431341, 53.279199943210287 ], [ 7.082431883070619, 53.277878101345244 ], [ 7.082180571170463, 53.277959858461045 ], [ 7.081198138930515, 53.277446703813887 ], [ 7.080786438001491, 53.277015213928962 ], [ 7.080487169152883, 53.27640153340689 ], [ 7.080409242439784, 53.275202645790081 ], [ 7.079989930671483, 53.27455483498013 ], [ 7.079588134000931, 53.273470763383379 ], [ 7.079303246351961, 53.27322413022987 ], [ 7.079466786924026, 53.272698686246365 ], [ 7.079379520660016, 53.27217954783098 ], [ 7.078741964438759, 53.27139794754374 ], [ 7.078387916180226, 53.270631035988892 ], [ 7.078319295194542, 53.26973004350193 ], [ 7.078711618916356, 53.268992170188497 ], [ 7.078330874261521, 53.268414624038321 ], [ 7.076780151367077, 53.267172754164044 ], [ 7.078763441248439, 53.266375056989318 ], [ 7.078784779174585, 53.265892029928509 ], [ 7.079039571451288, 53.265524835416343 ], [ 7.080145626947236, 53.264708164705858 ], [ 7.080468483007636, 53.264051465527942 ], [ 7.080920109716384, 53.264310199186795 ], [ 7.08162600350846, 53.263911287368927 ], [ 7.083983142847732, 53.262340372025626 ], [ 7.084236423097093, 53.262078231291596 ], [ 7.08424320783658, 53.2618093947722 ], [ 7.08470040348712, 53.261624899270245 ], [ 7.084662418964029, 53.261407968026347 ], [ 7.085512062409577, 53.261852082258244 ], [ 7.086060782561251, 53.2612705758728 ], [ 7.087624558182443, 53.260362573222743 ], [ 7.092092060921551, 53.258229389288736 ], [ 7.094259648010277, 53.256512523143577 ], [ 7.09519501228828, 53.256039289075176 ], [ 7.095886107653136, 53.256161942894742 ], [ 7.096077499335642, 53.255901063967165 ], [ 7.096361727552722, 53.255861710621232 ], [ 7.097193110498374, 53.256220578083806 ], [ 7.097698043198805, 53.256245498239217 ], [ 7.098903285468873, 53.255240152384395 ], [ 7.099062964988221, 53.254835961427787 ], [ 7.099733672723085, 53.254587678037964 ], [ 7.101029564325377, 53.253761532114119 ], [ 7.102127389044625, 53.253408215059743 ], [ 7.102815575302269, 53.252863455291553 ], [ 7.102712330355033, 53.252671916628977 ], [ 7.103258705883858, 53.252573751156163 ], [ 7.103480646071392, 53.25229835576431 ], [ 7.103992793345873, 53.252677897812113 ], [ 7.104346376819124, 53.252613294185188 ], [ 7.105290914234538, 53.252844003351527 ], [ 7.106658611404544, 53.251993827926064 ], [ 7.107449528167423, 53.252370947013745 ], [ 7.107596810011108, 53.252709390826737 ], [ 7.108220519147898, 53.252778130951526 ], [ 7.108429524449122, 53.252636406903605 ], [ 7.108477903161361, 53.252206683174009 ], [ 7.109685168964527, 53.251548682002252 ], [ 7.110374531566746, 53.251715733906018 ], [ 7.110814287832072, 53.251617497380479 ], [ 7.111119169423278, 53.251118727310832 ], [ 7.111976242581044, 53.25073806059028 ], [ 7.113152955069246, 53.25102849097896 ], [ 7.114906789358413, 53.252250663918019 ], [ 7.115300116495037, 53.252338744552347 ], [ 7.115579434592227, 53.251967469470358 ], [ 7.115464002099117, 53.251233293739169 ], [ 7.11624863163085, 53.251090885204057 ], [ 7.116517053426386, 53.250700356873843 ], [ 7.119342402204437, 53.251288509426608 ], [ 7.120400195515967, 53.250506105219685 ], [ 7.120891704655645, 53.250378872506616 ], [ 7.121173695641566, 53.24984984280492 ], [ 7.121538236432553, 53.250098574169257 ], [ 7.12227612013758, 53.250182279506816 ], [ 7.122533247075436, 53.250355022064646 ], [ 7.124017566438559, 53.250514344653162 ], [ 7.124286199239658, 53.250350993931455 ], [ 7.125034340546144, 53.250383390528228 ], [ 7.126014111184553, 53.250186244762034 ], [ 7.126302249755858, 53.250010508190826 ], [ 7.126556919553703, 53.249448830604059 ], [ 7.126469257033241, 53.2499992493061 ], [ 7.127383637970326, 53.250415109420054 ], [ 7.129695126947555, 53.249909682479476 ], [ 7.13026504694344, 53.24944121700932 ], [ 7.130378754020565, 53.249957248216674 ], [ 7.130611522028295, 53.250144812741688 ], [ 7.131326361491034, 53.250198181333708 ], [ 7.13299371868788, 53.249560499608194 ], [ 7.133209258186853, 53.25016737358736 ], [ 7.134025487922087, 53.250253440957536 ], [ 7.135118706033806, 53.249718130700423 ], [ 7.135454308233109, 53.248548686714976 ], [ 7.135653820993489, 53.248403434371298 ], [ 7.136390428666961, 53.248158613376077 ], [ 7.136571824268557, 53.247929207018053 ], [ 7.136752139184081, 53.247900289544056 ], [ 7.136914396393784, 53.248236832594699 ], [ 7.137663027821056, 53.248237030789788 ], [ 7.138554704702171, 53.247858533311046 ], [ 7.140359780016373, 53.247552743839982 ], [ 7.141504454262734, 53.246514398231952 ], [ 7.143096979269724, 53.245783230224859 ], [ 7.143307541937666, 53.245437727769854 ], [ 7.14327863565603, 53.245826956960443 ], [ 7.143958070954315, 53.246134194697518 ], [ 7.145340289353968, 53.246120023562497 ], [ 7.14647250402429, 53.246456402655745 ], [ 7.14710113514837, 53.246447869090602 ], [ 7.147741619745053, 53.246237438933477 ], [ 7.148941536500296, 53.245505403916965 ], [ 7.149189278135285, 53.244921299776536 ], [ 7.1495763521292, 53.244763854217567 ], [ 7.149716067320945, 53.244344948602077 ], [ 7.149633988636604, 53.244881141257132 ], [ 7.15006518329024, 53.245278427858864 ], [ 7.150628377820023, 53.245348913194313 ], [ 7.151054743728083, 53.245282020568226 ], [ 7.1523328745341, 53.244601098050893 ], [ 7.152696102912842, 53.244670879041344 ], [ 7.15400350902081, 53.244367894234166 ], [ 7.154395985392649, 53.244166640762721 ], [ 7.15467678153784, 53.24373876026047 ], [ 7.155054259586696, 53.243912699344499 ], [ 7.155815376483406, 53.243545323196969 ], [ 7.155988792612051, 53.244965476583729 ], [ 7.157206101305621, 53.245385673150857 ], [ 7.158198646341503, 53.245060872451774 ], [ 7.158596906434569, 53.245116073080844 ], [ 7.158716345664237, 53.245939971922944 ], [ 7.158983058766158, 53.246170017084992 ], [ 7.159493559245144, 53.246172242847017 ], [ 7.159693865581785, 53.245944176882638 ], [ 7.160401531921474, 53.245887762222026 ], [ 7.161262225007095, 53.245571206554033 ], [ 7.161450078155511, 53.245401153037101 ], [ 7.1614733165065, 53.24490534067575 ], [ 7.161545596739315, 53.244750327898579 ], [ 7.161465106349794, 53.245418264204645 ], [ 7.16174491109586, 53.245656639014385 ], [ 7.163161847774129, 53.245470548765844 ], [ 7.163954886422758, 53.245107832726653 ], [ 7.164171027531315, 53.244840962292145 ], [ 7.164968189108996, 53.244715338621511 ], [ 7.165632955176616, 53.244329740441401 ], [ 7.166626115227688, 53.244047684280844 ], [ 7.167707670325507, 53.243425996321385 ], [ 7.167732469919185, 53.243020684720044 ], [ 7.168007121047399, 53.24258095411286 ], [ 7.168086112008383, 53.242789795252783 ], [ 7.168519018820901, 53.242935566998526 ], [ 7.170424777392423, 53.242780563111317 ], [ 7.170713858247813, 53.242194600363597 ], [ 7.171597339003481, 53.241984540306241 ], [ 7.171792333245588, 53.241823885878738 ], [ 7.171782821964701, 53.241541047181236 ], [ 7.172383586297014, 53.241534437554641 ], [ 7.172569705254908, 53.240311244045422 ], [ 7.172893541425436, 53.240623473762376 ], [ 7.173127256024047, 53.240577294340717 ], [ 7.17324442766071, 53.240335742482834 ], [ 7.17363719815557, 53.239032690662206 ], [ 7.173752300599663, 53.237931280560382 ], [ 7.173553690515377, 53.236726077020748 ], [ 7.173205809454967, 53.236087376874174 ], [ 7.17282397233875, 53.235874367698131 ], [ 7.172363029126609, 53.235287313757006 ], [ 7.172402672731425, 53.235024845125984 ], [ 7.173870351598219, 53.236409151412829 ], [ 7.174182902656658, 53.237366686620483 ], [ 7.174178549403472, 53.238632098553339 ], [ 7.173547712712312, 53.241542001417265 ], [ 7.173951685183826, 53.241553851250146 ], [ 7.174225926879425, 53.241315327384726 ], [ 7.175221688461858, 53.241250068580065 ], [ 7.175465714654273, 53.240894193781223 ], [ 7.176572959057897, 53.240589729758852 ], [ 7.177142415383244, 53.238817373853927 ], [ 7.176549725677318, 53.241128805700114 ], [ 7.177195438102626, 53.241385017704559 ], [ 7.178519151450389, 53.241013317326811 ], [ 7.179786553863057, 53.240214463170531 ], [ 7.181005256637195, 53.240048571690451 ], [ 7.181453974879811, 53.239642581964112 ], [ 7.181914490841796, 53.239801559926342 ], [ 7.182173288159388, 53.239479345630606 ], [ 7.18251748425901, 53.239503975145013 ], [ 7.182701847896872, 53.239100483792249 ], [ 7.18328337755762, 53.239216705153446 ], [ 7.183558117006139, 53.238106863879359 ], [ 7.183332623677578, 53.239226265301305 ], [ 7.18322387002555, 53.239380185049285 ], [ 7.183494457001275, 53.239573169378602 ], [ 7.18343104867577, 53.239902553866422 ], [ 7.183875674764924, 53.23998835454735 ], [ 7.184268298025464, 53.239865127436893 ], [ 7.184369700437797, 53.239570753987763 ], [ 7.186156075783866, 53.238940121444351 ], [ 7.1864172937887, 53.238556223718717 ], [ 7.187065831588884, 53.2387492013006 ], [ 7.187034639104738, 53.239018618509107 ], [ 7.187494701196715, 53.239225536539628 ], [ 7.188790665703254, 53.238691040943053 ], [ 7.188784118809298, 53.238469129967278 ], [ 7.189131548529538, 53.238170992184024 ], [ 7.189640525264446, 53.238057800207969 ], [ 7.189744542192783, 53.237874233160369 ], [ 7.189729203978849, 53.238259755173836 ], [ 7.18986197390887, 53.238372727544863 ], [ 7.191604231521378, 53.238387445939672 ], [ 7.19301452205992, 53.238052646035591 ], [ 7.193109928991063, 53.237865626408976 ], [ 7.194571265150897, 53.238124324980099 ], [ 7.195689561893975, 53.237836511394732 ], [ 7.195911156590924, 53.237498698994649 ], [ 7.19646558253124, 53.237737147970172 ], [ 7.201757798821854, 53.236985949843131 ], [ 7.202082860545811, 53.236813678160175 ], [ 7.202065988606696, 53.236399396059504 ], [ 7.202255843751328, 53.236229397238318 ], [ 7.202233028530851, 53.236521354891643 ], [ 7.202480149001009, 53.236855409784191 ], [ 7.204892733561696, 53.236816914566859 ], [ 7.20520007369763, 53.236666177794852 ], [ 7.205865680042228, 53.235841678564512 ], [ 7.20588648452286, 53.235589827385461 ], [ 7.206160871731811, 53.235415505851456 ], [ 7.207104151033644, 53.232482983821747 ], [ 7.207698403785019, 53.232531489686899 ], [ 7.207982466297748, 53.2320828195259 ], [ 7.207963390497548, 53.232487091188176 ], [ 7.208154043449326, 53.232561310778308 ], [ 7.20841644265447, 53.231887184449469 ], [ 7.208902609687436, 53.231907194060128 ], [ 7.208811522035145, 53.232195305154093 ], [ 7.209056864183242, 53.232298557453205 ], [ 7.209018394607279, 53.232721469442424 ], [ 7.206987696289819, 53.235092176369413 ], [ 7.20694143877953, 53.23545634314646 ], [ 7.20733638617222, 53.235601388751824 ], [ 7.206701599305026, 53.235919422870104 ], [ 7.206477711298132, 53.236834230856587 ], [ 7.207389653248252, 53.237556109828162 ], [ 7.207481236169698, 53.238050676983455 ], [ 7.20800006962825, 53.238437163426255 ], [ 7.207975738734503, 53.239007475162154 ], [ 7.208562249285707, 53.239334568775071 ], [ 7.209878986509727, 53.239503760469262 ], [ 7.212604197313647, 53.228180084370486 ], [ 7.210639875787307, 53.228299319040651 ], [ 7.212016971964036, 53.224566901668616 ], [ 7.216587135059496, 53.216564556237927 ], [ 7.217123187223966, 53.214787369011319 ], [ 7.217732350886483, 53.201024614827688 ], [ 7.217722763296058, 53.197817031145817 ], [ 7.21662048347988, 53.195475451298428 ], [ 7.215510241378889, 53.194603421952309 ], [ 7.212708121612687, 53.193269567718424 ], [ 7.211521332244587, 53.192434214402113 ], [ 7.208207541654364, 53.188516485392796 ], [ 7.227427234899523, 53.180537024127048 ], [ 7.227594354792789, 53.180250447252476 ], [ 7.213299487930027, 53.176980389247234 ], [ 7.208885429100111, 53.176481416589965 ], [ 7.203699559875092, 53.176462074875232 ], [ 7.190988672652339, 53.161791820276775 ], [ 7.190771139748131, 53.161126431139628 ], [ 7.191293035527434, 53.159898673546024 ], [ 7.191273081769522, 53.15953698714064 ], [ 7.189422729341425, 53.157287516191175 ], [ 7.189339108107608, 53.154980639092685 ], [ 7.18968207030048, 53.147902670186149 ], [ 7.185942281594905, 53.144604372550184 ], [ 7.184052490382403, 53.142270791701534 ], [ 7.183546127486266, 53.140562560121332 ], [ 7.183235079524075, 53.140114512077361 ], [ 7.180302245803505, 53.137940229590868 ], [ 7.179032919006376, 53.138439177375687 ], [ 7.179002766549668, 53.138289461477385 ], [ 7.179847249699596, 53.132815492662687 ], [ 7.180609845169471, 53.129087141106325 ], [ 7.181027792228998, 53.127874796494218 ], [ 7.181852337184477, 53.126792538557339 ], [ 7.183696473916931, 53.124956091482645 ], [ 7.184080889588049, 53.125032486773158 ], [ 7.185969893078105, 53.124249742558476 ], [ 7.184910381657822, 53.123211879537429 ], [ 7.183081303761195, 53.121796733714142 ], [ 7.202889497400169, 53.113438599933481 ], [ 7.19932038851306, 53.081390207436989 ], [ 7.213059538156307, 53.010930808128656 ], [ 7.217540964952674, 53.007007832298925 ], [ 7.2162668862673, 53.005928430236459 ], [ 7.216566603763108, 53.005711386272154 ], [ 7.216549624059066, 53.005571366502792 ], [ 7.215180323928749, 53.005029603814663 ], [ 7.209643136566688, 53.000443752641324 ], [ 7.181593890378966, 52.941522163906029 ], [ 7.104456471448396, 52.863872936746816 ], [ 7.099652839440667, 52.859919346166286 ], [ 7.098797813357995, 52.859660995612053 ], [ 7.098723041923022, 52.859156414916022 ], [ 7.087381503972655, 52.849859161511198 ], [ 7.089937946399509, 52.844411423263466 ], [ 7.092795011514571, 52.838314039650825 ], [ 7.092830292758446, 52.838238405130177 ], [ 7.092832181187946, 52.838233788115552 ], [ 7.072380265662951, 52.838613887656223 ], [ 7.07218713102482, 52.838503168177283 ], [ 7.072328526612147, 52.838907198837184 ], [ 7.07171937866455, 52.839352239730779 ], [ 7.071952805868372, 52.83994316170368 ], [ 7.072284516603337, 52.845167981417831 ], [ 7.076353064808607, 52.848626948655465 ], [ 7.07648571074575, 52.848959298032824 ], [ 7.076335932433156, 52.850096043385783 ], [ 7.075544001257155, 52.849973968396064 ], [ 7.07003763601851, 52.847888722084065 ], [ 7.069565727507159, 52.847847457178744 ], [ 7.069106674882486, 52.84800695698096 ], [ 7.065961919778458, 52.851731463567241 ], [ 7.064308169069066, 52.851163469206782 ], [ 7.063758906495335, 52.851908598602058 ], [ 7.062772994883349, 52.851563625958356 ], [ 7.060830500172933, 52.853519659021764 ], [ 7.057507078258134, 52.856447301826933 ], [ 7.052364225639932, 52.861573064205032 ], [ 7.05148414052205, 52.861297327388975 ], [ 7.046493742769208, 52.865935053970844 ], [ 7.043541247755256, 52.865332783815958 ], [ 7.04168009199226, 52.869070145677718 ], [ 7.042181640414892, 52.869132461466037 ], [ 7.042243372687262, 52.869265416576042 ], [ 7.040290953671927, 52.872990387049818 ], [ 7.01499381394044, 52.873085919404836 ], [ 7.0456455826381, 52.915975451878857 ], [ 7.026144014864276, 52.91925676127012 ], [ 7.021570242409188, 52.921529236861616 ], [ 7.01603477605708, 52.924655746869036 ], [ 6.936664334227241, 52.992843961112101 ], [ 6.853319385828853, 53.046090192812315 ], [ 6.751957924848861, 53.110455141640998 ], [ 6.752019179695432, 53.110747026484219 ], [ 6.751662559031963, 53.11083320506134 ], [ 6.751409033575643, 53.111519724766751 ], [ 6.749110544482036, 53.111677473205013 ], [ 6.747862547768827, 53.113561100532024 ], [ 6.743827876861378, 53.115822830365552 ], [ 6.743306256794154, 53.116653419087982 ], [ 6.742414185689832, 53.116477374006607 ], [ 6.737485421589223, 53.119555602003118 ], [ 6.721099900877854, 53.120284937964044 ], [ 6.712766937801242, 53.120505716503331 ], [ 6.711472118705473, 53.120318818425218 ], [ 6.709872708989234, 53.120354242151556 ], [ 6.695351353949407, 53.121274795763753 ], [ 6.681192705078626, 53.118569614104523 ], [ 6.675384060453682, 53.117748464538437 ], [ 6.673626357623792, 53.117118683303644 ], [ 6.673439526611096, 53.117227369310307 ], [ 6.670581418321096, 53.116614065516814 ], [ 6.67050751723745, 53.116484973312488 ], [ 6.670685822290428, 53.116299497112777 ], [ 6.665121082490876, 53.114975206248452 ], [ 6.665136773916536, 53.114702120974208 ], [ 6.651883515390137, 53.111256147004987 ], [ 6.638050129133608, 53.107151536318902 ], [ 6.637644449635372, 53.1072563676138 ], [ 6.637292645582458, 53.106926467331853 ], [ 6.634967974736274, 53.106300396873223 ], [ 6.635090185812676, 53.106579410351152 ], [ 6.635719417352114, 53.10658628978635 ], [ 6.636067700279627, 53.106991287019582 ], [ 6.636080419527273, 53.107243908268266 ], [ 6.635734773691625, 53.107769429546998 ], [ 6.637181962727253, 53.10827156585264 ], [ 6.636938532097267, 53.11032095175235 ], [ 6.635339066164403, 53.111227556330341 ], [ 6.635210190313993, 53.111472790867317 ], [ 6.635680399418182, 53.112018259828986 ], [ 6.63587066316102, 53.112520001339306 ], [ 6.636491337076037, 53.112576245916159 ], [ 6.636678608440842, 53.112901009792616 ], [ 6.636002541818558, 53.113445480584168 ], [ 6.634215926769552, 53.113916027757647 ], [ 6.633666130338132, 53.114442915883401 ], [ 6.63133871004264, 53.114532130831464 ], [ 6.629854781620877, 53.114780538759561 ], [ 6.629144814567975, 53.11550469487328 ], [ 6.628124407984608, 53.115721859812069 ], [ 6.628471782707818, 53.116242860728384 ], [ 6.628496401508686, 53.116559561838422 ], [ 6.627722823391562, 53.116990094113881 ], [ 6.629038547217348, 53.117613247203757 ], [ 6.629653019981635, 53.118427977995026 ], [ 6.630734395373343, 53.118892503033841 ], [ 6.63093277591332, 53.119062393726878 ], [ 6.630914146684579, 53.119266083752727 ], [ 6.62939898744358, 53.119937642440945 ], [ 6.62893136430647, 53.119551448787512 ], [ 6.628707795784382, 53.119574419184957 ], [ 6.628143374048679, 53.12066782661428 ], [ 6.627551220938077, 53.121203524864349 ], [ 6.628064975723508, 53.121772868354419 ], [ 6.627708919407428, 53.122784960349222 ], [ 6.626524462715785, 53.123345181118907 ], [ 6.626088750126793, 53.123839187975413 ], [ 6.625054110753703, 53.124078080316892 ], [ 6.624301387664738, 53.124727974134345 ], [ 6.623145366745996, 53.125250928390045 ], [ 6.62197303030608, 53.126267227907462 ], [ 6.621742798698181, 53.127138564771307 ], [ 6.62138419355884, 53.127668146878442 ], [ 6.621352237931934, 53.12847245564285 ], [ 6.619409700172053, 53.129597015512665 ], [ 6.618729565695163, 53.130424059865604 ], [ 6.618677366073498, 53.130695323554207 ], [ 6.61914043970989, 53.131430519638606 ], [ 6.619083184559773, 53.131629623602727 ], [ 6.618336914525728, 53.132011126087015 ], [ 6.617197709409647, 53.132204393395327 ], [ 6.616981634681992, 53.132828880525963 ], [ 6.616554173777774, 53.133078877156407 ], [ 6.614237661622298, 53.132640602367559 ], [ 6.613710453714822, 53.132769047043048 ], [ 6.613787712437092, 53.133737963219758 ], [ 6.613900042552787, 53.134071346765516 ], [ 6.614299927634434, 53.134383642858502 ], [ 6.614463089400465, 53.135634904361119 ], [ 6.610820298663954, 53.13799749235681 ], [ 6.61026843828466, 53.137986416379832 ], [ 6.607478857361394, 53.139341054891091 ], [ 6.606578547817596, 53.139395964483043 ], [ 6.600023448557835, 53.144815620069032 ], [ 6.597292044706379, 53.144115397974609 ], [ 6.595974233538692, 53.144396465677332 ], [ 6.596216902357619, 53.145266764145525 ], [ 6.595700669905381, 53.145578490825777 ], [ 6.590542473225513, 53.145046881411133 ], [ 6.58947696889762, 53.145119569425646 ], [ 6.588028275867118, 53.145514525115821 ], [ 6.587855305967757, 53.145766790081581 ], [ 6.588006050364312, 53.146926283428336 ], [ 6.587838689079339, 53.147832811016158 ], [ 6.587323287020249, 53.149332666609496 ], [ 6.586302446665385, 53.150717045993595 ], [ 6.586253907589756, 53.151174562965842 ], [ 6.585827683489727, 53.15193593566007 ], [ 6.586108615328389, 53.152226911890601 ], [ 6.584821579996355, 53.153597839944041 ], [ 6.584628539835042, 53.153583087082147 ], [ 6.584596575471356, 53.154159238817805 ], [ 6.587186058493391, 53.155990712107588 ], [ 6.587183888961454, 53.156258497095358 ], [ 6.586955480717401, 53.156575884934185 ], [ 6.585621847852241, 53.157044493640711 ], [ 6.58486049012574, 53.15772789873877 ], [ 6.583640296162804, 53.157945583330431 ], [ 6.583338263571036, 53.159536824993054 ], [ 6.581794647174504, 53.161282003404736 ], [ 6.58210162573323, 53.162143332439946 ], [ 6.581778177826445, 53.162310352134313 ], [ 6.580835371522554, 53.16229373601908 ], [ 6.581430539705214, 53.162873289738734 ], [ 6.581578370206287, 53.163661555369991 ], [ 6.563734114807309, 53.157759312093312 ], [ 6.563253139927511, 53.158759019540312 ], [ 6.562950269806096, 53.160244729835618 ], [ 6.561225230192327, 53.16443418541472 ], [ 6.559579106400354, 53.169162555107789 ], [ 6.556388005831761, 53.172642017221534 ], [ 6.554213938332812, 53.175356192183628 ], [ 6.553593553178875, 53.175248317577122 ], [ 6.548256224227596, 53.181171033057929 ], [ 6.544971608942631, 53.179876073734896 ], [ 6.543086052517197, 53.178900935504345 ], [ 6.541804039976348, 53.178716496123755 ], [ 6.541208294016251, 53.179742905709816 ], [ 6.539714009418853, 53.181303141468554 ], [ 6.537927374773545, 53.182486534257187 ], [ 6.535576437992169, 53.183385799487802 ], [ 6.534294755594214, 53.184234683426141 ], [ 6.529625734323334, 53.19512546320788 ], [ 6.530544626323167, 53.195474254741555 ], [ 6.53054881421117, 53.195641553069372 ], [ 6.52731123339028, 53.196062460417174 ], [ 6.527001509870273, 53.195921429142963 ], [ 6.520092863762986, 53.197236191492969 ], [ 6.515900568806018, 53.198207664914257 ], [ 6.515710216296542, 53.198408026391554 ], [ 6.514739136247671, 53.197700464184706 ], [ 6.511913007319754, 53.196244404304856 ], [ 6.513862527924298, 53.194003497610787 ], [ 6.512962247404754, 53.189402787764386 ], [ 6.512677495931298, 53.186158966110071 ], [ 6.510960489565774, 53.18369898205458 ], [ 6.5112498729636, 53.183543435290616 ], [ 6.5123276530726, 53.183719914394111 ], [ 6.51273033289646, 53.183529700622294 ], [ 6.517066603441756, 53.175566102951024 ], [ 6.51819944234296, 53.174183712746704 ], [ 6.521747364106583, 53.175013037468048 ], [ 6.524845460578059, 53.17107855908813 ], [ 6.525073968716573, 53.170386960590655 ], [ 6.526012244069197, 53.169559746303271 ], [ 6.530375579324357, 53.172277017004561 ], [ 6.531207247809883, 53.172070695005587 ], [ 6.532107683633404, 53.171416917557359 ], [ 6.533546271581626, 53.171994222621073 ], [ 6.535229710103049, 53.171603496346165 ], [ 6.535097944692525, 53.171314504400335 ], [ 6.535312892772075, 53.171005022549288 ], [ 6.533490311270979, 53.170230417317548 ], [ 6.533498197164852, 53.170000204677969 ], [ 6.533767011413409, 53.169809084777164 ], [ 6.533439528024449, 53.169187187577663 ], [ 6.53369077903399, 53.168717636403073 ], [ 6.53398456881415, 53.168526589277825 ], [ 6.5361692166758, 53.168044039376859 ], [ 6.535633878050991, 53.167466589266752 ], [ 6.535656665968638, 53.166181704249219 ], [ 6.53684564893191, 53.165384932722866 ], [ 6.537304569281925, 53.164912470690986 ], [ 6.537341092075295, 53.164482543723317 ], [ 6.536638934889186, 53.164538122356412 ], [ 6.536256604747302, 53.1643788650345 ], [ 6.536024950836076, 53.164048283186709 ], [ 6.536094739323319, 53.163558097675264 ], [ 6.535918138855724, 53.163210338720027 ], [ 6.536145634084344, 53.162770460816859 ], [ 6.53645778681549, 53.162623440408574 ], [ 6.536337275342143, 53.162373363800576 ], [ 6.535074476271852, 53.161516576190401 ], [ 6.534296679601067, 53.161440636379339 ], [ 6.534027963558849, 53.160913785462625 ], [ 6.534971002271404, 53.159979515696115 ], [ 6.535673587227271, 53.159816565110162 ], [ 6.535903749380746, 53.159527850195246 ], [ 6.535775392346379, 53.159299736793045 ], [ 6.535910297173735, 53.159082444245968 ], [ 6.537716556571738, 53.158391446919943 ], [ 6.537043673311213, 53.157591997812148 ], [ 6.53691761815192, 53.157052283671867 ], [ 6.537653497752977, 53.156006593517411 ], [ 6.537488197511958, 53.155667775522794 ], [ 6.53576478291246, 53.154471297941946 ], [ 6.535032904710214, 53.153020550293235 ], [ 6.534060982600592, 53.152425165538688 ], [ 6.533815807801314, 53.151913663963718 ], [ 6.533991124099725, 53.151473254913228 ], [ 6.534752698120973, 53.150934711950207 ], [ 6.535307394932179, 53.150006637436178 ], [ 6.536622713511762, 53.149365921275965 ], [ 6.537036640306778, 53.149004898093558 ], [ 6.538223950194117, 53.145523477547471 ], [ 6.536860496847879, 53.143638962670224 ], [ 6.536646579652366, 53.142971539509468 ], [ 6.536718014199457, 53.142186524596553 ], [ 6.537274040422189, 53.14130602666161 ], [ 6.539449605594106, 53.139724844592465 ], [ 6.539975014106668, 53.138863135011142 ], [ 6.539375804104338, 53.136325217730302 ], [ 6.539612197390118, 53.133644323722294 ], [ 6.539396164926754, 53.133081327801449 ], [ 6.538235743533618, 53.131438048327375 ], [ 6.538097077565219, 53.131066272374589 ], [ 6.53823671621415, 53.130251815098973 ], [ 6.535410939874148, 53.130637613540223 ], [ 6.529426498474662, 53.13213896539218 ], [ 6.527956317283036, 53.131961932920419 ], [ 6.517504291326177, 53.131518381088135 ], [ 6.515789309999367, 53.130951367962226 ], [ 6.515079687217763, 53.131284821720378 ], [ 6.510918076358459, 53.13079234438851 ], [ 6.510834446281557, 53.130663486469594 ], [ 6.512379965468211, 53.125660163322671 ], [ 6.500909765327283, 53.1206925283565 ], [ 6.49944006737728, 53.121996769217084 ], [ 6.498430527118798, 53.123459248868834 ], [ 6.480199706725332, 53.120792216160972 ], [ 6.48430134713383, 53.111475862834162 ], [ 6.48474063506648, 53.106284627162921 ], [ 6.490135270664865, 53.097602039920986 ], [ 6.502298773522279, 53.084865469896535 ], [ 6.503401294517031, 53.083275540315988 ], [ 6.503910011229939, 53.083342468139762 ], [ 6.506076777961797, 53.080976816672667 ], [ 6.51035487418905, 53.075768419058186 ], [ 6.51028769312775, 53.0756180730246 ], [ 6.51057172192537, 53.075236628346019 ], [ 6.5121024683898, 53.074188683271693 ], [ 6.511896464204454, 53.073915279182366 ], [ 6.513261790413145, 53.072238940053175 ], [ 6.514361263227507, 53.065076028269473 ], [ 6.511680539775755, 53.056504656607231 ], [ 6.499853269640835, 53.038451651685023 ], [ 6.502747343530533, 53.032288295030796 ], [ 6.495427863011443, 53.030902318161473 ], [ 6.503797415130699, 53.015976160164762 ], [ 6.503989385910114, 53.015887832766133 ], [ 6.509958613127889, 53.016849919877473 ], [ 6.512882872912296, 53.010647025804687 ], [ 6.505908875839583, 53.01022659556817 ], [ 6.413307821431124, 52.985634057225276 ], [ 6.36262734706708, 53.034005244302378 ], [ 6.36500912170911, 53.051884613197132 ], [ 6.367867435098921, 53.067442219732975 ], [ 6.305449699713093, 53.081255105437663 ], [ 6.311612015381581, 53.089142531671847 ], [ 6.315224062801636, 53.0941273666417 ], [ 6.290621054757832, 53.099919509319335 ], [ 6.288821976706576, 53.102143250484275 ], [ 6.283108948740294, 53.106944136630744 ], [ 6.281261417707535, 53.107659206769817 ], [ 6.273934397310814, 53.111347682750051 ], [ 6.264354591700404, 53.113628540627474 ], [ 6.262677569463186, 53.114219448372204 ], [ 6.26109965108278, 53.114440238853177 ], [ 6.258366000934708, 53.11447107701003 ], [ 6.243530365972975, 53.113558673264187 ], [ 6.23635532607851, 53.113484514873875 ], [ 6.22756809859746, 53.114173703433522 ], [ 6.222616157406013, 53.115013705047673 ], [ 6.205079868950848, 53.115583209642281 ], [ 6.18976141048502, 53.125537897639219 ], [ 6.190007629029313, 53.125821332222294 ], [ 6.187870114257676, 53.127254155764035 ], [ 6.183973158647223, 53.130949860495683 ], [ 6.178860635771034, 53.13422837005232 ], [ 6.177911158261654, 53.134530991988754 ], [ 6.176515996655663, 53.134714742306045 ], [ 6.175414851786758, 53.135514655705066 ], [ 6.175617128286008, 53.142094781680832 ], [ 6.177279662974533, 53.166397663181428 ], [ 6.17786304872519, 53.167871034220724 ], [ 6.181141218779539, 53.170136932059251 ], [ 6.181455369014272, 53.170496615059996 ], [ 6.184227593311963, 53.176290108953161 ], [ 6.184792298564982, 53.17659121815511 ], [ 6.184615918221263, 53.176831693317475 ], [ 6.187652242706909, 53.181528964846208 ], [ 6.188213019322195, 53.182670349949319 ], [ 6.188941202062991, 53.183063648143495 ], [ 6.18978254219707, 53.183799000878679 ], [ 6.191231911563212, 53.18624581793491 ], [ 6.192194046003324, 53.187538042538414 ], [ 6.192934381424958, 53.189007954461225 ], [ 6.194019911740744, 53.189638145764938 ], [ 6.194444050621076, 53.190552490046748 ], [ 6.195132086818141, 53.190962955940655 ], [ 6.195387885343319, 53.191452469358389 ], [ 6.196744200401865, 53.191882962677553 ], [ 6.197790250047611, 53.19198025734044 ], [ 6.198693631562951, 53.192912101871684 ], [ 6.199513277327544, 53.193195280664071 ], [ 6.199567198268703, 53.194098937538051 ], [ 6.199970405302889, 53.194504037731882 ], [ 6.200018488286332, 53.195124906700315 ], [ 6.199388048195358, 53.196133536950576 ], [ 6.200111766386707, 53.197023789122028 ], [ 6.199687162844449, 53.19827930290532 ], [ 6.20195119724371, 53.198718505196609 ], [ 6.202572653325202, 53.199108918917581 ], [ 6.20336419250838, 53.19926180791726 ], [ 6.204132333967721, 53.199659945665481 ], [ 6.206270303843966, 53.199849019694788 ], [ 6.20826321530318, 53.19956622650961 ], [ 6.209465915056613, 53.199792707290726 ], [ 6.210143961191792, 53.200467878085966 ], [ 6.211443010576623, 53.201074403074031 ], [ 6.211902362618499, 53.202149770590729 ], [ 6.213359693868997, 53.20294501209645 ], [ 6.214220529751684, 53.203806141743968 ], [ 6.216422163539535, 53.204418864046495 ], [ 6.218060561072946, 53.205484107737576 ], [ 6.219110393439387, 53.205908596834725 ], [ 6.219588602276871, 53.206322195065439 ], [ 6.219695042817722, 53.206953370173999 ], [ 6.220137498524161, 53.207590268513606 ], [ 6.221107807872722, 53.207957444275628 ], [ 6.222167984023785, 53.208735246731017 ], [ 6.221950526399609, 53.209795002693561 ], [ 6.222369612633288, 53.210448413934621 ], [ 6.223368456173498, 53.210755012326885 ], [ 6.224886866591162, 53.211893243142441 ], [ 6.225012138721024, 53.212572351723551 ], [ 6.225418841064018, 53.213312789825757 ], [ 6.224765269756001, 53.214307453554284 ], [ 6.224823130397358, 53.214510074798483 ], [ 6.225390719860869, 53.215098487394158 ], [ 6.226070056992027, 53.21541489512687 ], [ 6.226722789568752, 53.215983196033697 ], [ 6.22801213981599, 53.216231544213763 ], [ 6.228847429137248, 53.216629993939264 ], [ 6.23007452831253, 53.217754619805632 ], [ 6.229997611448273, 53.218045343716113 ], [ 6.229334555998056, 53.218646020860568 ], [ 6.229086497254371, 53.219143720993756 ], [ 6.229791068906297, 53.219641468184228 ], [ 6.230167547272936, 53.220149877684413 ], [ 6.230389370458076, 53.221811168026214 ], [ 6.23026589901169, 53.222478236264543 ], [ 6.230069356054458, 53.222699414653647 ], [ 6.226547239796066, 53.224484001523074 ], [ 6.225447892466565, 53.225489183071247 ], [ 6.226138652907109, 53.226086511336369 ], [ 6.226336209343454, 53.226844068864636 ], [ 6.225127673052598, 53.227989869572745 ], [ 6.225160292147923, 53.229463628679355 ], [ 6.224791568442107, 53.23005413507002 ], [ 6.22271029431277, 53.231332293327995 ], [ 6.220598965406543, 53.232122424033903 ], [ 6.219220047002056, 53.231795742152549 ], [ 6.218164114140774, 53.231725381263473 ], [ 6.217989570782361, 53.231877919004781 ], [ 6.217939248110774, 53.232635293567547 ], [ 6.21712127880897, 53.233517494254365 ], [ 6.216670376912395, 53.233703856338373 ], [ 6.215105656670185, 53.233671443567673 ], [ 6.214639155665378, 53.233795992203888 ], [ 6.214415624185055, 53.234076306384594 ], [ 6.216846492946543, 53.234305135674767 ], [ 6.216492842143986, 53.234615143273345 ], [ 6.21584527663949, 53.234769852550997 ], [ 6.214967525898952, 53.235268863625905 ], [ 6.214895708199515, 53.235892594400141 ], [ 6.215629300161042, 53.235960988855716 ], [ 6.21564192698478, 53.236891954192728 ], [ 6.22026011097307, 53.23725000364179 ], [ 6.222608875748401, 53.237769261771923 ], [ 6.225060836258927, 53.238546819112479 ], [ 6.224661574392022, 53.239789910890742 ], [ 6.22284345580632, 53.239600612272604 ], [ 6.21816220931013, 53.241950421337158 ], [ 6.21911459007411, 53.242596680649349 ], [ 6.220035717309876, 53.242959005289897 ], [ 6.223251420846388, 53.243208363693007 ], [ 6.224542421997017, 53.244275707264038 ], [ 6.225498751166305, 53.244568751709146 ], [ 6.226794613648587, 53.244626291446529 ], [ 6.227763837255047, 53.245140991522291 ], [ 6.229702078600951, 53.244652032498408 ], [ 6.230450011725781, 53.24470232593346 ], [ 6.231103225079867, 53.24498689190839 ], [ 6.231531265279894, 53.245519367120771 ], [ 6.23167463630316, 53.246296822897115 ], [ 6.232060359525512, 53.246899416590281 ], [ 6.232042523501987, 53.247229898139025 ], [ 6.231697345642676, 53.247510957036354 ], [ 6.230997727627933, 53.247594946625966 ], [ 6.230152773366233, 53.248153936423691 ], [ 6.229551213058106, 53.249173162682837 ], [ 6.229570654341154, 53.249780925843311 ], [ 6.230128360744096, 53.250322743171807 ], [ 6.23163698428554, 53.250071559600748 ], [ 6.232719169175961, 53.25023068418654 ], [ 6.233758455788113, 53.250715475779849 ], [ 6.234208498928663, 53.251066797831442 ], [ 6.234341849866881, 53.252034153236707 ], [ 6.234978337228128, 53.252694020353253 ], [ 6.235200198122972, 53.253345044814523 ], [ 6.234754003997647, 53.254054230404179 ], [ 6.233601204763788, 53.254168436221384 ], [ 6.232500098574457, 53.254802280092285 ], [ 6.231852786379224, 53.255600090277234 ], [ 6.231856678842828, 53.255966275814423 ], [ 6.232178184402666, 53.256626968109074 ], [ 6.235109473483314, 53.256628029611832 ], [ 6.237041312495451, 53.257128371852694 ], [ 6.237795629496643, 53.257588799012034 ], [ 6.238743532675219, 53.258599989266806 ], [ 6.239003451924289, 53.259282073086247 ], [ 6.23890230094823, 53.259684527941467 ], [ 6.237901245483145, 53.2602194829269 ], [ 6.237676588232216, 53.26073532014567 ], [ 6.237941207810513, 53.261378969792048 ], [ 6.238920477564866, 53.262741187498797 ], [ 6.239355285905771, 53.263016279675107 ], [ 6.241131663708409, 53.263550672016365 ], [ 6.243128140980445, 53.264920741353443 ], [ 6.243586921964627, 53.265448476022186 ], [ 6.2436358638247, 53.266335976754092 ], [ 6.245258968597429, 53.26753817232467 ], [ 6.246665054134364, 53.268132602764169 ], [ 6.247609701739394, 53.26830418097888 ], [ 6.248280031840777, 53.268114724981977 ], [ 6.248767099927616, 53.267578741036729 ], [ 6.249454014072592, 53.267171805240181 ], [ 6.251995676491677, 53.267305707664512 ], [ 6.253994619989347, 53.267804538880419 ], [ 6.255606974214209, 53.268919425134527 ], [ 6.255862475661474, 53.269598250165949 ], [ 6.255788943334321, 53.271033037974611 ], [ 6.253856773949759, 53.272618815342426 ], [ 6.253046180332658, 53.273526262793375 ], [ 6.251508164427554, 53.277266254584696 ], [ 6.251674596676864, 53.278088305543015 ], [ 6.252393624539695, 53.278952806147153 ], [ 6.252589937359236, 53.279425229445984 ], [ 6.252649827532268, 53.280020824413455 ], [ 6.252199895075137, 53.281122649680988 ], [ 6.252095378499213, 53.282049861270544 ], [ 6.252275333614967, 53.282804899087957 ], [ 6.253043590324449, 53.284441424776958 ], [ 6.253472512900088, 53.286036546711522 ], [ 6.253306081732096, 53.287862628683541 ], [ 6.254762309501523, 53.288881486164385 ], [ 6.257304009889653, 53.290249446331785 ], [ 6.259918020349216, 53.29097666914442 ], [ 6.265612617044359, 53.291118418203766 ], [ 6.266625493226913, 53.290800974464972 ], [ 6.267429625102316, 53.290756371139366 ], [ 6.26780180547721, 53.290545107762703 ], [ 6.268056417647372, 53.289855301325531 ], [ 6.268299220446833, 53.289691351044667 ], [ 6.268758847838128, 53.289682638953572 ], [ 6.268949718668379, 53.289961665159112 ], [ 6.270319620872993, 53.290895140518217 ], [ 6.270774900574228, 53.291517993698683 ], [ 6.270822221203527, 53.29363493836339 ], [ 6.271105271406947, 53.29413012478178 ], [ 6.271716579767213, 53.294713106851169 ], [ 6.273577115902159, 53.295615901566499 ], [ 6.274492527830538, 53.296447135142898 ], [ 6.274442463848649, 53.298760011415027 ], [ 6.274629827180437, 53.299186483974289 ], [ 6.276027330364629, 53.300522971736143 ], [ 6.276672739006123, 53.300849302280874 ], [ 6.276802566793243, 53.301260131412619 ], [ 6.278488312242814, 53.30274950717844 ], [ 6.279260299593955, 53.303155783260301 ], [ 6.281485936140086, 53.303808560606079 ], [ 6.288513746356763, 53.304700584855382 ], [ 6.289682096427462, 53.304978190775294 ], [ 6.294449045519504, 53.30812501254141 ], [ 6.293656949674493, 53.308679514850297 ], [ 6.292585903242242, 53.310334622104413 ], [ 6.29044295588846, 53.311225336530597 ], [ 6.286709684051013, 53.312121711189079 ], [ 6.284036402670875, 53.311892093997102 ], [ 6.280610175781338, 53.31261912820198 ], [ 6.286923251814188, 53.341123770689201 ], [ 6.287058102204433, 53.341093064037921 ] ], [ [ 7.207727806830123, 53.237607481969917 ], [ 7.207747473235362, 53.237637890261198 ], [ 7.207677977572915, 53.237604921089307 ], [ 7.207727806830123, 53.237607481969917 ] ], [ [ 7.177264317561264, 53.238459017128598 ], [ 7.177327164094012, 53.238139490835771 ], [ 7.177481416660429, 53.237534980050576 ], [ 7.177374357113626, 53.238116102021998 ], [ 7.177217791089333, 53.238632373428359 ], [ 7.177264317561264, 53.238459017128598 ] ], [ [ 7.177712371867063, 53.236677398070924 ], [ 7.17768802559138, 53.236794597937674 ], [ 7.177629696263748, 53.236938822598972 ], [ 7.177712371867063, 53.236677398070924 ] ], [ [ 7.161616609822284, 53.244505403941524 ], [ 7.161660333074923, 53.244214966443963 ], [ 7.161689815077499, 53.244156058175101 ], [ 7.161655406876488, 53.244476242589919 ], [ 7.161593908394871, 53.244599602128126 ], [ 7.161616609822284, 53.244505403941524 ] ], [ [ 7.161937735965097, 53.243693818313268 ], [ 7.16190684866656, 53.243159178554237 ], [ 7.162064434766557, 53.242545918031787 ], [ 7.161973245219349, 53.243666393032314 ], [ 7.161757336568563, 53.24402283443991 ], [ 7.161937735965097, 53.243693818313268 ] ], [ [ 7.162207004065105, 53.241941226850642 ], [ 7.162250155492857, 53.241768609324708 ], [ 7.162072089751939, 53.242513450297146 ], [ 7.162207004065105, 53.241941226850642 ] ], [ [ 7.149960459439859, 53.243310523768038 ], [ 7.150021379646112, 53.242994539568727 ], [ 7.150062890457442, 53.24285054833976 ], [ 7.149940804051305, 53.243412474948705 ], [ 7.149960459439859, 53.243310523768038 ] ], [ [ 7.150186740740902, 53.242347392279264 ], [ 7.150198266191604, 53.242296240275301 ], [ 7.150225314709162, 53.242169032728548 ], [ 7.15016987125576, 53.242422216290343 ], [ 7.150186740740902, 53.242347392279264 ] ], [ [ 7.143334754421836, 53.245058689791541 ], [ 7.143487289939206, 53.244536234009438 ], [ 7.143560688146927, 53.244148308225085 ], [ 7.143652673444305, 53.243762536434602 ], [ 7.143441836672709, 53.244821539473314 ], [ 7.143330190966592, 53.245198484658481 ], [ 7.143334754421836, 53.245058689791541 ] ], [ [ 7.144069994645768, 53.241962317749561 ], [ 7.144122875996761, 53.24174464605543 ], [ 7.144183625882246, 53.241516563520918 ], [ 7.144037189013525, 53.242111520106754 ], [ 7.144069994645768, 53.241962317749561 ] ], [ [ 7.126849970064175, 53.24815623935821 ], [ 7.126847128918162, 53.248179348649003 ], [ 7.12681976129483, 53.248302882127888 ], [ 7.126849970064175, 53.24815623935821 ] ], [ [ 7.126860277725904, 53.248025831174658 ], [ 7.126862190958557, 53.248056837144894 ], [ 7.126858978503766, 53.248082966584064 ], [ 7.126860277725904, 53.248025831174658 ] ], [ [ 7.126806915018138, 53.247443197922109 ], [ 7.126881204186488, 53.247470601856477 ], [ 7.126853312368091, 53.247668184675142 ], [ 7.126806915018138, 53.247443197922109 ] ], [ [ 7.092112107241641, 53.307159557468346 ], [ 7.09213281918805, 53.307131911092156 ], [ 7.092115687898801, 53.307162163907485 ], [ 7.092112107241641, 53.307159557468346 ] ], [ [ 6.952682047672176, 53.321743243411845 ], [ 6.952232824809382, 53.32188291139466 ], [ 6.950394806399767, 53.321921388302975 ], [ 6.952710687633055, 53.321499132844323 ], [ 6.954478973638081, 53.321482029423855 ], [ 6.958144444045563, 53.320702314956776 ], [ 6.962872840584551, 53.318964474013832 ], [ 6.963552410502134, 53.318897774394905 ], [ 6.96554624165863, 53.319107993342186 ], [ 6.963872025908955, 53.319096622878398 ], [ 6.963672956997463, 53.32008510662061 ], [ 6.961587707646391, 53.32019000159007 ], [ 6.95346317990118, 53.321701534138391 ], [ 6.952682047672176, 53.321743243411845 ] ], [ [ 6.968137601755792, 53.319136328485484 ], [ 6.972044679060616, 53.318182080360508 ], [ 6.973992405005371, 53.317345862253006 ], [ 6.975321746620591, 53.316968803176898 ], [ 6.978151178468378, 53.316592945015302 ], [ 6.974961739143292, 53.317733447033113 ], [ 6.969296293684791, 53.319155551900714 ], [ 6.968137601755792, 53.319136328485484 ] ], [ [ 6.987438784126653, 53.314340946376802 ], [ 6.98920686183924, 53.3138688310422 ], [ 6.989882697793124, 53.313337325581017 ], [ 6.993233028984926, 53.312409664679855 ], [ 6.993556090804658, 53.312448106011317 ], [ 6.994753880118715, 53.312102572659732 ], [ 6.995649826626589, 53.312376895269772 ], [ 6.985923178279433, 53.314908445010865 ], [ 6.983586618348279, 53.31535019966875 ], [ 6.987438784126653, 53.314340946376802 ] ], [ [ 6.601648818348054, 53.443747846416066 ], [ 6.602024722074367, 53.443692182177529 ], [ 6.602208013356354, 53.443645336830706 ], [ 6.60210208517421, 53.443847558563583 ], [ 6.601469037493116, 53.443765034039025 ], [ 6.601648818348054, 53.443747846416066 ] ], [ [ 6.592633587170023, 53.43994300262306 ], [ 6.592669722686066, 53.439919205262264 ], [ 6.592882357760872, 53.439927237298001 ], [ 6.592781238256995, 53.439963707462994 ], [ 6.592633587170023, 53.43994300262306 ] ], [ [ 6.58149013959591, 53.435493788246845 ], [ 6.582004517217194, 53.433450551748379 ], [ 6.582321558108123, 53.433519966789163 ], [ 6.581669878308927, 53.435285862757723 ], [ 6.58149013959591, 53.435493788246845 ] ], [ [ 6.566172626442169, 53.436164078596775 ], [ 6.566131427845334, 53.436135185510409 ], [ 6.566302040737724, 53.436138600295635 ], [ 6.56628179596609, 53.436184627834699 ], [ 6.566172626442169, 53.436164078596775 ] ], [ [ 6.565920901114923, 53.436066876706917 ], [ 6.565674999371262, 53.43590756336198 ], [ 6.56525032539828, 53.43604113849144 ], [ 6.565672594163763, 53.435057338194866 ], [ 6.566453450244636, 53.434602029151989 ], [ 6.566573235048367, 53.434729681585644 ], [ 6.567021231447485, 53.434699176328671 ], [ 6.566724633137079, 53.43535482415939 ], [ 6.566565791856154, 53.434958898411161 ], [ 6.566270591645441, 53.434959402224663 ], [ 6.566181793242662, 53.435434392845686 ], [ 6.565780687028088, 53.435739164377623 ], [ 6.565920901114923, 53.436066876706917 ] ], [ [ 6.566772601576153, 53.435523846869053 ], [ 6.566687660950341, 53.435678263819753 ], [ 6.566548355833696, 53.435709287620774 ], [ 6.566735976346219, 53.435471666411146 ], [ 6.566772601576153, 53.435523846869053 ] ], [ [ 6.564892476517523, 53.435953885977739 ], [ 6.564728634733759, 53.435621511233457 ], [ 6.564393117944765, 53.435645703220914 ], [ 6.563986932991919, 53.435369535578026 ], [ 6.564088410842372, 53.43525969740017 ], [ 6.565002504101042, 53.435454721692395 ], [ 6.564892476517523, 53.435953885977739 ] ], [ [ 6.562981523075434, 53.435636111936304 ], [ 6.562701213869431, 53.435042784064109 ], [ 6.562236910497695, 53.434995804447993 ], [ 6.562595560293623, 53.434732230342028 ], [ 6.562668952813764, 53.434980120610533 ], [ 6.563415772118047, 53.43519468790258 ], [ 6.563086427557246, 53.435282354721757 ], [ 6.562997385224206, 53.435527714800862 ], [ 6.563116499022342, 53.435671169653155 ], [ 6.562981523075434, 53.435636111936304 ] ], [ [ 6.562045754440749, 53.435019434121557 ], [ 6.561909438317068, 53.435110104381934 ], [ 6.561364977444568, 53.434961342651896 ], [ 6.561503286758771, 53.434927961043215 ], [ 6.562045754440749, 53.435019434121557 ] ], [ [ 6.559609829234963, 53.435155768274818 ], [ 6.559316950631011, 53.43478785884755 ], [ 6.559395009962899, 53.434485055903401 ], [ 6.560597176766507, 53.434651925222155 ], [ 6.560388986631414, 53.434955044677473 ], [ 6.559609829234963, 53.435155768274818 ] ], [ [ 6.345641074374591, 53.40935491288166 ], [ 6.345655855386138, 53.409335379528258 ], [ 6.345485272412883, 53.409558469650548 ], [ 6.345641074374591, 53.40935491288166 ] ], [ [ 6.346342526958107, 53.408418144491733 ], [ 6.346354620796646, 53.408402078503592 ], [ 6.346199606992776, 53.408614752716588 ], [ 6.346342526958107, 53.408418144491733 ] ], [ [ 6.346464463158166, 53.408256153597776 ], [ 6.346462115762348, 53.40826315795465 ], [ 6.346423191190219, 53.408310983574061 ], [ 6.346464463158166, 53.408256153597776 ] ], [ [ 6.198261834181825, 53.382485100669705 ], [ 6.19826439236672, 53.382476992449902 ], [ 6.198273070145244, 53.382476632488412 ], [ 6.198267518637716, 53.382490603856226 ], [ 6.198261834181825, 53.382485100669705 ] ], [ [ 6.191141564254799, 53.382024298268966 ], [ 6.191159790559134, 53.381942797786536 ], [ 6.191178214455611, 53.381914981812884 ], [ 6.191159882646117, 53.382025333871042 ], [ 6.191141564254799, 53.382024298268966 ] ], [ [ 6.245440356553031, 53.363874225214694 ], [ 6.245495181277488, 53.363817903142497 ], [ 6.246123872757453, 53.363850861821035 ], [ 6.247165400854918, 53.364003159367996 ], [ 6.248054971554382, 53.364260486943571 ], [ 6.245440356553031, 53.363874225214694 ] ], [ [ 6.201815844252184, 53.385531547656853 ], [ 6.201787055329998, 53.385482930183215 ], [ 6.201878824318905, 53.385540521062758 ], [ 6.20182686686639, 53.385539053949202 ], [ 6.201815844252184, 53.385531547656853 ] ], [ [ 6.21866527542695, 53.398826832932613 ], [ 6.218711731771329, 53.398876696968593 ], [ 6.218573786134959, 53.398787120316697 ], [ 6.21866527542695, 53.398826832932613 ] ], [ [ 6.219041116268142, 53.399079741236108 ], [ 6.219045020702326, 53.399352515347637 ], [ 6.22001169892617, 53.400198833225332 ], [ 6.219500632695967, 53.40049969512539 ], [ 6.218136417116056, 53.399660419213347 ], [ 6.218765633635448, 53.399419384962293 ], [ 6.218801721145416, 53.398962117844711 ], [ 6.219041116268142, 53.399079741236108 ] ], [ [ 6.199700539544232, 53.405915893293887 ], [ 6.199539775079745, 53.406019482371292 ], [ 6.199492168197612, 53.405976932927146 ], [ 6.199641466015783, 53.405869178823465 ], [ 6.199700539544232, 53.405915893293887 ] ] ], [ [ [ 7.092833937942046, 52.838229493033644 ], [ 7.0928355424545, 52.838224153824129 ], [ 7.092833734945615, 52.838229989338906 ], [ 7.092833937942046, 52.838229493033644 ] ] ], [ [ [ 7.092836709099448, 52.838220271671773 ], [ 7.092838045075431, 52.838213529014809 ], [ 7.092836614702744, 52.838220585788235 ], [ 7.092836709099448, 52.838220271671773 ] ] ], [ [ [ 7.092838580538464, 52.838210826538422 ], [ 7.092839534908456, 52.838201245202086 ], [ 7.092839535166712, 52.838201157805322 ], [ 7.092838557184446, 52.838210944405908 ], [ 7.092838580538464, 52.838210826538422 ] ] ], [ [ [ 7.092839563361188, 52.838191616494044 ], [ 7.092839535840692, 52.838191322603635 ], [ 7.092839541801726, 52.838198912445932 ], [ 7.092839563361188, 52.838191616494044 ] ] ], [ [ [ 7.092838665632867, 52.838182029684774 ], [ 7.092838570725067, 52.838181535381153 ], [ 7.09283919745853, 52.838187709032383 ], [ 7.092838665632867, 52.838182029684774 ] ] ], [ [ [ 7.092836850046588, 52.838172573656301 ], [ 7.092836649186567, 52.838171890650948 ], [ 7.092837804796617, 52.838177546233794 ], [ 7.092836850046588, 52.838172573656301 ] ] ], [ [ [ 7.092834133435163, 52.838163336078132 ], [ 7.092833789800257, 52.838162481548011 ], [ 7.092835444239864, 52.838167793344553 ], [ 7.092834133435163, 52.838163336078132 ] ] ], [ [ [ 7.092830540985066, 52.838154402594469 ], [ 7.092830020166129, 52.838153398934843 ], [ 7.092832151202819, 52.838158406784814 ], [ 7.092830540985066, 52.838154402594469 ] ] ], [ [ [ 7.092826106002916, 52.83814585603016 ], [ 7.092825376637847, 52.838144730529606 ], [ 7.092827961592068, 52.838149431898444 ], [ 7.092826106002916, 52.83814585603016 ] ] ], [ [ [ 7.092820869606689, 52.838137775622833 ], [ 7.092819903966147, 52.838136560066239 ], [ 7.092822917584483, 52.838140935905983 ], [ 7.092820869606689, 52.838137775622833 ] ] ] ] } }
]
}
