{
"type": "FeatureCollection",
"name": "SWVPO2903",
"crs": { "type": "name", "properties": { "name": "urn:ogc:def:crs:OGC:1.3:CRS84" } },
"features": [
{ "type": "Feature", "properties": { "PO SWV": "PO2903", "strokeColor": "#A9A9A9", "strokeWidth": 2, "fillColor": "#ADD8E6" }, "geometry": { "type": "Polygon", "coordinates": [ [ [ 3.366007121106135, 51.298366328719787 ], [ 3.366196556080257, 51.298987696485106 ], [ 3.367355212818003, 51.299715771629707 ], [ 3.368313548069816, 51.299875234727288 ], [ 3.369616437341428, 51.299789370734835 ], [ 3.371729500494817, 51.300186154860775 ], [ 3.374148924415889, 51.301053246945791 ], [ 3.376020707509725, 51.30199813134238 ], [ 3.377478158176153, 51.302523914838879 ], [ 3.376780676343936, 51.302367011265133 ], [ 3.358289180874725, 51.315027002048737 ], [ 3.385226140333169, 51.334166455064697 ], [ 3.383424725139986, 51.341146859168099 ], [ 3.373976637573552, 51.348473858458206 ], [ 3.373605995163708, 51.354237877621188 ], [ 3.374879531489823, 51.358862673101434 ], [ 3.372248225096134, 51.361961541334907 ], [ 3.372129883849937, 51.3628387505589 ], [ 3.372239679281094, 51.363164759043094 ], [ 3.372784298635795, 51.363703339158306 ], [ 3.372760689947598, 51.36396025101466 ], [ 3.373048562233874, 51.364498076836149 ], [ 3.372942251314309, 51.36492079028978 ], [ 3.372675012064679, 51.365208572181096 ], [ 3.372180702069512, 51.365391615982809 ], [ 3.371875897718982, 51.365264325345279 ], [ 3.371595165564651, 51.365376823879508 ], [ 3.371402157800385, 51.366109209123195 ], [ 3.371606338630761, 51.36623633036038 ], [ 3.371469795959828, 51.366989269047771 ], [ 3.371704597337553, 51.367550848114348 ], [ 3.37164988355675, 51.367836449332927 ], [ 3.369897237774524, 51.368320303309702 ], [ 3.369440690230021, 51.368794574925083 ], [ 3.369448468522611, 51.369541004507496 ], [ 3.369092030161653, 51.370587901643304 ], [ 3.369360317581507, 51.371210754710319 ], [ 3.369334555827333, 51.371817402384266 ], [ 3.370117316259605, 51.372558189608164 ], [ 3.374599980327079, 51.375640083635489 ], [ 3.37570475485888, 51.37622821807954 ], [ 3.378834037613119, 51.377663140252828 ], [ 3.381694946056654, 51.378662588040491 ], [ 3.381979159830497, 51.378921923227267 ], [ 3.381533851988453, 51.380283782842113 ], [ 3.381685110671866, 51.380460361938212 ], [ 3.38198306034064, 51.380392619797227 ], [ 3.382395756599227, 51.379194544601951 ], [ 3.382259128299763, 51.377551852111388 ], [ 3.382403604299028, 51.377482467986901 ], [ 3.382834443073452, 51.378567255497579 ], [ 3.382836459211521, 51.378960842067393 ], [ 3.382717288649651, 51.379509425897503 ], [ 3.382195115168547, 51.380453600851332 ], [ 3.382530579948171, 51.380428930635205 ], [ 3.383013271210744, 51.379704216203393 ], [ 3.383340013068249, 51.378787446431822 ], [ 3.384245578501039, 51.378975911013249 ], [ 3.385027532834923, 51.379360824737759 ], [ 3.384333229109605, 51.381073853064997 ], [ 3.384391224530431, 51.381286732550151 ], [ 3.384614470542099, 51.381214531972191 ], [ 3.385324150086732, 51.37942078424647 ], [ 3.385682536048858, 51.379402880224887 ], [ 3.387593876942024, 51.380041379445082 ], [ 3.395085057806804, 51.381888944260396 ], [ 3.397856566644063, 51.382322382214824 ], [ 3.402192147383913, 51.383398192276545 ], [ 3.408464910767997, 51.385272375590283 ], [ 3.416056080668278, 51.388176986631962 ], [ 3.423296424617021, 51.390243142229728 ], [ 3.422378511062711, 51.391285634451769 ], [ 3.422432297640848, 51.391477871309434 ], [ 3.422699711435502, 51.391454844378551 ], [ 3.423712593408861, 51.390328232548526 ], [ 3.426186201155199, 51.390756705172905 ], [ 3.425379336308555, 51.391671013121062 ], [ 3.42551240696213, 51.391906840283347 ], [ 3.425750458594211, 51.391868751872273 ], [ 3.42667644483986, 51.390842401456418 ], [ 3.428598799289779, 51.391180320580411 ], [ 3.427875520810302, 51.392087924125015 ], [ 3.427942621772745, 51.392351142864015 ], [ 3.42898446942448, 51.391245823363192 ], [ 3.430011071164597, 51.391427497921427 ], [ 3.429509953541863, 51.392395107128202 ], [ 3.429690195243792, 51.392568011370059 ], [ 3.430663694432475, 51.391123096917127 ], [ 3.432473037187069, 51.391348856567227 ], [ 3.432516406022767, 51.392503234459099 ], [ 3.432716905963014, 51.39265239450873 ], [ 3.432913922012187, 51.392518409841692 ], [ 3.432884389835653, 51.391420823477119 ], [ 3.43485865551727, 51.391637543721515 ], [ 3.434424456206645, 51.39253403047816 ], [ 3.434660437475778, 51.392737548286632 ], [ 3.435340636344157, 51.3917142169703 ], [ 3.435708866208222, 51.391601274265632 ], [ 3.435659331518777, 51.391398990651851 ], [ 3.431178192813138, 51.390882034506369 ], [ 3.431445475026833, 51.390635754914271 ], [ 3.432216512295933, 51.390548953412704 ], [ 3.434999739298004, 51.389404615792117 ], [ 3.435525643861436, 51.388532156410072 ], [ 3.436451597743926, 51.388162735720989 ], [ 3.436657701539791, 51.3878953858814 ], [ 3.437124295578221, 51.388125942098284 ], [ 3.438429076978088, 51.388243067672434 ], [ 3.442095528000058, 51.389699672528749 ], [ 3.446663320905565, 51.391147669212678 ], [ 3.448252556668292, 51.39128539372922 ], [ 3.447927467610391, 51.39187986063142 ], [ 3.448036777258489, 51.39202865752501 ], [ 3.448540656778106, 51.391347663054049 ], [ 3.451759379774745, 51.392602893023536 ], [ 3.451489573021362, 51.393455840292255 ], [ 3.451575121282287, 51.393583530787517 ], [ 3.451770012642831, 51.393533563177947 ], [ 3.452043813140901, 51.392696078067871 ], [ 3.453594136508054, 51.393256128676512 ], [ 3.455475299733561, 51.394048906297556 ], [ 3.454994331964647, 51.394838606147751 ], [ 3.455169629466558, 51.395003223366871 ], [ 3.455611310335037, 51.394392238071781 ], [ 3.456490468816844, 51.394722903366272 ], [ 3.456335231688291, 51.394995942333502 ], [ 3.456466395966331, 51.395105762157385 ], [ 3.456745832801506, 51.394804093363497 ], [ 3.457181304985767, 51.394750043819158 ], [ 3.457220489744242, 51.394520338991391 ], [ 3.457051518997507, 51.394351731080192 ], [ 3.4580118337662, 51.394322785401393 ], [ 3.458888152669995, 51.394454056379878 ], [ 3.458573419636274, 51.395422789799035 ], [ 3.45867113067671, 51.395549182829484 ], [ 3.458862104321083, 51.395472951128063 ], [ 3.459188517710376, 51.394491800517812 ], [ 3.460452716436398, 51.394732717929045 ], [ 3.46051329327991, 51.395679672436295 ], [ 3.460711890546036, 51.39558693001235 ], [ 3.460742914528114, 51.394791467186678 ], [ 3.462185788683786, 51.395094924357792 ], [ 3.462276917241293, 51.39573419065723 ], [ 3.462445087217859, 51.395663100835947 ], [ 3.462474393573758, 51.395137935872903 ], [ 3.465209283954599, 51.395354752544868 ], [ 3.465303933435032, 51.395913351240317 ], [ 3.465472589584421, 51.395826776710742 ], [ 3.465497991063271, 51.395394364311535 ], [ 3.468302337486026, 51.395939343690564 ], [ 3.468390783538914, 51.397084809725449 ], [ 3.46859133955018, 51.397002506082622 ], [ 3.468601970968613, 51.395998273393189 ], [ 3.471133181405633, 51.396535427029519 ], [ 3.471234363127182, 51.39730247669771 ], [ 3.471435617360647, 51.39722119977602 ], [ 3.471427911396605, 51.396596820802365 ], [ 3.472329610332463, 51.396769913304553 ], [ 3.474020802059149, 51.396756632808767 ], [ 3.474039956907538, 51.398544693948367 ], [ 3.474158692342743, 51.39864245534266 ], [ 3.474329809036167, 51.398540725770829 ], [ 3.474391261603949, 51.396802879996699 ], [ 3.477073742167971, 51.397399581223027 ], [ 3.477178195934155, 51.3983458563279 ], [ 3.47737591037908, 51.398259028965803 ], [ 3.47737632375028, 51.3974668839343 ], [ 3.480182362651566, 51.398089435792109 ], [ 3.480304542355273, 51.399386376925982 ], [ 3.480506536453196, 51.399279909119571 ], [ 3.480478394559736, 51.398152373235988 ], [ 3.482669319010563, 51.39868093956953 ], [ 3.482381857355976, 51.399777828503758 ], [ 3.482466480528148, 51.399904047168846 ], [ 3.482651968143205, 51.399850232979752 ], [ 3.482950993175708, 51.398744831299076 ], [ 3.485121911566527, 51.399244322263286 ], [ 3.484484377190115, 51.400297461683806 ], [ 3.484638287770819, 51.40045426959005 ], [ 3.485420747088381, 51.399303509755484 ], [ 3.487798655810641, 51.3996089564545 ], [ 3.488733931744721, 51.399932788550032 ], [ 3.487985015401071, 51.401154962620588 ], [ 3.488061485981517, 51.401303397677076 ], [ 3.488247386467065, 51.401276242000499 ], [ 3.489017561984179, 51.400025066634271 ], [ 3.492067000707205, 51.401124489882768 ], [ 3.491292750485199, 51.40242067902097 ], [ 3.491360344869164, 51.402614310885845 ], [ 3.491613287069694, 51.402564673243042 ], [ 3.492395735803305, 51.401250774943911 ], [ 3.494481896835733, 51.402073519926212 ], [ 3.493685960123386, 51.402906751638191 ], [ 3.493734530453341, 51.403081214554312 ], [ 3.493910271176322, 51.403067281409392 ], [ 3.494719504889023, 51.402227101861726 ], [ 3.496481335653403, 51.402972769989859 ], [ 3.496006158246241, 51.403480052098985 ], [ 3.496088842953876, 51.403649833405154 ], [ 3.496290197502484, 51.403668918848453 ], [ 3.496808865753753, 51.403130903333569 ], [ 3.497866795188055, 51.403595455572379 ], [ 3.4981483016112, 51.403838809472653 ], [ 3.497905900262017, 51.404278577923534 ], [ 3.498094430459418, 51.404309031051206 ], [ 3.498344474012178, 51.404034421938022 ], [ 3.499363395747219, 51.404752354654008 ], [ 3.499373084307551, 51.404983445780076 ], [ 3.499644348660354, 51.404835755015668 ], [ 3.499866185991597, 51.404920379309495 ], [ 3.500436241959196, 51.405388602926266 ], [ 3.500266472351136, 51.405631152353088 ], [ 3.50033934840899, 51.405768431547045 ], [ 3.500522326327674, 51.405771058757566 ], [ 3.500750629760274, 51.405484438059354 ], [ 3.501228260998007, 51.405524184482864 ], [ 3.501795325601229, 51.40581435214353 ], [ 3.501704269399885, 51.406294852813623 ], [ 3.501839830690913, 51.406395520274181 ], [ 3.502003070475692, 51.406315824269988 ], [ 3.502109319274372, 51.405838313471655 ], [ 3.502926289560806, 51.405869783542634 ], [ 3.503050213652513, 51.40659443086485 ], [ 3.502647120955704, 51.407003696008474 ], [ 3.502820792585995, 51.407102910225468 ], [ 3.503145097059385, 51.406902107636 ], [ 3.503443852224838, 51.40793707487083 ], [ 3.503628569962383, 51.407820327943881 ], [ 3.503420308287744, 51.406581633051559 ], [ 3.504534804506958, 51.406727683463664 ], [ 3.505161317834069, 51.407991375558247 ], [ 3.505343738785714, 51.407844278878038 ], [ 3.504870022529715, 51.406688757572006 ], [ 3.505063537879884, 51.406587961994063 ], [ 3.505362135576962, 51.406735088627606 ], [ 3.506826708282377, 51.406837092273669 ], [ 3.506710209432117, 51.40756542807604 ], [ 3.506835199061795, 51.407712175658347 ], [ 3.506998771844857, 51.407631358340396 ], [ 3.507130670237847, 51.406852963899141 ], [ 3.50843353651972, 51.406931004224177 ], [ 3.508250988454628, 51.408209936666189 ], [ 3.508364612538132, 51.408324750282027 ], [ 3.508555772808098, 51.408234895096783 ], [ 3.508748747508741, 51.40694331017508 ], [ 3.511678174239018, 51.407110032207477 ], [ 3.511506687413312, 51.408362336837286 ], [ 3.511646129517431, 51.408486291175159 ], [ 3.511836521120741, 51.408396755957675 ], [ 3.512017589290371, 51.407139370890029 ], [ 3.514915495284558, 51.407357265840666 ], [ 3.514879264237555, 51.408952178684501 ], [ 3.515010634578839, 51.409066050082643 ], [ 3.515196645519203, 51.408955904466701 ], [ 3.51528331076373, 51.407398294418272 ], [ 3.517990897118798, 51.407579121048592 ], [ 3.518050114620242, 51.408986014914511 ], [ 3.518205303581034, 51.409125637408543 ], [ 3.51835828103885, 51.409010576952276 ], [ 3.518313359517744, 51.407594391277151 ], [ 3.52111082684938, 51.407380567169099 ], [ 3.521561927641101, 51.408928227548742 ], [ 3.52174353088627, 51.408789370686485 ], [ 3.52140339753579, 51.407328813556731 ], [ 3.524154121170936, 51.406761476430937 ], [ 3.524358320652283, 51.408742629320734 ], [ 3.524546618033872, 51.408837964656264 ], [ 3.52466543753464, 51.408721754560375 ], [ 3.524469608543524, 51.406700240078422 ], [ 3.526643599066076, 51.406626667715258 ], [ 3.526818549323058, 51.408195732892118 ], [ 3.526969491437461, 51.408298548334713 ], [ 3.527118387319507, 51.408153913366355 ], [ 3.526947694977413, 51.406650629520698 ], [ 3.529085115979459, 51.406594286085131 ], [ 3.529299583673188, 51.408371987336274 ], [ 3.529466267021133, 51.408493577237834 ], [ 3.529608355177955, 51.408349016427046 ], [ 3.529402242173961, 51.406616722205577 ], [ 3.532288369596045, 51.406169102391161 ], [ 3.532515172168641, 51.407734493964533 ], [ 3.532722975055282, 51.407843001989875 ], [ 3.532825896884425, 51.407699487010646 ], [ 3.532611962036561, 51.406159048741628 ], [ 3.535309676787484, 51.405940318316553 ], [ 3.535315855470023, 51.4075893957679 ], [ 3.53552357562035, 51.407699674287912 ], [ 3.535632760642561, 51.407594356580056 ], [ 3.535640723542641, 51.405848808375474 ], [ 3.537264887856116, 51.405716363460598 ], [ 3.538499409921303, 51.405835056324868 ], [ 3.538744798030249, 51.40714083578942 ], [ 3.538913414368078, 51.407222834918784 ], [ 3.539045851090897, 51.407068267386556 ], [ 3.538829103732642, 51.405844757733938 ], [ 3.540901938574848, 51.405792649480333 ], [ 3.541132246094806, 51.406896079734025 ], [ 3.54126173570211, 51.40697602985059 ], [ 3.541442709763962, 51.406832401337041 ], [ 3.541207400141175, 51.405750053034197 ], [ 3.5427785729837, 51.405640614073015 ], [ 3.543553426642892, 51.40689559755544 ], [ 3.543696814674942, 51.406728401361811 ], [ 3.543108067237523, 51.405622215554047 ], [ 3.544308909317299, 51.405225882734548 ], [ 3.545606798668962, 51.406480607103774 ], [ 3.545722316555426, 51.406293467610745 ], [ 3.544681314590812, 51.405199054227964 ], [ 3.546980677729991, 51.404924019311018 ], [ 3.549155072214754, 51.405983939967982 ], [ 3.551636357941062, 51.406450893516826 ], [ 3.551811483604112, 51.406317944099271 ], [ 3.551637891298308, 51.406073231668522 ], [ 3.54747115368844, 51.404382411138293 ], [ 3.546565014155235, 51.403369139663177 ], [ 3.546998438437665, 51.402871476503847 ], [ 3.546659707453712, 51.402298166153017 ], [ 3.546848434434037, 51.40192315996832 ], [ 3.547073385233339, 51.401832322166875 ], [ 3.548458924788891, 51.402882848461772 ], [ 3.548547019653254, 51.402672088088337 ], [ 3.547266692613486, 51.401646719566187 ], [ 3.547721310525244, 51.401410026486317 ], [ 3.548185572289524, 51.401612008947687 ], [ 3.548294942852518, 51.401474529182742 ], [ 3.548134079312693, 51.401316885204452 ], [ 3.549206003077698, 51.401048814822943 ], [ 3.550986867162222, 51.400987812422755 ], [ 3.551455036258545, 51.401333201530747 ], [ 3.553543658905031, 51.403731135152178 ], [ 3.553563458880182, 51.403918141045267 ], [ 3.552997772478759, 51.404544973084775 ], [ 3.553296219527991, 51.40479589127159 ], [ 3.554019395797559, 51.404149817985697 ], [ 3.554110612257479, 51.403695423264558 ], [ 3.552679240503075, 51.401865242874386 ], [ 3.553756548334497, 51.40148495143962 ], [ 3.553959329295467, 51.401728490112404 ], [ 3.55413895418448, 51.401708437821647 ], [ 3.554043646441353, 51.401383926243554 ], [ 3.554709444570338, 51.401171675577892 ], [ 3.555552538940367, 51.400994295120306 ], [ 3.557269828613827, 51.402972721787968 ], [ 3.557437883993495, 51.402788808270465 ], [ 3.555876662645017, 51.400938982886814 ], [ 3.558928501329292, 51.400722952148442 ], [ 3.560188504191943, 51.402050013766384 ], [ 3.560341925078517, 51.401865882969865 ], [ 3.559321349919458, 51.400739751603027 ], [ 3.564080393548489, 51.400807443073269 ], [ 3.566317918457082, 51.400715182950194 ], [ 3.567340851993544, 51.400439881186152 ], [ 3.567890266532405, 51.400711446305074 ], [ 3.567945870292274, 51.400565654186593 ], [ 3.567639377433278, 51.400240477590728 ], [ 3.5627015047519, 51.396653372435374 ], [ 3.562811761897581, 51.396180143334014 ], [ 3.563505611030768, 51.396400645609589 ], [ 3.56633654446967, 51.398545898865962 ], [ 3.566894698179349, 51.398091615756535 ], [ 3.567056742124666, 51.397671739829249 ], [ 3.564523290239798, 51.395697633038075 ], [ 3.564704507261083, 51.395418215071501 ], [ 3.56609775388022, 51.395385503175127 ], [ 3.567836718162269, 51.396579963173409 ], [ 3.568000857047912, 51.396927289496759 ], [ 3.568122522377852, 51.396655984932941 ], [ 3.568544785826092, 51.39657675073007 ], [ 3.56858462680376, 51.395342288352538 ], [ 3.568740353156969, 51.395221459636993 ], [ 3.570049197450303, 51.395205767230564 ], [ 3.570338289816101, 51.395871470126053 ], [ 3.570754926339343, 51.395845716011145 ], [ 3.572041662332329, 51.395005209418365 ], [ 3.573455561755034, 51.395007328868715 ], [ 3.574280219188685, 51.395598203973208 ], [ 3.568254895537277, 51.398554857972869 ], [ 3.568023829651546, 51.398844616513472 ], [ 3.567995203797846, 51.399190209062688 ], [ 3.568271456636849, 51.399344851450167 ], [ 3.568397248604372, 51.398919676924443 ], [ 3.57826052476314, 51.394120754685432 ], [ 3.578417438910761, 51.393672177131876 ], [ 3.57978893289416, 51.392929535289113 ], [ 3.579696447909056, 51.392378904369551 ], [ 3.579106783904474, 51.392022597903782 ], [ 3.579169630549528, 51.391869259428653 ], [ 3.583876005689341, 51.388662953693796 ], [ 3.584675178437659, 51.389269651551309 ], [ 3.58471437403472, 51.389113137471526 ], [ 3.584137656172429, 51.388482054877493 ], [ 3.585893677647152, 51.387497336759111 ], [ 3.588302177928248, 51.386930556364725 ], [ 3.596276145222451, 51.385930215927829 ], [ 3.599267626782378, 51.386195713819085 ], [ 3.598907004480068, 51.386666840563507 ], [ 3.599183770638347, 51.387633483741169 ], [ 3.599376715708432, 51.387490330810941 ], [ 3.59921650449105, 51.386719204923374 ], [ 3.599601077646848, 51.386276038464629 ], [ 3.599911463579384, 51.38629907373501 ], [ 3.600231415970914, 51.387287091557894 ], [ 3.600415530319284, 51.387365574547125 ], [ 3.600521521373498, 51.387227710513386 ], [ 3.600228621499865, 51.386265478887189 ], [ 3.60048658796787, 51.38619380103998 ], [ 3.600553511854152, 51.386013564535773 ], [ 3.600105901757352, 51.385456551113258 ], [ 3.60029945894948, 51.385427965799614 ], [ 3.600842852654798, 51.386108008086929 ], [ 3.601343862062373, 51.386454352331299 ], [ 3.601477409566499, 51.386331839430341 ], [ 3.601336824683791, 51.38610585867152 ], [ 3.607938963561926, 51.385160125452785 ], [ 3.607936676560251, 51.384913251883916 ], [ 3.607347502636025, 51.384953653409177 ], [ 3.607214488934678, 51.384816074232496 ], [ 3.607794726799006, 51.383848840632297 ], [ 3.614220204240888, 51.382576055459644 ], [ 3.615806467830097, 51.380623112922159 ], [ 3.624216511729749, 51.378957377066278 ], [ 3.624585721176685, 51.380045460906651 ], [ 3.624745876704704, 51.380123011993582 ], [ 3.624861100095637, 51.379986530261981 ], [ 3.624548499267827, 51.378888917056557 ], [ 3.627417855043974, 51.378359619864611 ], [ 3.627973578535217, 51.379214384551304 ], [ 3.628092888573542, 51.379054251811851 ], [ 3.627745342735999, 51.378304882323654 ], [ 3.629021190964905, 51.378082039750986 ], [ 3.629449149507793, 51.37863163852451 ], [ 3.629565052170578, 51.378487351892041 ], [ 3.629323900384108, 51.378021161009457 ], [ 3.630634871657923, 51.377792277179779 ], [ 3.63106577247595, 51.378379779116592 ], [ 3.63119768080074, 51.378234262526021 ], [ 3.630957189909145, 51.377727356626011 ], [ 3.634303155923206, 51.377137925307331 ], [ 3.634649708972018, 51.377597861738039 ], [ 3.634767678984062, 51.377429343687524 ], [ 3.634622758005415, 51.377083634172436 ], [ 3.636313082420032, 51.376780095487071 ], [ 3.63654780347757, 51.377312776028738 ], [ 3.63671138830898, 51.377370145204281 ], [ 3.636840743410043, 51.377206468323223 ], [ 3.63665177967332, 51.376717462576742 ], [ 3.640767547982714, 51.376002937526557 ], [ 3.641863795838578, 51.375884528359457 ], [ 3.642091688315094, 51.376448166353264 ], [ 3.642248826967379, 51.376339926439471 ], [ 3.642133818228708, 51.375855932530406 ], [ 3.643540393400566, 51.375719307055867 ], [ 3.643773766066176, 51.376173601599881 ], [ 3.643895395628299, 51.376049963568455 ], [ 3.643822566192967, 51.375691578001984 ], [ 3.645194420045181, 51.375569269035076 ], [ 3.645270287493513, 51.376020026950158 ], [ 3.645410973448316, 51.376091447518085 ], [ 3.645528582355714, 51.375991516794542 ], [ 3.645481595978303, 51.37554361062098 ], [ 3.647261792731137, 51.375300278812901 ], [ 3.647511686831721, 51.375665960765744 ], [ 3.647641077094164, 51.37552982208139 ], [ 3.647553424372857, 51.375236843292605 ], [ 3.649313989795528, 51.375029250879912 ], [ 3.649417033190527, 51.375585082113588 ], [ 3.649564506814591, 51.375657671291627 ], [ 3.649684952151744, 51.375526553922512 ], [ 3.649598573392383, 51.375021546729315 ], [ 3.651418074295875, 51.374873044567614 ], [ 3.6516656621523, 51.375437624430624 ], [ 3.651790850005855, 51.375305988278427 ], [ 3.651699204644226, 51.374851307091582 ], [ 3.655082631270606, 51.374540020255758 ], [ 3.655594384079248, 51.375501721549213 ], [ 3.655760178175613, 51.375364928700662 ], [ 3.655384712734541, 51.374511972279016 ], [ 3.662423884933255, 51.373809410706905 ], [ 3.663941906753095, 51.374294157082765 ], [ 3.66437819727003, 51.375204604797425 ], [ 3.664663936613066, 51.37525370225277 ], [ 3.664766271690251, 51.375070079037314 ], [ 3.664585436517689, 51.37474293627384 ], [ 3.66476015324059, 51.374662046283596 ], [ 3.666511390169211, 51.374731817700955 ], [ 3.668675441814503, 51.374324357928373 ], [ 3.671309083822367, 51.373452024920255 ], [ 3.672202467002735, 51.37285552663505 ], [ 3.686793736305483, 51.371380579372122 ], [ 3.685252625424512, 51.372921714791993 ], [ 3.685225459453763, 51.373106017038111 ], [ 3.685371550423933, 51.373156874751281 ], [ 3.687165817560455, 51.371431259534411 ], [ 3.687949106186857, 51.37155565372445 ], [ 3.687635604042329, 51.37120463829514 ], [ 3.688064338453307, 51.370757773200957 ], [ 3.688656849031729, 51.370875073362335 ], [ 3.68864961765435, 51.370693071885697 ], [ 3.688256397895349, 51.370550695377524 ], [ 3.688719810265539, 51.370064068856337 ], [ 3.689309989575751, 51.370298962218428 ], [ 3.689451650058815, 51.370220961609569 ], [ 3.689431046580635, 51.370073964534861 ], [ 3.688914162988334, 51.369857699651376 ], [ 3.691066723077599, 51.367623204960168 ], [ 3.691031249214875, 51.365970410822321 ], [ 3.691791779488558, 51.367773007346152 ], [ 3.691960689162657, 51.367836399834736 ], [ 3.692082544746087, 51.36768971761834 ], [ 3.691383560336779, 51.365885873852008 ], [ 3.691540195406015, 51.365868243729814 ], [ 3.692110498858909, 51.367777149041792 ], [ 3.69234372126071, 51.367832416300821 ], [ 3.691876609982681, 51.365843052764909 ], [ 3.69229555641122, 51.365783316532848 ], [ 3.693205901062576, 51.366091250914579 ], [ 3.693206335257955, 51.365907251443815 ], [ 3.692676822716221, 51.365678899183898 ], [ 3.69310841486707, 51.365411678809657 ], [ 3.693213595439429, 51.364876861991519 ], [ 3.69414299885184, 51.365043343332403 ], [ 3.694265201263024, 51.364904819232464 ], [ 3.693253252676362, 51.364621751208659 ], [ 3.693389463928427, 51.364327406253167 ], [ 3.696673403803922, 51.362353859206031 ], [ 3.698058729062987, 51.361902407549096 ], [ 3.698517062736303, 51.361482106926189 ], [ 3.700277823967858, 51.360651860849998 ], [ 3.70114341736536, 51.360453470378317 ], [ 3.703151255452871, 51.36199711636209 ], [ 3.703227453188624, 51.361776491101722 ], [ 3.701767948705018, 51.360516946245781 ], [ 3.702329124450854, 51.359929838166735 ], [ 3.703506826299998, 51.359540493572453 ], [ 3.703699752972296, 51.358944342821417 ], [ 3.704172728045156, 51.359199295082647 ], [ 3.70465556158688, 51.359155866344338 ], [ 3.705295805417352, 51.358879380135015 ], [ 3.705863579228714, 51.358889299485035 ], [ 3.706586307990521, 51.358389485579657 ], [ 3.707333765993831, 51.358259514856755 ], [ 3.708202431015167, 51.357425551846099 ], [ 3.709084631316811, 51.357411199632374 ], [ 3.709219460939596, 51.357038678379084 ], [ 3.709642677259774, 51.357123479911245 ], [ 3.709793218555216, 51.356881518530692 ], [ 3.710360214593308, 51.356753702888881 ], [ 3.71102692419829, 51.35613783286616 ], [ 3.712651304364422, 51.357246196167772 ], [ 3.713386321088724, 51.358342681313765 ], [ 3.713614599169032, 51.3583724144979 ], [ 3.713657188323234, 51.358152051066583 ], [ 3.712983759912573, 51.357175285981555 ], [ 3.711207714603967, 51.355911972200602 ], [ 3.711481926856793, 51.355260242552674 ], [ 3.711804564204006, 51.355641323576371 ], [ 3.712344488833006, 51.355342354755827 ], [ 3.712471866216089, 51.354350201872315 ], [ 3.7130285817902, 51.35376262124241 ], [ 3.713906078649772, 51.353392386187423 ], [ 3.713937553924994, 51.353111479612409 ], [ 3.714962968512844, 51.353026279982593 ], [ 3.714304253524215, 51.353350558778672 ], [ 3.714197964576944, 51.353649336024596 ], [ 3.714388144457148, 51.353793885352594 ], [ 3.715974598360125, 51.353681187122135 ], [ 3.716819444407011, 51.353102221849397 ], [ 3.717077448072512, 51.353076301795419 ], [ 3.71712433401296, 51.352619044800946 ], [ 3.717565681698868, 51.352596539502457 ], [ 3.717539488346012, 51.352347833605279 ], [ 3.717915848155068, 51.352117050027964 ], [ 3.718085277321464, 51.352437582444814 ], [ 3.718357700132651, 51.352323442412278 ], [ 3.718635890790756, 51.352412878297692 ], [ 3.718724594918037, 51.352094777218788 ], [ 3.718425893831065, 51.351942817978639 ], [ 3.718607653758985, 51.351652647762748 ], [ 3.718987943141578, 51.35203229421073 ], [ 3.719415131515082, 51.351904516893768 ], [ 3.719751308388368, 51.351561014809292 ], [ 3.71982154404688, 51.351248740745447 ], [ 3.720147738675138, 51.351264030427295 ], [ 3.720327045424199, 51.350945018459655 ], [ 3.720652957398367, 51.35085702305274 ], [ 3.72067386672594, 51.350624195435316 ], [ 3.721199241590296, 51.35057741295234 ], [ 3.721341676311064, 51.350394908535236 ], [ 3.721814471323329, 51.350301947174223 ], [ 3.722022255684672, 51.350035273474852 ], [ 3.722271263398669, 51.350125004518375 ], [ 3.722336552599442, 51.349889031957623 ], [ 3.722629718255123, 51.349889212914007 ], [ 3.722731731112862, 51.349667285688639 ], [ 3.723039900556655, 51.349838009341525 ], [ 3.723758429292598, 51.349429035164633 ], [ 3.724536719000853, 51.349421124337624 ], [ 3.724692762489727, 51.349208842150034 ], [ 3.726003010958019, 51.349269933328159 ], [ 3.726179695464606, 51.34898904980637 ], [ 3.728426545129341, 51.349147739639108 ], [ 3.729082262693551, 51.349427196975711 ], [ 3.729165829968588, 51.349667021288496 ], [ 3.72952172838835, 51.349839011412449 ], [ 3.730337228331778, 51.349739758653698 ], [ 3.73082449562812, 51.349487403464792 ], [ 3.730861437370559, 51.349182207652305 ], [ 3.730629276534626, 51.348870468858564 ], [ 3.731214391490184, 51.348815959018111 ], [ 3.734531839918819, 51.348812461238545 ], [ 3.736505890198814, 51.34902661458581 ], [ 3.741565825132369, 51.348971194189218 ], [ 3.747429766133882, 51.348292579855936 ], [ 3.758163459008059, 51.347963715767776 ], [ 3.758803023588511, 51.347649207153083 ], [ 3.759068094141466, 51.347274982099911 ], [ 3.759107557306824, 51.34683487028127 ], [ 3.758851626853451, 51.346376990462005 ], [ 3.76086980982227, 51.346235891620722 ], [ 3.761091705553997, 51.346046215934535 ], [ 3.760213797000152, 51.344965158489067 ], [ 3.759876827233855, 51.345174465676322 ], [ 3.760530511985241, 51.345963726083156 ], [ 3.758628400890297, 51.346093478332932 ], [ 3.758037308984867, 51.345495169814946 ], [ 3.756106177529676, 51.344097907426473 ], [ 3.7555979189541, 51.343524775578366 ], [ 3.755296343607289, 51.342663348067838 ], [ 3.755083262500758, 51.340943679624708 ], [ 3.755334258023522, 51.3403738035909 ], [ 3.755635833325649, 51.340096697742013 ], [ 3.756290939733307, 51.340439121510158 ], [ 3.758824527627123, 51.339701133225397 ], [ 3.75889308709158, 51.339116277767808 ], [ 3.768350818043938, 51.336361000631967 ], [ 3.768994622988646, 51.336257114724731 ], [ 3.768975623249843, 51.336639029113705 ], [ 3.769198748197042, 51.336693755705227 ], [ 3.769317675022991, 51.336093873330455 ], [ 3.76950076718366, 51.336727400012357 ], [ 3.769719763600988, 51.336668953815618 ], [ 3.769709591442609, 51.336309458164614 ], [ 3.77100874087169, 51.336394584402306 ], [ 3.770724827646086, 51.339112554063057 ], [ 3.768216980982786, 51.339094224967958 ], [ 3.764708383829605, 51.340396042281654 ], [ 3.765078572617098, 51.340735522485851 ], [ 3.768308032631281, 51.339365476622376 ], [ 3.770687402721618, 51.339390355098743 ], [ 3.769848967857673, 51.345554251739117 ], [ 3.76815500870753, 51.345450245556748 ], [ 3.768188469983304, 51.344899168918438 ], [ 3.767804482831263, 51.344862537897463 ], [ 3.767753066571574, 51.346128682102766 ], [ 3.767607858316103, 51.34617225982776 ], [ 3.767556649806237, 51.346471062897216 ], [ 3.767693398376625, 51.346577669414948 ], [ 3.767611821199579, 51.347219543661673 ], [ 3.767437645027226, 51.347553394751806 ], [ 3.76798311452455, 51.347597000948987 ], [ 3.768119579019856, 51.345725355382704 ], [ 3.76980352672379, 51.345821380889276 ], [ 3.769551694791323, 51.348968383934995 ], [ 3.769783513594729, 51.349467760175884 ], [ 3.770206471725545, 51.349822721878006 ], [ 3.771486657643527, 51.350296064723778 ], [ 3.770844281493512, 51.350568350554205 ], [ 3.770899944127145, 51.350803171954112 ], [ 3.771572385676623, 51.350585201418369 ], [ 3.771852922377203, 51.350292346779774 ], [ 3.778549131642631, 51.350122714669745 ], [ 3.778664830809108, 51.350811269089483 ], [ 3.77889246757057, 51.351064998357963 ], [ 3.77900764013321, 51.350961535763922 ], [ 3.77891466675213, 51.350167788598512 ], [ 3.779703460593835, 51.350276016923601 ], [ 3.780964169102743, 51.350089593073577 ], [ 3.781042708202786, 51.3505765886893 ], [ 3.781248776348107, 51.350623733728391 ], [ 3.781384698016475, 51.350527031356606 ], [ 3.781333179766305, 51.350090337720253 ], [ 3.782634124440498, 51.350049700161847 ], [ 3.782707724028233, 51.350498938984828 ], [ 3.782846254872459, 51.350564120325863 ], [ 3.783053568794425, 51.350471562104204 ], [ 3.783000102038037, 51.350038752133436 ], [ 3.785013530582578, 51.349795780129313 ], [ 3.789021327826334, 51.349653756264367 ], [ 3.792317704527889, 51.347606394195957 ], [ 3.792363091610142, 51.347381014642316 ], [ 3.792055610296535, 51.3472147928453 ], [ 3.792371544407747, 51.347011293268096 ], [ 3.794342841319382, 51.346165850132188 ], [ 3.797054081865149, 51.345428224803101 ], [ 3.797319864625849, 51.345851369752552 ], [ 3.797815930388126, 51.345845380086658 ], [ 3.798689772036359, 51.344999253345662 ], [ 3.799615724798622, 51.344550240074234 ], [ 3.801528986101471, 51.3443096330153 ], [ 3.801859603181047, 51.345269153913996 ], [ 3.802021684664701, 51.345344862138717 ], [ 3.802149754571497, 51.345192800536736 ], [ 3.80183840687433, 51.344278183783196 ], [ 3.803121184217921, 51.344163839737881 ], [ 3.803448012380637, 51.345114707612339 ], [ 3.803634399277871, 51.345200361575884 ], [ 3.80375022559733, 51.345037646031741 ], [ 3.803443329296425, 51.344145465795712 ], [ 3.804674726411251, 51.344045068610065 ], [ 3.804997298909078, 51.344921727135365 ], [ 3.805165474010441, 51.344776312501239 ], [ 3.804981439953236, 51.344019698841123 ], [ 3.806404635333653, 51.343900867776277 ], [ 3.806753586283182, 51.344595211060245 ], [ 3.806892849334138, 51.344455482003056 ], [ 3.80670325664725, 51.343870454873482 ], [ 3.807577444368688, 51.343791032827482 ], [ 3.80751279989043, 51.344037469287315 ], [ 3.80771703745286, 51.344136686516464 ], [ 3.808488973587006, 51.343744272748033 ], [ 3.809898617048649, 51.343646171079463 ], [ 3.810032254837052, 51.343421561992976 ], [ 3.809949012497757, 51.343252088533383 ], [ 3.808154724203889, 51.342022317497189 ], [ 3.807298108931596, 51.340899062946185 ], [ 3.806984806299373, 51.339704698452373 ], [ 3.80724282664011, 51.338442904103488 ], [ 3.8125520763024, 51.331578925394709 ], [ 3.814770114570414, 51.330064308762942 ], [ 3.815365638103986, 51.33022197905948 ], [ 3.815761401140178, 51.329773671383421 ], [ 3.816062344573913, 51.329869053040127 ], [ 3.815770200585821, 51.330360240398413 ], [ 3.816334095681004, 51.330551889177357 ], [ 3.816152145900833, 51.33124152789037 ], [ 3.815713973065649, 51.332268511636507 ], [ 3.813786836599297, 51.335297113108219 ], [ 3.813262035319071, 51.336881897731359 ], [ 3.81370879076104, 51.337301780395471 ], [ 3.814489068835405, 51.337278867408649 ], [ 3.814723974874975, 51.337081235400078 ], [ 3.815119062100849, 51.336095142652702 ], [ 3.815496520397982, 51.335923800734143 ], [ 3.816118146120049, 51.336015829287994 ], [ 3.815673798432982, 51.336988546611046 ], [ 3.816050524823744, 51.337129228953167 ], [ 3.816904697856596, 51.335860656963369 ], [ 3.816641035352414, 51.337135958427261 ], [ 3.817144509217186, 51.337315598062382 ], [ 3.817093944411196, 51.337814719486175 ], [ 3.816276091444767, 51.33972832036897 ], [ 3.813874404623307, 51.342621591221395 ], [ 3.813894030811781, 51.342871654109267 ], [ 3.814141480451919, 51.343020647752944 ], [ 3.817474575975469, 51.343115340449991 ], [ 3.817846783116647, 51.342933212255893 ], [ 3.817279363883015, 51.341767984345374 ], [ 3.817317173726224, 51.340688530984501 ], [ 3.819221090557383, 51.336377380053257 ], [ 3.819595150529862, 51.336399135979633 ], [ 3.819683574881774, 51.336221191000419 ], [ 3.819842674664666, 51.336436868066201 ], [ 3.82025782814211, 51.336472966979137 ], [ 3.820247052454673, 51.338195836071257 ], [ 3.820391542048152, 51.338782930933689 ], [ 3.821720504326092, 51.339918453911032 ], [ 3.821526887407043, 51.340333378280882 ], [ 3.820156583970432, 51.341035016885982 ], [ 3.819694594943437, 51.342448758787818 ], [ 3.819814523247462, 51.342715042691502 ], [ 3.820254565946615, 51.342797004842474 ], [ 3.820594389437221, 51.342564508865379 ], [ 3.821348717593244, 51.341350295254394 ], [ 3.821685398912632, 51.341161106176685 ], [ 3.821970397306782, 51.341215186815084 ], [ 3.822315428268146, 51.342062528856353 ], [ 3.822952405481804, 51.342732622113751 ], [ 3.82470459094071, 51.342910539128617 ], [ 3.826104750662831, 51.342627509861202 ], [ 3.827336278463533, 51.343320027838359 ], [ 3.827737098728305, 51.343106195089732 ], [ 3.827648604370627, 51.342754674077817 ], [ 3.82505448383482, 51.341046513084166 ], [ 3.825401778819461, 51.340839148226912 ], [ 3.826205298378299, 51.3413623641896 ], [ 3.826423727645432, 51.341107753943021 ], [ 3.82568237470972, 51.340669962474315 ], [ 3.828825722060223, 51.339782013653249 ], [ 3.829388707369185, 51.339821594636206 ], [ 3.828460332259013, 51.342156127571847 ], [ 3.828546907259066, 51.34260060565736 ], [ 3.829058424829744, 51.342712911739419 ], [ 3.829293358405323, 51.34249417401999 ], [ 3.829260123401003, 51.342031826065664 ], [ 3.829449557393748, 51.341480447031316 ], [ 3.829847979513502, 51.34164199740394 ], [ 3.83003739072285, 51.341547509452731 ], [ 3.829551063997969, 51.341220972120013 ], [ 3.829904429277898, 51.340427604009335 ], [ 3.830769214330837, 51.341301517087118 ], [ 3.831014245971825, 51.341197265356577 ], [ 3.830038102646924, 51.34012250278991 ], [ 3.830331581343815, 51.339387992979674 ], [ 3.83079874852653, 51.339276733103141 ], [ 3.83232625124032, 51.340710339889299 ], [ 3.832436973142956, 51.340489181339606 ], [ 3.831142729297724, 51.339189800601211 ], [ 3.831701056459499, 51.33905388676866 ], [ 3.833346354518398, 51.339123902950426 ], [ 3.833814376001319, 51.340117899400461 ], [ 3.833973822807646, 51.340188987328787 ], [ 3.834086061380416, 51.340017917916519 ], [ 3.833699079913535, 51.339129873737633 ], [ 3.834506213434349, 51.338995577050277 ], [ 3.835148428233606, 51.340155984946662 ], [ 3.835351352965463, 51.340226042196882 ], [ 3.835443164088256, 51.340066113593487 ], [ 3.834785581799482, 51.338881447817663 ], [ 3.835263913062875, 51.338591656247672 ], [ 3.836472808770745, 51.339747764320293 ], [ 3.836730901624638, 51.339659584850864 ], [ 3.835432380526276, 51.33834850680482 ], [ 3.835540717954877, 51.337496057209513 ], [ 3.836320250423642, 51.337191954280847 ], [ 3.839693119278325, 51.336721089234686 ], [ 3.842065177426268, 51.335916907315742 ], [ 3.847601629335162, 51.335734316669601 ], [ 3.847889796171899, 51.337568016244276 ], [ 3.84809277690777, 51.337465596003398 ], [ 3.847901571234227, 51.335723330812733 ], [ 3.856057395110987, 51.335975577702008 ], [ 3.856598502802998, 51.335867294107373 ], [ 3.856999703121637, 51.335492263404191 ], [ 3.857268260255041, 51.335492273935188 ], [ 3.857481337875984, 51.335509353865945 ], [ 3.858037845331693, 51.335994545362176 ], [ 3.858555657301576, 51.336092158693695 ], [ 3.866644636967433, 51.336341249107406 ], [ 3.867406094425408, 51.336761282110928 ], [ 3.868073422928727, 51.337913847137692 ], [ 3.86872509037587, 51.338680664118165 ], [ 3.866715336230148, 51.341232121011224 ], [ 3.866733859328705, 51.341426590740646 ], [ 3.867078415297213, 51.34135081033272 ], [ 3.868949784088568, 51.338958575288864 ], [ 3.869070682433171, 51.339019269699634 ], [ 3.86939118696074, 51.339455856306259 ], [ 3.867760330071597, 51.34143033095048 ], [ 3.867769347448733, 51.341613476532729 ], [ 3.868031320148797, 51.341659811533887 ], [ 3.869593654012416, 51.339736159432825 ], [ 3.869963577598683, 51.340263779385431 ], [ 3.868909817253999, 51.341472690063505 ], [ 3.868883191143963, 51.34182550614301 ], [ 3.869307100079406, 51.341607379648373 ], [ 3.870177629529351, 51.340509621611304 ], [ 3.870709567259033, 51.340844236999665 ], [ 3.869694455956074, 51.342070404175217 ], [ 3.869781502925123, 51.342288245400951 ], [ 3.869933871072612, 51.342272091124023 ], [ 3.871014925537839, 51.340952522868776 ], [ 3.871452477113923, 51.341098312526213 ], [ 3.870388040694044, 51.34240754551135 ], [ 3.870478301079336, 51.342611319312766 ], [ 3.870689556786824, 51.342543263012672 ], [ 3.871806206727897, 51.341210376539216 ], [ 3.872333546545708, 51.341386107951145 ], [ 3.870920614158056, 51.343146241857433 ], [ 3.871010679120878, 51.343363475425086 ], [ 3.871315953016169, 51.343213659176861 ], [ 3.872721789310068, 51.341502593400662 ], [ 3.873121121255079, 51.341632551784741 ], [ 3.871587454863203, 51.343429819289618 ], [ 3.871608554672935, 51.34360846113033 ], [ 3.871899929981849, 51.34361361586798 ], [ 3.873499007697331, 51.341742090265562 ], [ 3.873723582662376, 51.341824155135477 ], [ 3.873826411633199, 51.341932361122396 ], [ 3.872267656565537, 51.343928255067034 ], [ 3.872515500773544, 51.344048192875391 ], [ 3.873939924604066, 51.342358582234056 ], [ 3.874097528138687, 51.343019957194819 ], [ 3.873115871350054, 51.344315860325956 ], [ 3.873387592257105, 51.344404996611381 ], [ 3.874214377776709, 51.343444333803284 ], [ 3.874469958926734, 51.344699511862942 ], [ 3.873924141852531, 51.345634296054932 ], [ 3.874140651737927, 51.345688757655886 ], [ 3.874561701298786, 51.345059023267176 ], [ 3.874760897572141, 51.34574090421517 ], [ 3.875333333684182, 51.346437700873352 ], [ 3.879969386396271, 51.347028394229831 ], [ 3.879925061700502, 51.347281979251434 ], [ 3.880051550689636, 51.347363269350289 ], [ 3.880261390796642, 51.347077238481695 ], [ 3.881499705501496, 51.347238604380244 ], [ 3.881354724798046, 51.347665590090848 ], [ 3.881489105816877, 51.347837809157383 ], [ 3.88166614599704, 51.347751049407279 ], [ 3.881850792045493, 51.347285131793356 ], [ 3.883808161697317, 51.347544769559853 ], [ 3.883579244765087, 51.348220132521888 ], [ 3.883692308814171, 51.34836740248555 ], [ 3.883845214230303, 51.348295321884251 ], [ 3.88412438939041, 51.347570421768424 ], [ 3.884612309650799, 51.347592075564364 ], [ 3.884788423172486, 51.347887726142396 ], [ 3.884755264491801, 51.349038810578044 ], [ 3.885065216932492, 51.349393842476545 ], [ 3.886234662573063, 51.348992166222629 ], [ 3.886275024029921, 51.347924114672246 ], [ 3.889876285208283, 51.348459434876581 ], [ 3.891148840712531, 51.348854432058999 ], [ 3.892180407170872, 51.349461299427354 ], [ 3.892964052083987, 51.350246098151565 ], [ 3.89198642835708, 51.350791860522172 ], [ 3.89199048103121, 51.351004881823741 ], [ 3.893170306951036, 51.350481637447949 ], [ 3.894654614483607, 51.352089625081412 ], [ 3.895525601345634, 51.352714133792162 ], [ 3.902190601914093, 51.354909639510268 ], [ 3.90271660864426, 51.355205991976987 ], [ 3.902473639017198, 51.355323015832802 ], [ 3.902517736220148, 51.355505156674774 ], [ 3.902958022655567, 51.355398455728789 ], [ 3.903873465904538, 51.356531980995619 ], [ 3.905001997915049, 51.357308807669547 ], [ 3.911246870213609, 51.359362348336333 ], [ 3.910860316278089, 51.359823930074299 ], [ 3.910997366144379, 51.359990281719369 ], [ 3.911548758264042, 51.359451506337066 ], [ 3.912253245545904, 51.359683322615176 ], [ 3.911743922658517, 51.360232619004698 ], [ 3.911792086340943, 51.360376569339344 ], [ 3.911982634811172, 51.360405746004318 ], [ 3.912571593262463, 51.359788864276119 ], [ 3.913994234666557, 51.360245507162077 ], [ 3.913718738321502, 51.360575333975937 ], [ 3.913864976035888, 51.360741826163448 ], [ 3.914293700851278, 51.360336702360712 ], [ 3.915838609168462, 51.360835396326685 ], [ 3.915271318288597, 51.361532815196504 ], [ 3.915238561526339, 51.361721404382692 ], [ 3.915417352709722, 51.361799679963809 ], [ 3.916164157801424, 51.360936782490782 ], [ 3.916355054089077, 51.361000939445141 ], [ 3.915667392696446, 51.361747000080058 ], [ 3.915817851018767, 51.361957527148135 ], [ 3.916677339748065, 51.361102665266813 ], [ 3.917146960376451, 51.361253439498199 ], [ 3.916407088352941, 51.362142741733031 ], [ 3.916539382273257, 51.362340556598674 ], [ 3.917476563416365, 51.361356113340733 ], [ 3.926984550166703, 51.3628631632915 ], [ 3.927020834493676, 51.363182004082141 ], [ 3.927212982317066, 51.363164989821747 ], [ 3.927296675955681, 51.362898724644062 ], [ 3.929644355035221, 51.36313260177679 ], [ 3.929311565706979, 51.364580614335651 ], [ 3.928446571926573, 51.365700872363256 ], [ 3.928621305743634, 51.365871280947538 ], [ 3.929580927692259, 51.364717948471743 ], [ 3.92998295936596, 51.363155098741139 ], [ 3.935730452184196, 51.363732576574264 ], [ 3.936614855534202, 51.363681438835378 ], [ 3.938012511481361, 51.364236396475626 ], [ 3.940341431419732, 51.364780562246551 ], [ 3.943930891184633, 51.366360317292028 ], [ 3.945329230424591, 51.36655906113532 ], [ 3.945200498413691, 51.366724180420533 ], [ 3.945340791509615, 51.366870347365619 ], [ 3.945770985798785, 51.366712646727578 ], [ 3.946615757665224, 51.367000873367047 ], [ 3.946912140062027, 51.366869173732148 ], [ 3.946980819803582, 51.367280332156263 ], [ 3.947701413669329, 51.367481732144114 ], [ 3.949868077714485, 51.367215743101745 ], [ 3.950007665254239, 51.367328369609716 ], [ 3.950415867892674, 51.367243150543217 ], [ 3.950716888109136, 51.367445503412597 ], [ 3.951078133570499, 51.367254267864659 ], [ 3.952421963138092, 51.367443929562533 ], [ 3.953259354723277, 51.367732145292585 ], [ 3.954499052596334, 51.36779746474452 ], [ 3.954803206748213, 51.367510641717466 ], [ 3.954694456290257, 51.366939012059468 ], [ 3.95497331686873, 51.366561617048092 ], [ 3.955096408508503, 51.365950335085572 ], [ 3.956052190673346, 51.365883982571773 ], [ 3.956163415967716, 51.365511180278666 ], [ 3.957345116066831, 51.365562903925081 ], [ 3.957623173217889, 51.365285078376907 ], [ 3.957997584607031, 51.365314297983772 ], [ 3.958355916385467, 51.365635462406722 ], [ 3.959510991043132, 51.369005295707098 ], [ 3.95906581720731, 51.371331013924291 ], [ 3.961523786253876, 51.374589733175263 ], [ 3.962607059919859, 51.375428605078838 ], [ 3.963119156495237, 51.381424255537972 ], [ 3.958510727470972, 51.383042904867501 ], [ 3.956486503066356, 51.380813914510149 ], [ 3.955323908209686, 51.379812677599048 ], [ 3.95679483572952, 51.379200466817267 ], [ 3.956814560019954, 51.378965658209431 ], [ 3.955083210377134, 51.379614106254472 ], [ 3.954583097527575, 51.379251024119341 ], [ 3.954368717422226, 51.379422529500623 ], [ 3.956640975455785, 51.381405739318332 ], [ 3.95920428801867, 51.384302129668811 ], [ 3.959957117489626, 51.385446165887274 ], [ 3.96059717687482, 51.386918407312464 ], [ 3.9614781863286, 51.39029188320719 ], [ 3.961559223961302, 51.391344992346689 ], [ 3.962238606963427, 51.394342300802855 ], [ 3.962553105511273, 51.394348648102515 ], [ 3.962482878898385, 51.393830127959539 ], [ 3.965204092720371, 51.393840708302612 ], [ 3.9651273542105, 51.396846911731956 ], [ 3.963850489109664, 51.398639730897607 ], [ 3.962012867664348, 51.399999293806459 ], [ 3.961971267889857, 51.400227205628134 ], [ 3.962270909118154, 51.400338436316723 ], [ 3.963800364782443, 51.399239062183788 ], [ 3.963852954818082, 51.399466254096666 ], [ 3.964496157327336, 51.399527008245784 ], [ 3.964909528374651, 51.399202799008897 ], [ 3.96608229406282, 51.398787787200575 ], [ 3.966219287994449, 51.398518854919807 ], [ 3.966293647257541, 51.398857557236667 ], [ 3.966521028713367, 51.398975150167047 ], [ 3.966426503495928, 51.399159442276257 ], [ 3.966018403907135, 51.399123679549724 ], [ 3.965853306501244, 51.399278773798635 ], [ 3.966006301306463, 51.399666481302653 ], [ 3.966303609350061, 51.399775464431322 ], [ 3.966685128427852, 51.399674514918516 ], [ 3.967198938752176, 51.399942896691364 ], [ 3.96744302022634, 51.399788040900738 ], [ 3.967913549822426, 51.400445844527468 ], [ 3.967492286383047, 51.400186405912237 ], [ 3.966892160991002, 51.400085914912815 ], [ 3.966483205226263, 51.400130626089968 ], [ 3.966058553876427, 51.400593644829826 ], [ 3.966670542759652, 51.400622133992449 ], [ 3.968547358960363, 51.401916992169582 ], [ 3.969912818953935, 51.403838612226799 ], [ 3.971022060870002, 51.404773217991618 ], [ 3.971149738606611, 51.405427771847755 ], [ 3.970697075369471, 51.40549500438501 ], [ 3.968021660578155, 51.408095629203082 ], [ 3.968280668538465, 51.408116694096911 ], [ 3.97085711969246, 51.405814354510518 ], [ 3.973569753688907, 51.405850855146127 ], [ 3.974388337673493, 51.406273262906396 ], [ 3.972997645232116, 51.408090181076751 ], [ 3.973066887417296, 51.408275218841567 ], [ 3.973242980256135, 51.408250583170258 ], [ 3.974647100182024, 51.406409904079403 ], [ 3.97534266825836, 51.406656092414011 ], [ 3.97535164144355, 51.407301072862595 ], [ 3.975496978426519, 51.407410776591398 ], [ 3.975655600038099, 51.407328215867338 ], [ 3.975648382923729, 51.406657355206036 ], [ 3.977994439401425, 51.406614468064845 ], [ 3.978010120208405, 51.407051235159187 ], [ 3.978210013164579, 51.407127615652406 ], [ 3.978301626247839, 51.406601376807103 ], [ 3.98079586726823, 51.4065393335 ], [ 3.980831064267914, 51.406997502473899 ], [ 3.981035872503436, 51.40706365273661 ], [ 3.981114226299508, 51.406532680959224 ], [ 3.983965932584955, 51.406477364978905 ], [ 3.984085844917852, 51.406762598446136 ], [ 3.984275249063512, 51.406719085010579 ], [ 3.984283984785966, 51.406470127595284 ], [ 3.985785260822268, 51.406439022379317 ], [ 3.985955665053429, 51.406901712763478 ], [ 3.986179019356435, 51.406813024764226 ], [ 3.986136483562374, 51.406431727101186 ], [ 3.987031502642786, 51.406405603185867 ], [ 3.987084878242984, 51.406976631130284 ], [ 3.98727660358037, 51.407037038765807 ], [ 3.987351955507869, 51.406394134527062 ], [ 3.988948654157513, 51.406309887864452 ], [ 3.989136820734589, 51.407131403021474 ], [ 3.989299548277922, 51.40720818097742 ], [ 3.989473802185102, 51.407050229336157 ], [ 3.98927528061977, 51.406267072369573 ], [ 3.990413638483573, 51.406075569793515 ], [ 3.990997186300642, 51.407746342201293 ], [ 3.991183845212274, 51.40761586738067 ], [ 3.990716717466266, 51.406023651243984 ], [ 3.99289915631878, 51.405538831996431 ], [ 3.993393938760282, 51.40714091795504 ], [ 3.992360768613957, 51.409626863476376 ], [ 3.992445251529935, 51.410111123545057 ], [ 3.992648279535828, 51.410172174605115 ], [ 3.9926867689578, 51.409666924627523 ], [ 3.993711068647365, 51.407259780892396 ], [ 3.993157636421102, 51.405033586977765 ], [ 3.99330056907857, 51.404184818614866 ], [ 3.993641387380102, 51.403923264984456 ], [ 3.994737997686522, 51.403771681904068 ], [ 3.995522535572955, 51.407057709953499 ], [ 3.995706734998844, 51.407139470767177 ], [ 3.995834791516077, 51.40700542217472 ], [ 3.995069238348622, 51.403741747044073 ], [ 3.996873676283047, 51.403575456106473 ], [ 3.997310805422197, 51.405428671571961 ], [ 3.997502200751883, 51.405498323233125 ], [ 3.997620880968821, 51.40536998923978 ], [ 3.997178892797427, 51.403545466366396 ], [ 3.99907274337694, 51.403237367352041 ], [ 3.999439431068252, 51.404536699975857 ], [ 3.999644053444226, 51.404616825705283 ], [ 3.999732141498309, 51.404453001852062 ], [ 3.999381242016404, 51.403156824204281 ], [ 4.001198685701889, 51.402803180867302 ], [ 4.001954057551083, 51.402733476932383 ], [ 4.002375363769248, 51.404167731327789 ], [ 4.002520024757236, 51.403843664986184 ], [ 4.002258288130013, 51.402705134796939 ], [ 4.00477380372973, 51.402477558835926 ], [ 4.005183894176644, 51.404297228635535 ], [ 4.005377705715991, 51.404360893859455 ], [ 4.005489810435389, 51.404232651511322 ], [ 4.005092821852039, 51.402439306691157 ], [ 4.010420656769988, 51.401936951163854 ], [ 4.010995417334109, 51.403919042806265 ], [ 4.011198606165456, 51.403783543719996 ], [ 4.010759675044618, 51.401918541295494 ], [ 4.013312062154774, 51.401672489899433 ], [ 4.013463170663545, 51.402450087912705 ], [ 4.013677008396795, 51.402530296607722 ], [ 4.013611181871442, 51.401644212017857 ], [ 4.016156617266498, 51.401401607581398 ], [ 4.016511091193733, 51.402859458485693 ], [ 4.0166973033492, 51.40294574993036 ], [ 4.016797536775527, 51.402814902458744 ], [ 4.016434262979613, 51.40137357238266 ], [ 4.018175567148214, 51.401240609914758 ], [ 4.019091816058863, 51.401510426220426 ], [ 4.019540046182107, 51.401291009414429 ], [ 4.019472067392873, 51.401078080667055 ], [ 4.016482736487756, 51.399063457140201 ], [ 4.016540896655794, 51.398891235313059 ], [ 4.017544289701473, 51.398287410985731 ], [ 4.017304162761091, 51.397544206040294 ], [ 4.017397661573177, 51.39737173720701 ], [ 4.01796060134196, 51.397171426746951 ], [ 4.018535324836727, 51.39788432345712 ], [ 4.018756824421544, 51.397931397671847 ], [ 4.018823981113808, 51.397734335936718 ], [ 4.018384008599981, 51.397085364553007 ], [ 4.021738936202512, 51.398143850513705 ], [ 4.021544034901019, 51.398804268810586 ], [ 4.021830986889475, 51.399788567933768 ], [ 4.021643785440891, 51.400547040123243 ], [ 4.022086540742159, 51.400754267201904 ], [ 4.022325289404944, 51.400576853632138 ], [ 4.022468761752476, 51.400036931676517 ], [ 4.022210488522072, 51.398970561251218 ], [ 4.022244175060541, 51.398500995974352 ], [ 4.023711927027674, 51.396300084814008 ], [ 4.024624661495197, 51.395812704911101 ], [ 4.024635007864178, 51.395503418386454 ], [ 4.024351513199796, 51.395136257413093 ], [ 4.024722393538826, 51.394480824836876 ], [ 4.026085477665963, 51.393880959473151 ], [ 4.030685116315227, 51.393500473088373 ], [ 4.031276487861653, 51.393599659527275 ], [ 4.031035997902359, 51.393889926853255 ], [ 4.030258048196163, 51.393583910139583 ], [ 4.030247174554792, 51.393766366685128 ], [ 4.03073577009101, 51.394106109114276 ], [ 4.02929486841251, 51.394724485216102 ], [ 4.02923941787377, 51.394898738846855 ], [ 4.029386379754258, 51.394981057277072 ], [ 4.030168224017826, 51.394804420309768 ], [ 4.031326724912419, 51.394111457164762 ], [ 4.031827336550336, 51.393332333441478 ], [ 4.03183620799611, 51.392250941964264 ], [ 4.032093295478596, 51.390787742887007 ], [ 4.031892731906571, 51.390788606839052 ], [ 4.031767629602379, 51.390981353557059 ], [ 4.031400065085424, 51.393100020734899 ], [ 4.029518147728553, 51.393113439211177 ], [ 4.030686890183118, 51.390134322474189 ], [ 4.03107341901116, 51.38855151971751 ], [ 4.032001462513835, 51.388511485764091 ], [ 4.031920724216763, 51.388359065347636 ], [ 4.03113301551856, 51.388282887996915 ], [ 4.031542715075229, 51.387326545029225 ], [ 4.032327979769057, 51.387404623197448 ], [ 4.032279069844754, 51.387213018899104 ], [ 4.031675906487182, 51.387078061279063 ], [ 4.032532329975357, 51.385424072212786 ], [ 4.032985532569905, 51.385131900421648 ], [ 4.033315397799109, 51.385180059968413 ], [ 4.033548345651855, 51.384945994399082 ], [ 4.033526396429903, 51.384732337258633 ], [ 4.033172225702128, 51.384591133022901 ], [ 4.034984011676023, 51.38256588062864 ], [ 4.034897585681054, 51.382363588548593 ], [ 4.034569639197399, 51.382364384791813 ], [ 4.033287207361701, 51.383618716676416 ], [ 4.032738122719399, 51.383314617312358 ], [ 4.032903531071521, 51.382922427160153 ], [ 4.034272558706233, 51.382069889972882 ], [ 4.034286052152559, 51.381753795832694 ], [ 4.033506511849318, 51.381038455009843 ], [ 4.034216261643077, 51.380739701876628 ], [ 4.034687278861664, 51.3811656171914 ], [ 4.034947907798987, 51.381135912003657 ], [ 4.035180492203251, 51.381342161966394 ], [ 4.035001447591366, 51.381841313926003 ], [ 4.035332930758939, 51.382039942764038 ], [ 4.035780565741725, 51.381933029003427 ], [ 4.036322486380788, 51.381175219318585 ], [ 4.037125251055935, 51.3812904426401 ], [ 4.037107437204064, 51.381123067535611 ], [ 4.036481550096197, 51.380951503188982 ], [ 4.036894117503878, 51.380335900638968 ], [ 4.036839003070626, 51.380039534875685 ], [ 4.036575670613495, 51.379839335418652 ], [ 4.036732674595261, 51.379558972904817 ], [ 4.039482339787225, 51.377445262386381 ], [ 4.044153878004022, 51.370987769457301 ], [ 4.047679188682894, 51.368381931758769 ], [ 4.048269086950526, 51.368146956732197 ], [ 4.048724528721527, 51.367609269627607 ], [ 4.049904905212374, 51.366811086284102 ], [ 4.051357928918414, 51.366210571589718 ], [ 4.053169668819872, 51.365891537650647 ], [ 4.060429154965379, 51.36556656277746 ], [ 4.060940849053229, 51.365859831722126 ], [ 4.061840153382168, 51.365988183122745 ], [ 4.062899717425886, 51.36586367475217 ], [ 4.063208668522837, 51.365423291012284 ], [ 4.078801841306364, 51.364581896454617 ], [ 4.079433851859155, 51.367554868766561 ], [ 4.078070774829883, 51.367633903186629 ], [ 4.077882235811717, 51.367753434920729 ], [ 4.077997761227238, 51.367930458965205 ], [ 4.079675061947579, 51.367831820699088 ], [ 4.086955558601917, 51.366747010450787 ], [ 4.089298103330276, 51.366576233415074 ], [ 4.08939183063338, 51.366383764077611 ], [ 4.089176384653445, 51.366289829277008 ], [ 4.086672425304463, 51.36649864066613 ], [ 4.086060243463272, 51.364229923484174 ], [ 4.086931462388945, 51.364261484215717 ], [ 4.086986907284802, 51.364075635097777 ], [ 4.086673486031046, 51.363951670667852 ], [ 4.087389946376144, 51.36334770048159 ], [ 4.087929922794273, 51.363337391443523 ], [ 4.089192623833731, 51.362941429083044 ], [ 4.089603918159931, 51.362568606603482 ], [ 4.090610708903925, 51.362125808727086 ], [ 4.092822387409681, 51.361442022325868 ], [ 4.093917115419292, 51.361372942521172 ], [ 4.094495309785497, 51.36149748337823 ], [ 4.095105073457491, 51.361852053842163 ], [ 4.095854402583519, 51.361677646326065 ], [ 4.096569195106376, 51.361210178865875 ], [ 4.097026462158097, 51.360275620362266 ], [ 4.097440791294997, 51.360366366588863 ], [ 4.09772995854776, 51.359784524837977 ], [ 4.098459467145751, 51.359401299201693 ], [ 4.098874276607553, 51.358976057310954 ], [ 4.099593985574402, 51.358673056646012 ], [ 4.100172390404802, 51.358209085037188 ], [ 4.100626557007081, 51.358187694484556 ], [ 4.10156682320196, 51.357726500088297 ], [ 4.101690115476022, 51.357329122228052 ], [ 4.101550095331203, 51.357029421700908 ], [ 4.10174471769989, 51.356972930533239 ], [ 4.102768209654519, 51.357447225070153 ], [ 4.105845347822988, 51.35643521539874 ], [ 4.107831289470984, 51.355505431425712 ], [ 4.109511106920125, 51.355133205110313 ], [ 4.110254294272679, 51.354671559547839 ], [ 4.111007747459563, 51.354466370842509 ], [ 4.111103065455754, 51.354322334955242 ], [ 4.110799745833894, 51.353970484188288 ], [ 4.110576353606429, 51.352113876689771 ], [ 4.111356051656076, 51.352110376095553 ], [ 4.111548542153206, 51.353344890371631 ], [ 4.111044561734263, 51.353881549409451 ], [ 4.111493998149184, 51.35418067096905 ], [ 4.115577010666454, 51.352459953925688 ], [ 4.117900005427533, 51.350795210310146 ], [ 4.119028554851151, 51.34952946176891 ], [ 4.1189255471616, 51.349293595674219 ], [ 4.119327411200388, 51.349194815174123 ], [ 4.120235727905119, 51.34834172257473 ], [ 4.120347248253111, 51.34806747593673 ], [ 4.122126836452875, 51.347040761114883 ], [ 4.122629300694818, 51.346496344076108 ], [ 4.123605374117667, 51.346097033048125 ], [ 4.123644828433334, 51.345939091242379 ], [ 4.127511159794262, 51.343782813115318 ], [ 4.128293190850527, 51.34267235243157 ], [ 4.129321668282463, 51.341788429830814 ], [ 4.130614005728102, 51.339308967037795 ], [ 4.134129318402018, 51.336661339161857 ], [ 4.137098581623539, 51.335085883865368 ], [ 4.137295369707024, 51.335200698342661 ], [ 4.138863330274229, 51.334995042061379 ], [ 4.142486721297606, 51.333739657837128 ], [ 4.143222126133763, 51.333684975866746 ], [ 4.143872734418629, 51.333093980169416 ], [ 4.144129101808371, 51.332358172963687 ], [ 4.14434702584354, 51.332166615839711 ], [ 4.14460490177258, 51.332015267515345 ], [ 4.144836931192408, 51.331912594441654 ], [ 4.144349343108361, 51.332298897265837 ], [ 4.144160761533486, 51.332861599637212 ], [ 4.144781134449492, 51.33290708639823 ], [ 4.144645480441172, 51.333188589053293 ], [ 4.144855450857625, 51.333583183604681 ], [ 4.145715277645788, 51.333885804878477 ], [ 4.147463097957625, 51.33316872771109 ], [ 4.148194681459048, 51.33303185014416 ], [ 4.15234925376622, 51.333107157405465 ], [ 4.154636423098136, 51.33346229133052 ], [ 4.155427579834679, 51.333153710261598 ], [ 4.156363961608504, 51.332412470037859 ], [ 4.157519815826949, 51.332307087543747 ], [ 4.157783101441356, 51.332739188971985 ], [ 4.157202684554063, 51.332464883356138 ], [ 4.156490245843181, 51.332609121072608 ], [ 4.156146458728862, 51.332823041560054 ], [ 4.155798664679788, 51.333378847216096 ], [ 4.155193647916588, 51.333726502233681 ], [ 4.155208170277783, 51.333922307751514 ], [ 4.154573494205128, 51.333666955669756 ], [ 4.150829649084982, 51.333433559471175 ], [ 4.150505192862921, 51.334503160970947 ], [ 4.150637655901173, 51.33501731667576 ], [ 4.150476214862392, 51.334594369989993 ], [ 4.150610518276856, 51.333921335491382 ], [ 4.150492110938458, 51.33352557408589 ], [ 4.150050299089558, 51.333366713894179 ], [ 4.149046991924134, 51.333371264096222 ], [ 4.147911489815555, 51.333776649376155 ], [ 4.147578326879366, 51.334191516179878 ], [ 4.147066452187572, 51.334132879199558 ], [ 4.144478483732541, 51.334487987840049 ], [ 4.143774268521445, 51.334341683011068 ], [ 4.142168749999716, 51.334513005567494 ], [ 4.141309792382743, 51.334868701799614 ], [ 4.141092706731697, 51.335291982345659 ], [ 4.138587960443043, 51.335722304605802 ], [ 4.136360288518517, 51.336970314028903 ], [ 4.135594688545828, 51.337880306960813 ], [ 4.135646654806973, 51.338020326337102 ], [ 4.136507343342161, 51.338220247087101 ], [ 4.137692999841241, 51.338875105789384 ], [ 4.136046574006975, 51.338350125892333 ], [ 4.135069764712125, 51.338485122761384 ], [ 4.134611514757019, 51.339200735215179 ], [ 4.134371089012694, 51.340305233186172 ], [ 4.134568521907666, 51.340602594170903 ], [ 4.134465765623104, 51.340796327407006 ], [ 4.13480563659324, 51.340966610638233 ], [ 4.134746414688361, 51.341372756423809 ], [ 4.133697451293544, 51.341463926516653 ], [ 4.133546086019699, 51.342251050118669 ], [ 4.134114107906073, 51.342431224693406 ], [ 4.135653150003722, 51.342244431117507 ], [ 4.140112205254577, 51.343600632065815 ], [ 4.140462687199022, 51.343636155327644 ], [ 4.140528635612206, 51.343473277832942 ], [ 4.140778459304265, 51.343738263585628 ], [ 4.141324374383807, 51.343852371853423 ], [ 4.146479110220528, 51.344086015354847 ], [ 4.149896116448001, 51.345064430297718 ], [ 4.151724341117762, 51.345213714789274 ], [ 4.152038176102154, 51.34494327594598 ], [ 4.151787498370398, 51.344456352261041 ], [ 4.152481297524822, 51.344711104926411 ], [ 4.153069471064543, 51.344153645889136 ], [ 4.154136776285134, 51.34215939148298 ], [ 4.154707339832588, 51.341475258737511 ], [ 4.154642058587391, 51.341235674308997 ], [ 4.154894486151709, 51.341400437552146 ], [ 4.156322148034489, 51.340787296202521 ], [ 4.156558012246477, 51.34050661554032 ], [ 4.156681425416171, 51.340785750829255 ], [ 4.157970798610593, 51.340552041519665 ], [ 4.15528418533408, 51.34133051315591 ], [ 4.154678114044446, 51.341971547818162 ], [ 4.153403070822686, 51.344382858990457 ], [ 4.150804109569738, 51.346677285436876 ], [ 4.149825625054825, 51.3472682781195 ], [ 4.149091360966841, 51.348248754744859 ], [ 4.148966003364365, 51.348881517302431 ], [ 4.149179124620786, 51.349246535309959 ], [ 4.149657135278475, 51.349522102219439 ], [ 4.150522784669998, 51.349533389357212 ], [ 4.152903070684735, 51.3485287400744 ], [ 4.15583418683968, 51.347647744255916 ], [ 4.156292535925195, 51.347339292085337 ], [ 4.15643755007986, 51.346978807925282 ], [ 4.156894943990374, 51.346455197782554 ], [ 4.157072113244226, 51.34632358384404 ], [ 4.156466956508315, 51.347006209199499 ], [ 4.156384815758247, 51.347216557109931 ], [ 4.156522870550815, 51.347444125982321 ], [ 4.158709960136748, 51.347090283152973 ], [ 4.161231093760953, 51.346439468338914 ], [ 4.162441348982954, 51.345818419654229 ], [ 4.16259426231953, 51.345126904728367 ], [ 4.162875256193982, 51.345155621103807 ], [ 4.163093786846691, 51.344791001652681 ], [ 4.163198518503986, 51.344177749477211 ], [ 4.162985608896357, 51.34362665848208 ], [ 4.163237348428173, 51.343213793399393 ], [ 4.164621693096445, 51.34194046422693 ], [ 4.166776719379684, 51.341291664513108 ], [ 4.16672270136184, 51.340942148319343 ], [ 4.165914743643642, 51.340308520610549 ], [ 4.165566415907278, 51.338472207043715 ], [ 4.165825866027266, 51.337869481043946 ], [ 4.167080515034892, 51.337191194811034 ], [ 4.166872818235582, 51.336905689633632 ], [ 4.166988430951956, 51.335747709006974 ], [ 4.167451277563096, 51.33487645615287 ], [ 4.167551687618529, 51.334101033711015 ], [ 4.168136359263283, 51.333498001306062 ], [ 4.167643147348065, 51.334216414334996 ], [ 4.167535896783635, 51.334899954323085 ], [ 4.16708745925221, 51.335780293828471 ], [ 4.167300185912301, 51.336291356910856 ], [ 4.168137773123577, 51.336700451382775 ], [ 4.168026440396123, 51.336965570217231 ], [ 4.168398520549163, 51.33725931148058 ], [ 4.169485655297001, 51.337603507607668 ], [ 4.170374525622166, 51.33764742013193 ], [ 4.170680642612363, 51.337422765529375 ], [ 4.17091391050795, 51.336813563304112 ], [ 4.170782831148211, 51.335606079820955 ], [ 4.17111915396469, 51.334999255546663 ], [ 4.171695355202251, 51.335249474480058 ], [ 4.17214942163546, 51.335626500007542 ], [ 4.17265232373932, 51.335540249847554 ], [ 4.172511211741032, 51.335726064713654 ], [ 4.172289726146668, 51.335716861956534 ], [ 4.171672436193233, 51.335332658866712 ], [ 4.171438005650409, 51.33514411143009 ], [ 4.171125195689346, 51.335171685802692 ], [ 4.170865800431121, 51.335507990113044 ], [ 4.171099625092925, 51.33630842005936 ], [ 4.170738305485034, 51.337555728366191 ], [ 4.17032208911024, 51.337678718993565 ], [ 4.168526140349251, 51.337603521147656 ], [ 4.167258608032683, 51.33777861498541 ], [ 4.166217476427592, 51.338230774424005 ], [ 4.166226756299513, 51.338658784810924 ], [ 4.166916268265275, 51.338836773338059 ], [ 4.167540292816256, 51.33859104012754 ], [ 4.167726447898612, 51.339024192022045 ], [ 4.168433814563511, 51.33947449520128 ], [ 4.168460164780441, 51.3396861657858 ], [ 4.170272701700577, 51.340854563504301 ], [ 4.170746814839632, 51.341411458856399 ], [ 4.171402032142206, 51.341364769047871 ], [ 4.174327866895, 51.340519083092808 ], [ 4.175434166306908, 51.339793236585294 ], [ 4.175439471308469, 51.339491029889331 ], [ 4.175873569268032, 51.339477584693377 ], [ 4.17586440967905, 51.339641268210656 ], [ 4.175545229792379, 51.339701471766055 ], [ 4.175278103625718, 51.340158430813737 ], [ 4.174275476392652, 51.340675906467347 ], [ 4.172881518853051, 51.340987913587782 ], [ 4.172750735854266, 51.341286703884386 ], [ 4.171525940334785, 51.341758914234951 ], [ 4.168121354048489, 51.341494563620415 ], [ 4.16712897067563, 51.341999318982829 ], [ 4.166589909580707, 51.342376491893397 ], [ 4.166643700474778, 51.342547635208284 ], [ 4.165915241724113, 51.34279943246348 ], [ 4.16541867452603, 51.3432650428703 ], [ 4.165562201840276, 51.343906381740958 ], [ 4.166174921605785, 51.344545909442196 ], [ 4.164426711562555, 51.34618105977507 ], [ 4.164213343845393, 51.346588442094571 ], [ 4.164340555837748, 51.346933462263983 ], [ 4.165153159744254, 51.347126953985679 ], [ 4.167975277756119, 51.347212651248292 ], [ 4.168231968228655, 51.347110192212646 ], [ 4.17016232033843, 51.347272192879707 ], [ 4.170297020156748, 51.347071119700104 ], [ 4.171398679278231, 51.347244823065466 ], [ 4.173020471339793, 51.34700183823594 ], [ 4.172906283906156, 51.347302598057503 ], [ 4.173286097001213, 51.347537701682754 ], [ 4.173077584945565, 51.347640693802781 ], [ 4.173212116247499, 51.347804638022069 ], [ 4.17456281285745, 51.347910281290453 ], [ 4.176001262680585, 51.347637480326675 ], [ 4.178010849417247, 51.346545009035545 ], [ 4.179121782724397, 51.34485317557629 ], [ 4.180302736961826, 51.344458163764465 ], [ 4.181140348662368, 51.34457687651161 ], [ 4.181522077986831, 51.344449714574573 ], [ 4.181514971829444, 51.344072978967603 ], [ 4.18121873864924, 51.343784565374982 ], [ 4.181315422486212, 51.343385359288156 ], [ 4.180870562058773, 51.3423214461504 ], [ 4.180976227841295, 51.34198231608071 ], [ 4.181303024825864, 51.341711761630663 ], [ 4.181579771814243, 51.341610007485016 ], [ 4.181208456861338, 51.341858111060709 ], [ 4.18101729246306, 51.342365894699753 ], [ 4.181292847843164, 51.342883215116075 ], [ 4.182309900069826, 51.343112996034954 ], [ 4.181946066092964, 51.343518760929591 ], [ 4.18206819799877, 51.344312170128575 ], [ 4.181898342513595, 51.344640461745435 ], [ 4.182211335028315, 51.344837341458913 ], [ 4.180040553797737, 51.345274612325383 ], [ 4.179204715165248, 51.346556327288262 ], [ 4.179391100558257, 51.346938746980058 ], [ 4.180756308284137, 51.347252925247936 ], [ 4.180417011164433, 51.347371481100339 ], [ 4.179511053540886, 51.347102095314177 ], [ 4.178155021759956, 51.34768569216714 ], [ 4.175718160035487, 51.348298390544095 ], [ 4.175645474903941, 51.348499524018024 ], [ 4.174996858205828, 51.348383011087272 ], [ 4.172941020960873, 51.348770264570064 ], [ 4.172200362577674, 51.348644303162807 ], [ 4.168971119176679, 51.348903810376051 ], [ 4.167477499458488, 51.348804185935016 ], [ 4.165536177377184, 51.348938141027901 ], [ 4.164996134464195, 51.348792033552868 ], [ 4.163020261499279, 51.349136598429133 ], [ 4.162963268700289, 51.349287050315965 ], [ 4.162033549986835, 51.349150917262186 ], [ 4.160503485614003, 51.349340362579127 ], [ 4.160176676228072, 51.349207542605228 ], [ 4.158018797035385, 51.349868902410634 ], [ 4.15703495677629, 51.350339441703248 ], [ 4.156105251720243, 51.351025955283326 ], [ 4.156010148685366, 51.351198579102842 ], [ 4.156145516445852, 51.35135910901672 ], [ 4.156764360393765, 51.351533189930251 ], [ 4.157779724234397, 51.351365490544843 ], [ 4.157684967220143, 51.351597135431 ], [ 4.157833989659165, 51.351728818703876 ], [ 4.159051800440755, 51.352037220950706 ], [ 4.159753658417471, 51.351948040381167 ], [ 4.160289031673146, 51.351722098372043 ], [ 4.16055170063753, 51.351430813643191 ], [ 4.160556535881978, 51.351654890011226 ], [ 4.160815969393382, 51.35181909045167 ], [ 4.162106006939326, 51.35194001623907 ], [ 4.162226091269263, 51.351789789941279 ], [ 4.162865267011853, 51.351777674910259 ], [ 4.163377000599024, 51.351384245978529 ], [ 4.167247803800959, 51.35179352885612 ], [ 4.171101838840965, 51.351269350267088 ], [ 4.171239299083934, 51.351437792305532 ], [ 4.175046771826565, 51.351985143179839 ], [ 4.175668546961441, 51.351842349247136 ], [ 4.176030028511994, 51.351262441120348 ], [ 4.176611285696873, 51.351385179246847 ], [ 4.176217040740355, 51.35170068211513 ], [ 4.176388920599209, 51.352050298024324 ], [ 4.178135882535024, 51.35242924370619 ], [ 4.180106546966876, 51.352476636433508 ], [ 4.180833050406942, 51.352195385580181 ], [ 4.180950508148326, 51.352376830676086 ], [ 4.183364970093153, 51.352336470015324 ], [ 4.183846727791953, 51.352249626557153 ], [ 4.183817640072348, 51.351826128239914 ], [ 4.184734825137546, 51.352106780990546 ], [ 4.186226750766975, 51.351829231915247 ], [ 4.186447884911934, 51.350955520950123 ], [ 4.18702179546831, 51.350413328926791 ], [ 4.187170177900276, 51.349881340017724 ], [ 4.187893522619416, 51.349433880585266 ], [ 4.187981251904053, 51.34892700058883 ], [ 4.188114657756963, 51.348844718247292 ], [ 4.188040770804617, 51.349249388301779 ], [ 4.187829867319182, 51.349569384633114 ], [ 4.187416900418869, 51.34976768806451 ], [ 4.187491963472136, 51.350189711648433 ], [ 4.186778656180475, 51.350974578211627 ], [ 4.187101186079149, 51.351431636151503 ], [ 4.188539608105546, 51.351666973301015 ], [ 4.1891380266322, 51.351434430639515 ], [ 4.19132128935593, 51.349799242174804 ], [ 4.193294218001113, 51.349626926111142 ], [ 4.193297139871683, 51.349964640690985 ], [ 4.193738042913262, 51.35000905176932 ], [ 4.195150640134889, 51.349377654792328 ], [ 4.195231159596228, 51.349157972511399 ], [ 4.194893411042299, 51.348361712683008 ], [ 4.195804706986261, 51.348680207658987 ], [ 4.195352420316973, 51.34933069583527 ], [ 4.194114402619311, 51.34999109041344 ], [ 4.191347046671337, 51.35033120405388 ], [ 4.189393523421083, 51.352189912715644 ], [ 4.187660455234575, 51.352384802588929 ], [ 4.18733017654657, 51.352527031569693 ], [ 4.187211131230301, 51.352793996322482 ], [ 4.187312725872748, 51.352997914625099 ], [ 4.188001116933689, 51.352919734106692 ], [ 4.188547024049012, 51.352948879634603 ], [ 4.189055269355866, 51.353066002365765 ], [ 4.187717736573726, 51.353003577546303 ], [ 4.186259175784747, 51.353572761501752 ], [ 4.185373031010772, 51.353740938452766 ], [ 4.182063480092687, 51.353288655800782 ], [ 4.181165041458581, 51.353296947065942 ], [ 4.180765457035104, 51.353479460694366 ], [ 4.178929070522237, 51.353473430470473 ], [ 4.177428971483895, 51.353950298284239 ], [ 4.177106429622571, 51.354207308136061 ], [ 4.175125151421957, 51.354049637401729 ], [ 4.174249686804866, 51.354515335868378 ], [ 4.171655902233137, 51.355261297421805 ], [ 4.171398190764341, 51.355495727087877 ], [ 4.171134868077469, 51.356479119414317 ], [ 4.171159850184751, 51.357141719731068 ], [ 4.171474510260274, 51.358229425299307 ], [ 4.171811082641381, 51.358654798070255 ], [ 4.1721126837868, 51.358619657829585 ], [ 4.172092285500747, 51.358864788097236 ], [ 4.173297441546284, 51.359706750876619 ], [ 4.174642636324717, 51.360946173491662 ], [ 4.176175234595499, 51.360194243116183 ], [ 4.177810986178032, 51.358985819858312 ], [ 4.179703227091205, 51.358118593352316 ], [ 4.181044691149959, 51.35782860377126 ], [ 4.180866118192227, 51.358042256301083 ], [ 4.181848711211244, 51.358127713124091 ], [ 4.182765449337361, 51.357961499200599 ], [ 4.188319406312034, 51.355763574603522 ], [ 4.189640343515201, 51.35504201542215 ], [ 4.191365691223492, 51.354652942609782 ], [ 4.192562479540057, 51.353858882501328 ], [ 4.193962868096379, 51.353512067772407 ], [ 4.195743699666276, 51.353555085728061 ], [ 4.198134769017583, 51.3548053622361 ], [ 4.198306607581442, 51.354750262620016 ], [ 4.198989417788716, 51.355079099504088 ], [ 4.2014988012075, 51.354723678653805 ], [ 4.203684303812579, 51.355292089682472 ], [ 4.206470440031302, 51.355078921440075 ], [ 4.207965765597118, 51.355415510093287 ], [ 4.208794311681777, 51.355808431833111 ], [ 4.209493622063775, 51.355408640903804 ], [ 4.209206593320524, 51.355789556187347 ], [ 4.208925347109228, 51.355879507537487 ], [ 4.207822211618804, 51.355438811461717 ], [ 4.206458285965532, 51.355158084373912 ], [ 4.205280725635022, 51.355211911658479 ], [ 4.204317742731858, 51.355564882296356 ], [ 4.202261300777103, 51.355186554526753 ], [ 4.201834849740468, 51.354959159031907 ], [ 4.201151121212088, 51.354978950782154 ], [ 4.200351239643419, 51.35534306732977 ], [ 4.199692613151305, 51.356201648586037 ], [ 4.19971118077093, 51.356657583608708 ], [ 4.200204235701256, 51.357282522859037 ], [ 4.199913453707279, 51.357831221898017 ], [ 4.200048656467694, 51.358097551067509 ], [ 4.199861574262071, 51.357859673236419 ], [ 4.199982395908416, 51.357205357486208 ], [ 4.199149011568926, 51.355707501616941 ], [ 4.197984713744162, 51.355393097174144 ], [ 4.19547849272401, 51.354329030276659 ], [ 4.194792922997795, 51.354268722601674 ], [ 4.19462085531382, 51.354479084904717 ], [ 4.193784450338787, 51.354397100173124 ], [ 4.190145200829657, 51.356031475987301 ], [ 4.189810007400864, 51.356427265389058 ], [ 4.189794688083362, 51.356702457833528 ], [ 4.190023340448009, 51.356745282448806 ], [ 4.189813579791876, 51.356869036539265 ], [ 4.18972276275897, 51.35722510665105 ], [ 4.190126540241112, 51.357900605687284 ], [ 4.193069787586735, 51.357695851718994 ], [ 4.193464896136737, 51.357761936611375 ], [ 4.193761279282746, 51.357878501102448 ], [ 4.194348662045337, 51.358288122128528 ], [ 4.194288884916713, 51.358330774547525 ], [ 4.193762512899071, 51.357899787330169 ], [ 4.193168793455697, 51.357747068308591 ], [ 4.190639443714361, 51.358089133893053 ], [ 4.1898370586258, 51.358002026428615 ], [ 4.188895821292701, 51.357246615341218 ], [ 4.188570115859869, 51.357189969961198 ], [ 4.18740856287276, 51.357813316535754 ], [ 4.185687010800883, 51.358174835239382 ], [ 4.183884125019461, 51.3590109074091 ], [ 4.181300267021959, 51.359452862220074 ], [ 4.18058513123277, 51.359715790932995 ], [ 4.17952455299847, 51.360423544584208 ], [ 4.179430968309205, 51.360703618932547 ], [ 4.178500147934245, 51.361023231168097 ], [ 4.178204967791959, 51.36134446784925 ], [ 4.178251387890525, 51.361502736856011 ], [ 4.17802200152391, 51.361495279288775 ], [ 4.177119182196337, 51.362202674944093 ], [ 4.176383818360129, 51.362554994739519 ], [ 4.175961231553081, 51.364402343177325 ], [ 4.176396729283673, 51.366586714535849 ], [ 4.176893851087959, 51.367284274401072 ], [ 4.177322445240614, 51.367436135132508 ], [ 4.177138879212679, 51.365484165054831 ], [ 4.177322325403914, 51.365193507173025 ], [ 4.177189005439105, 51.365550387452913 ], [ 4.177528324076109, 51.367537387118695 ], [ 4.178749625555805, 51.368774143416928 ], [ 4.178973441498523, 51.368712848457889 ], [ 4.179063824605848, 51.36839698736312 ], [ 4.179206957632555, 51.368650714383101 ], [ 4.17914686969118, 51.369005665197115 ], [ 4.179781782544798, 51.369463499393113 ], [ 4.180114244520689, 51.37024995984676 ], [ 4.180971910389778, 51.370844265783383 ], [ 4.181677299484548, 51.370430875616279 ], [ 4.181920349765481, 51.369769801031865 ], [ 4.18166437985449, 51.366870382171292 ], [ 4.181853185102625, 51.366093263014697 ], [ 4.182310072994453, 51.365482765643286 ], [ 4.183267312342895, 51.364774457527517 ], [ 4.18371231015617, 51.363900927988723 ], [ 4.183656129345922, 51.363706625101727 ], [ 4.183876000076705, 51.363780780430034 ], [ 4.185289470960963, 51.362339159680168 ], [ 4.185469373338182, 51.362275281029554 ], [ 4.183980350170818, 51.363822893852976 ], [ 4.183757909907574, 51.364614681445957 ], [ 4.184786880471301, 51.364617068358918 ], [ 4.186172962859238, 51.365131349867369 ], [ 4.186546551640538, 51.365096336273098 ], [ 4.186799099877073, 51.364872770455783 ], [ 4.186818446408914, 51.365114159935359 ], [ 4.188138024380791, 51.365344020463837 ], [ 4.188952822537763, 51.364809359090088 ], [ 4.188736980714054, 51.365336607654108 ], [ 4.189047191269564, 51.365507807449532 ], [ 4.190516912815414, 51.365231989213861 ], [ 4.191297735103081, 51.364871803494239 ], [ 4.190727177053464, 51.365231916657613 ], [ 4.191020071733135, 51.365556400423237 ], [ 4.190590601467324, 51.365310773390085 ], [ 4.189715242770438, 51.365575864421778 ], [ 4.188594232770859, 51.365678074791838 ], [ 4.184247628641997, 51.365521567750442 ], [ 4.183362653063928, 51.365701224903631 ], [ 4.183071094574887, 51.366072482841659 ], [ 4.183124234777012, 51.366497224036053 ], [ 4.183648450504569, 51.366706677501732 ], [ 4.183161002007428, 51.366752625286438 ], [ 4.182969623835254, 51.367215265599711 ], [ 4.183196465192608, 51.367830827010394 ], [ 4.183327700975777, 51.369141117610859 ], [ 4.183728333080766, 51.369215839150712 ], [ 4.183605122953396, 51.369853139965734 ], [ 4.184257552860918, 51.370021662419056 ], [ 4.185180510730312, 51.369944153993941 ], [ 4.183585577062448, 51.37024343813453 ], [ 4.183608471340815, 51.371082329394312 ], [ 4.184416887715187, 51.371370197335082 ], [ 4.183769425898537, 51.371287783633207 ], [ 4.183564363955611, 51.371504493575593 ], [ 4.183638824120683, 51.371903094558654 ], [ 4.183481116120242, 51.37227321656939 ], [ 4.183731849169906, 51.372739246849513 ], [ 4.183957704731012, 51.37285122965099 ], [ 4.183834708308106, 51.373078229504543 ], [ 4.184701923744031, 51.373733420043479 ], [ 4.184770215977629, 51.374125707723728 ], [ 4.18521706582799, 51.374065115684743 ], [ 4.185369606144312, 51.374582395461879 ], [ 4.185284215238542, 51.374821534245058 ], [ 4.185466959815655, 51.375045441602012 ], [ 4.186128204849191, 51.374899543574216 ], [ 4.186279817755484, 51.37526351121025 ], [ 4.186726267926587, 51.375300623037866 ], [ 4.187207641255092, 51.375729311765056 ], [ 4.187770690918946, 51.375763854379713 ], [ 4.188216994996144, 51.375572862719167 ], [ 4.18851812101641, 51.375905507430694 ], [ 4.18895733431606, 51.375848373755559 ], [ 4.189020610112049, 51.376016349537089 ], [ 4.189624656251716, 51.376187633252606 ], [ 4.191276932000786, 51.376339018038763 ], [ 4.191877880031579, 51.376110442850347 ], [ 4.192156500978092, 51.376306952818886 ], [ 4.194004269072465, 51.376426058819696 ], [ 4.195404452013731, 51.376178989417141 ], [ 4.197905014949013, 51.376105563883968 ], [ 4.199695695562121, 51.375627545424017 ], [ 4.19966019821204, 51.375283562746326 ], [ 4.199302552956313, 51.375105740226552 ], [ 4.197708612152229, 51.374916902866872 ], [ 4.196352187117609, 51.374296562440257 ], [ 4.194922938360399, 51.374127968755623 ], [ 4.194692884986147, 51.373919576926703 ], [ 4.194511338788441, 51.37329952705489 ], [ 4.194137808720553, 51.372897385438726 ], [ 4.194180478287332, 51.37285317790969 ], [ 4.19465318830028, 51.373256652947049 ], [ 4.194767844924265, 51.37389934554075 ], [ 4.19494717297209, 51.374077248082308 ], [ 4.196268408987791, 51.374213028589949 ], [ 4.19779050660782, 51.374828367930057 ], [ 4.201155865999617, 51.374974298879579 ], [ 4.202287113754443, 51.374351557767397 ], [ 4.20243491012028, 51.374061162498577 ], [ 4.202321403134397, 51.373520073289889 ], [ 4.202509835278041, 51.37320130625865 ], [ 4.202522542992027, 51.374366068600857 ], [ 4.202788228421862, 51.374584946096981 ], [ 4.20333864855106, 51.374685522661494 ], [ 4.203793798331507, 51.374567576536279 ], [ 4.203945379120611, 51.374821994140788 ], [ 4.204994161764186, 51.374947242772457 ], [ 4.205936288251087, 51.374774758410794 ], [ 4.206947228862581, 51.374304918556625 ], [ 4.206895936309412, 51.373852044113427 ], [ 4.207086541901996, 51.373622822753276 ], [ 4.207895980037724, 51.373511445831411 ], [ 4.208759932725002, 51.372963944732476 ], [ 4.20912549264626, 51.372907825660931 ], [ 4.209470847218953, 51.372153846948542 ], [ 4.210129387909484, 51.372086539501367 ], [ 4.211037629027532, 51.371525251449505 ], [ 4.211289906190654, 51.370875839130562 ], [ 4.211062104423521, 51.37042405310951 ], [ 4.21036030061659, 51.36999928936288 ], [ 4.210322762726397, 51.369823154997221 ], [ 4.209342819431384, 51.369030551836325 ], [ 4.209051583228359, 51.368965592636229 ], [ 4.208815455666356, 51.368617793567346 ], [ 4.208012033245211, 51.3685718808497 ], [ 4.208590199286509, 51.36836492768083 ], [ 4.208550635382751, 51.368104991814675 ], [ 4.208209220643591, 51.367889333026447 ], [ 4.20667702251926, 51.367626727970318 ], [ 4.205061234307581, 51.36698915416499 ], [ 4.203984697854438, 51.366930286577322 ], [ 4.202142826425672, 51.366111153163267 ], [ 4.201390974142676, 51.366041504011683 ], [ 4.201059667525054, 51.365775565764956 ], [ 4.200910107832081, 51.365383369318849 ], [ 4.201283364795647, 51.364306171259351 ], [ 4.201012238182804, 51.36321048023246 ], [ 4.201121816262006, 51.363121194267777 ], [ 4.201313298094538, 51.364155729541068 ], [ 4.201141504672552, 51.365519216681378 ], [ 4.201329559195099, 51.365858398847962 ], [ 4.202289497430229, 51.3660406153246 ], [ 4.203969748978815, 51.366816442638914 ], [ 4.205613028868679, 51.366970297589702 ], [ 4.206929409830488, 51.367505714019025 ], [ 4.208415723101202, 51.36772013082156 ], [ 4.208940908636499, 51.368041870009705 ], [ 4.209110803631467, 51.367828484684807 ], [ 4.20947520904544, 51.368509725788805 ], [ 4.210388168764413, 51.368860734863809 ], [ 4.21051226639639, 51.368790124758227 ], [ 4.210509925979221, 51.368547691249155 ], [ 4.210637501888073, 51.368325905724255 ], [ 4.21062392313681, 51.368685797186949 ], [ 4.210933394481982, 51.369054271778801 ], [ 4.211571321324817, 51.36924572225238 ], [ 4.212353478689302, 51.369219040566449 ], [ 4.213170583847158, 51.368360972396424 ], [ 4.213221532330641, 51.367758769271383 ], [ 4.213395893312757, 51.367591970731482 ], [ 4.213281989801184, 51.367181884135547 ], [ 4.212523295166541, 51.366430735044503 ], [ 4.211762126953566, 51.366253593945302 ], [ 4.210480646319519, 51.365641449354641 ], [ 4.210365859301639, 51.365369024139859 ], [ 4.210744324924266, 51.365140966821784 ], [ 4.210498864705836, 51.364586278870696 ], [ 4.210770982495479, 51.364819096687064 ], [ 4.210739667999386, 51.365371711230971 ], [ 4.210970900078301, 51.365672552149292 ], [ 4.213765736327541, 51.365461668135453 ], [ 4.214720885278483, 51.364969203919038 ], [ 4.215302417585091, 51.364464192824521 ], [ 4.215572880454935, 51.364127437447962 ], [ 4.215786340433632, 51.363285164573519 ], [ 4.215544660781657, 51.362990005476057 ], [ 4.214986537253106, 51.362748597135095 ], [ 4.215657545382071, 51.362533166419389 ], [ 4.215787463733626, 51.36225164774396 ], [ 4.215680834452495, 51.361848336330183 ], [ 4.215280223190017, 51.361482917204206 ], [ 4.214258086383841, 51.361443139501212 ], [ 4.214382514566966, 51.361272974603565 ], [ 4.213865292567655, 51.3608657373398 ], [ 4.214079242163831, 51.360046985686239 ], [ 4.213109069013091, 51.359098010374758 ], [ 4.214241295040784, 51.360135899246927 ], [ 4.214031755302078, 51.360786543179898 ], [ 4.214283433934396, 51.361128459489635 ], [ 4.215226507482487, 51.361300424768103 ], [ 4.215980520177531, 51.360978280623335 ], [ 4.216069701204762, 51.360812173712183 ], [ 4.215942105072688, 51.360619912313297 ], [ 4.216145909655236, 51.360608900362891 ], [ 4.216146401971057, 51.36035134131312 ], [ 4.216600458173434, 51.359861908475388 ], [ 4.216541301108473, 51.360423296544859 ], [ 4.217506810747436, 51.360284805100832 ], [ 4.217674302323943, 51.360599373254175 ], [ 4.218380263711017, 51.361033611084622 ], [ 4.22004810277771, 51.361719409155498 ], [ 4.219613085858614, 51.362418047584235 ], [ 4.219859631373337, 51.362559298462287 ], [ 4.221325233014594, 51.360656721202943 ], [ 4.222715963041666, 51.359641371402311 ], [ 4.22391899116634, 51.358208839125858 ], [ 4.226190467054728, 51.356491394242795 ], [ 4.230049368999568, 51.353120763448807 ], [ 4.229784372342304, 51.353023366121143 ], [ 4.228613525895883, 51.353913982220831 ], [ 4.225940772539007, 51.356304374328978 ], [ 4.223782668060255, 51.357937254967673 ], [ 4.222841731382688, 51.357395807242007 ], [ 4.222737693887388, 51.35705451603652 ], [ 4.222451980001449, 51.356886029967427 ], [ 4.222574107774326, 51.35562840016604 ], [ 4.222128486707378, 51.355535984947224 ], [ 4.221708976804942, 51.355223430201391 ], [ 4.222685883982853, 51.355242611558459 ], [ 4.222316096507576, 51.354486120171202 ], [ 4.220842200823202, 51.353489053602097 ], [ 4.218988304478229, 51.353620844515255 ], [ 4.219368974700425, 51.353384681490091 ], [ 4.219624631356644, 51.352827060412949 ], [ 4.220103544514279, 51.352853696258123 ], [ 4.221009437389413, 51.353376826681277 ], [ 4.221291681953762, 51.353316530273446 ], [ 4.221974393390478, 51.35395088766866 ], [ 4.222566709386997, 51.353500456740626 ], [ 4.222612343000966, 51.353781830177503 ], [ 4.222956743849458, 51.353937786245439 ], [ 4.222712116154406, 51.354175362149128 ], [ 4.222817955272158, 51.354696913325668 ], [ 4.223243836020941, 51.355123291629319 ], [ 4.223894159122754, 51.35527566905521 ], [ 4.224572727985632, 51.354920178207855 ], [ 4.224529928969541, 51.354490684168738 ], [ 4.224776147954204, 51.3547062920656 ], [ 4.225339539244968, 51.354572060207182 ], [ 4.227679555509, 51.353101182388762 ], [ 4.228927369544498, 51.352093225444378 ], [ 4.229259897046644, 51.351507329652648 ], [ 4.229204938547466, 51.351221349224296 ], [ 4.227854514253711, 51.350499059199862 ], [ 4.227288210071138, 51.350410230181353 ], [ 4.227462982526101, 51.350268390510088 ], [ 4.229399719906738, 51.35085865036578 ], [ 4.229830272609865, 51.350856027313107 ], [ 4.229947173191122, 51.350662964058806 ], [ 4.230480357942341, 51.350885207965462 ], [ 4.231091967516156, 51.350547536596743 ], [ 4.23092303988991, 51.350258942867633 ], [ 4.231452857453383, 51.35023785668384 ], [ 4.232048045701304, 51.349903700623372 ], [ 4.232476385455365, 51.349227806733985 ], [ 4.233490613165523, 51.349045548126476 ], [ 4.23479549523996, 51.348067275748569 ], [ 4.166186665318632, 51.292809359843361 ], [ 4.159815855578225, 51.290125391299718 ], [ 4.093313937887744, 51.260060252980288 ], [ 4.09268337497625, 51.26008543099654 ], [ 4.092536045461531, 51.259619321778935 ], [ 4.0911914648299, 51.259768286733106 ], [ 4.091189700790086, 51.259071701228741 ], [ 4.090379075057298, 51.259110496419808 ], [ 4.090157579071275, 51.258592594975916 ], [ 4.087632801322123, 51.257540310662769 ], [ 4.087384313889761, 51.257593348663875 ], [ 4.087210380783196, 51.25735451059834 ], [ 4.078595888384936, 51.253479558508324 ], [ 4.078343261667405, 51.25303518402864 ], [ 4.077098441982248, 51.252430525961664 ], [ 4.0749161450325, 51.251654947601764 ], [ 4.070862964616635, 51.250703257911717 ], [ 4.071498583408578, 51.250178432416078 ], [ 4.064146863791352, 51.247412913116236 ], [ 4.063736689379498, 51.246709550985756 ], [ 4.061885652639274, 51.244480203678521 ], [ 4.057938919095173, 51.243325182992713 ], [ 4.054857607718428, 51.242802172845238 ], [ 4.04055300145921, 51.241217621072089 ], [ 4.040312779382289, 51.241457171759343 ], [ 4.039808153282348, 51.241379359121652 ], [ 4.037821105547455, 51.244468574917725 ], [ 4.036521751017932, 51.245562125417528 ], [ 4.035176690374386, 51.244969355233188 ], [ 4.035388434584647, 51.244600201869275 ], [ 4.032431107982634, 51.24321089615816 ], [ 4.029142718343703, 51.242464569884156 ], [ 4.028777892600177, 51.242651453652961 ], [ 4.027535767326333, 51.242438882067752 ], [ 4.025756317064072, 51.241646470185117 ], [ 4.024494833472582, 51.241399941120576 ], [ 4.023525949840074, 51.243150740374972 ], [ 4.020904299409399, 51.245259520858099 ], [ 4.015487103092974, 51.244398032959943 ], [ 4.01502084355643, 51.244949973873496 ], [ 4.014775278178723, 51.244965382132776 ], [ 4.011088098449596, 51.243932822873731 ], [ 4.002889041435103, 51.240776540161868 ], [ 3.999814829550019, 51.23908456277632 ], [ 3.999631245269033, 51.238775106956226 ], [ 3.999677806490362, 51.237716186980421 ], [ 3.997809044826871, 51.237316192674534 ], [ 3.996553900718535, 51.237230252130367 ], [ 3.995305038724146, 51.23674454890461 ], [ 3.992636106334341, 51.236324575210965 ], [ 3.990042913787418, 51.234608797071161 ], [ 3.989230473244608, 51.233639985375973 ], [ 3.988468738592585, 51.233208677374016 ], [ 3.988009878788255, 51.233141991606416 ], [ 3.986229880032874, 51.234033506877161 ], [ 3.98210501444255, 51.229003334502899 ], [ 3.981175150712339, 51.228656895150401 ], [ 3.980939780333516, 51.228240371625816 ], [ 3.980847479243594, 51.227480527677741 ], [ 3.980188636661147, 51.226445579567866 ], [ 3.97943620229722, 51.2255724237056 ], [ 3.978958940156688, 51.22527468177919 ], [ 3.97775209977947, 51.224931679095597 ], [ 3.97648220644854, 51.225262766271037 ], [ 3.97202353080652, 51.224575276854104 ], [ 3.964731430328469, 51.22401488955493 ], [ 3.964345928467821, 51.223869631367201 ], [ 3.963731123938431, 51.223144058313594 ], [ 3.963829603228422, 51.220965042025085 ], [ 3.963255228453626, 51.220468349223061 ], [ 3.961944784404828, 51.220357178582788 ], [ 3.961645000765675, 51.220157301064482 ], [ 3.961287510237384, 51.219037074502019 ], [ 3.959906884766975, 51.217889046661575 ], [ 3.959158937597936, 51.216156640719092 ], [ 3.958591750652181, 51.215711695588688 ], [ 3.957857062174298, 51.215668819437852 ], [ 3.953178927033119, 51.216372280460412 ], [ 3.949222223698836, 51.215411446502209 ], [ 3.946649317507547, 51.215407968093068 ], [ 3.942763826489199, 51.214637091962629 ], [ 3.943232247449679, 51.213649419857404 ], [ 3.943170996548869, 51.213521202524689 ], [ 3.935963251954427, 51.211794182334216 ], [ 3.933253015024283, 51.214430655180905 ], [ 3.929396299712071, 51.220115000687713 ], [ 3.925488045451242, 51.217013889843265 ], [ 3.919649888756058, 51.216970631803669 ], [ 3.918580009427436, 51.214753176739784 ], [ 3.918168411280492, 51.214633134228869 ], [ 3.916740666598466, 51.214784489313246 ], [ 3.916131707277829, 51.214588304552123 ], [ 3.91818543491462, 51.209608946640316 ], [ 3.918065567844761, 51.209428677396708 ], [ 3.918673741787517, 51.207674256578734 ], [ 3.916603069350701, 51.208125657677357 ], [ 3.91536209827454, 51.208072365579845 ], [ 3.914598865557514, 51.207738686599853 ], [ 3.912976364206268, 51.206298452981102 ], [ 3.911588740516879, 51.205353822717505 ], [ 3.905007928154725, 51.203791556190808 ], [ 3.901017388497296, 51.202518676398853 ], [ 3.900092124632977, 51.201752766995327 ], [ 3.898780499908748, 51.201622773071094 ], [ 3.896942771722696, 51.202552337988585 ], [ 3.89499295673272, 51.203283206745269 ], [ 3.894097207442295, 51.203336606996693 ], [ 3.893315382224312, 51.203174194708069 ], [ 3.893253402108391, 51.202741160543944 ], [ 3.890751102549365, 51.201669571331692 ], [ 3.888886443677679, 51.201064081149816 ], [ 3.88755900867269, 51.200917919832854 ], [ 3.887180372700784, 51.200493324198206 ], [ 3.886352414291462, 51.200062162297321 ], [ 3.884865713521276, 51.201921998923204 ], [ 3.884538424746908, 51.203106785253745 ], [ 3.884186605418182, 51.203530491343592 ], [ 3.882449178084649, 51.204652497281685 ], [ 3.879640723098559, 51.205950027038057 ], [ 3.877525894466681, 51.208020895773963 ], [ 3.878722410680278, 51.208794500490399 ], [ 3.880063720274335, 51.209136443455257 ], [ 3.882806161597624, 51.210258300679264 ], [ 3.887114141195565, 51.212399924727791 ], [ 3.887716419007157, 51.212943026191923 ], [ 3.889560867402036, 51.21358572389547 ], [ 3.890162827905628, 51.214054517267449 ], [ 3.891811238895454, 51.216775557595248 ], [ 3.893238199717328, 51.218686179230779 ], [ 3.88852993582763, 51.222918437365728 ], [ 3.888172086311978, 51.222664882963286 ], [ 3.883562676978969, 51.22098166646348 ], [ 3.882640241241975, 51.22089567531394 ], [ 3.881506104849442, 51.220365732169356 ], [ 3.877905144145303, 51.219180832678077 ], [ 3.870141208112639, 51.216145878483218 ], [ 3.864687546036342, 51.21332743254051 ], [ 3.862175333294398, 51.212311751269581 ], [ 3.861139688435094, 51.211494143352859 ], [ 3.859591721213024, 51.210732311633976 ], [ 3.856083848908477, 51.210965435980192 ], [ 3.852391454011408, 51.213111605827649 ], [ 3.851929664356552, 51.213042022790276 ], [ 3.849641298668537, 51.211633455654002 ], [ 3.845608044370073, 51.212893592758057 ], [ 3.842214525695238, 51.2120291528175 ], [ 3.838831493228423, 51.213366033313086 ], [ 3.836382121105492, 51.213694109922862 ], [ 3.834298116069623, 51.211937332499566 ], [ 3.826951033179819, 51.209262277802601 ], [ 3.825786155861775, 51.209616505955665 ], [ 3.825121110286675, 51.208830954455493 ], [ 3.824411263758591, 51.209150034400921 ], [ 3.820766722529429, 51.209143341801401 ], [ 3.810553484297546, 51.212668485240059 ], [ 3.806272084083206, 51.21252408375657 ], [ 3.80605526922947, 51.212620792301706 ], [ 3.805920906117807, 51.213260721476736 ], [ 3.804178683571467, 51.213113767302417 ], [ 3.805026938804842, 51.210027806498523 ], [ 3.799265769680957, 51.21076773231286 ], [ 3.79718880568953, 51.212807488160415 ], [ 3.793820754872598, 51.213738005647791 ], [ 3.791097518039547, 51.213924546179534 ], [ 3.790412358788932, 51.21500326383719 ], [ 3.789543278196888, 51.215826939880728 ], [ 3.789426337431152, 51.216406835710075 ], [ 3.789628952251137, 51.219309972238463 ], [ 3.789103190904783, 51.222339396883349 ], [ 3.789340663468248, 51.222667729905787 ], [ 3.788942218497638, 51.222882555244773 ], [ 3.788355412698972, 51.226367801665482 ], [ 3.789354602157018, 51.245810925532062 ], [ 3.795321088019277, 51.255987096449815 ], [ 3.785400798488542, 51.258372908439711 ], [ 3.785329693267315, 51.258579297207667 ], [ 3.784173990784414, 51.258952217305193 ], [ 3.778257539561273, 51.262257918148698 ], [ 3.773847908830627, 51.263845859010623 ], [ 3.773137453906775, 51.261833404224603 ], [ 3.769356093714932, 51.259750740861129 ], [ 3.762486106556919, 51.261684720145965 ], [ 3.759560466608862, 51.264937796326976 ], [ 3.759797129444283, 51.265462552898761 ], [ 3.758608095808774, 51.265957661117191 ], [ 3.755653431388214, 51.269263517345117 ], [ 3.752469282101367, 51.270146265057789 ], [ 3.752050973108694, 51.269318867975592 ], [ 3.75171540513995, 51.269061021026381 ], [ 3.730820446093711, 51.272285709939169 ], [ 3.726963014314405, 51.27300190082601 ], [ 3.723095522575032, 51.273244686356428 ], [ 3.719284274965883, 51.272451747042304 ], [ 3.718920634141556, 51.271435682369031 ], [ 3.714078862606206, 51.272077413475706 ], [ 3.712690641180199, 51.272003628807902 ], [ 3.709702237119199, 51.272489881240773 ], [ 3.705813950763909, 51.273523051570876 ], [ 3.693690753654292, 51.275984535242969 ], [ 3.69331584099697, 51.276189684409857 ], [ 3.692637819096148, 51.277545560090857 ], [ 3.689901330961283, 51.280512699268421 ], [ 3.682569698604841, 51.280990846847978 ], [ 3.677884041172111, 51.280430317628536 ], [ 3.67668239949587, 51.282987469674488 ], [ 3.658083271960402, 51.29008917160602 ], [ 3.655097472234929, 51.29021598936982 ], [ 3.654038246900436, 51.290067927974086 ], [ 3.644438011238713, 51.290011129217525 ], [ 3.643906828299089, 51.289039118300693 ], [ 3.643303872095834, 51.288603598969004 ], [ 3.640808958648455, 51.28798606890178 ], [ 3.632473223929856, 51.290915508424987 ], [ 3.631298083479416, 51.290944899401644 ], [ 3.630830294093382, 51.291477712998407 ], [ 3.625698644242549, 51.293235965412372 ], [ 3.62119852783315, 51.292669509897188 ], [ 3.619135783190085, 51.294180039810129 ], [ 3.618593525361064, 51.295782504884677 ], [ 3.615376565373388, 51.296943133837644 ], [ 3.614657120319186, 51.29757326668949 ], [ 3.612697866119112, 51.2978341035056 ], [ 3.590803541736501, 51.30432069069608 ], [ 3.590755463004035, 51.304480995831774 ], [ 3.591595515126011, 51.305298983450811 ], [ 3.590044136649182, 51.305837018362823 ], [ 3.585894466137975, 51.301598954799324 ], [ 3.581266954912544, 51.298308184271768 ], [ 3.583429470840269, 51.296134599166827 ], [ 3.583962804647908, 51.296108640396263 ], [ 3.588027826705187, 51.292964772364449 ], [ 3.586522739621234, 51.292533347450515 ], [ 3.583457359840471, 51.2921784376734 ], [ 3.582702091269478, 51.290778165244269 ], [ 3.583973979574823, 51.288851751040042 ], [ 3.581836831462549, 51.28681563070554 ], [ 3.581287500229279, 51.286958869686856 ], [ 3.580096811584898, 51.287895310513335 ], [ 3.579717947703688, 51.288750278203835 ], [ 3.579055110630306, 51.288606373651767 ], [ 3.57778904820109, 51.288719255584745 ], [ 3.576118305153466, 51.287915987677074 ], [ 3.575669994405329, 51.288240784840063 ], [ 3.575587132598149, 51.288571986075517 ], [ 3.573532007484883, 51.289284211222316 ], [ 3.571460210176797, 51.290956561094156 ], [ 3.57141861287445, 51.291124718390371 ], [ 3.571834122054071, 51.291899871264818 ], [ 3.566443206217936, 51.293699898253216 ], [ 3.566125314991948, 51.294545907199208 ], [ 3.562639518933532, 51.295758311263484 ], [ 3.559837925590447, 51.295381854771527 ], [ 3.558134559563658, 51.2911312237432 ], [ 3.556553983858504, 51.290727810843421 ], [ 3.555845462483092, 51.289763907788405 ], [ 3.555068819897617, 51.289538386373067 ], [ 3.553442987760608, 51.289485750101356 ], [ 3.552277806909142, 51.289678954097944 ], [ 3.55107761420625, 51.290121235048936 ], [ 3.549782557201268, 51.291004896332332 ], [ 3.543489627659536, 51.291096679004589 ], [ 3.542391152246623, 51.287948427178691 ], [ 3.541414429625855, 51.28699430270246 ], [ 3.540220604209511, 51.285190255236181 ], [ 3.538558893860209, 51.283760819343506 ], [ 3.538125518510254, 51.283566872153727 ], [ 3.533613266791654, 51.283403488108355 ], [ 3.529117685632537, 51.28864250200234 ], [ 3.515547371254612, 51.287070248485847 ], [ 3.517741116944178, 51.280534435446164 ], [ 3.522043288070067, 51.266751590598183 ], [ 3.521976690237286, 51.266579358544696 ], [ 3.522176900054592, 51.266328376348447 ], [ 3.523247443642422, 51.262936315971139 ], [ 3.525047147809659, 51.256479504655779 ], [ 3.528135238390562, 51.246377470735119 ], [ 3.527635229309578, 51.245948972822362 ], [ 3.474657642296795, 51.242507510930622 ], [ 3.465567135508969, 51.242011642085089 ], [ 3.448281669316454, 51.241392652696611 ], [ 3.444386722888853, 51.242002904086313 ], [ 3.444368552756307, 51.242634488328186 ], [ 3.441630421852857, 51.243086950153113 ], [ 3.435715789839832, 51.244507553328738 ], [ 3.432309189709443, 51.245506510261052 ], [ 3.427431641662613, 51.24456879278852 ], [ 3.427079785703142, 51.245024947599767 ], [ 3.426953145185315, 51.245925000411525 ], [ 3.426123414602305, 51.247325213892189 ], [ 3.42538562927658, 51.249474964269453 ], [ 3.42530473813681, 51.250712012702166 ], [ 3.424503884964883, 51.254168451423652 ], [ 3.424171634203617, 51.254546482585553 ], [ 3.421171669298426, 51.25653056287512 ], [ 3.419140086057884, 51.257052976526573 ], [ 3.417948611140102, 51.25761593636522 ], [ 3.417658275496936, 51.257986616461416 ], [ 3.41770434710279, 51.258596553987232 ], [ 3.417556281762487, 51.259105359085176 ], [ 3.416785478586934, 51.259927042949926 ], [ 3.415976542494617, 51.259846465170021 ], [ 3.414964998440131, 51.259377397414163 ], [ 3.413936349854582, 51.258694893445174 ], [ 3.413053168699128, 51.257595585823026 ], [ 3.411523108273145, 51.256808423776135 ], [ 3.408945983926586, 51.256563367911362 ], [ 3.407467472671744, 51.256827634248353 ], [ 3.406327446868686, 51.257552120258502 ], [ 3.404804787352384, 51.260856952859498 ], [ 3.40410781328887, 51.261644882107035 ], [ 3.403108498884631, 51.262378827992983 ], [ 3.401548719194881, 51.263078953319329 ], [ 3.397875586271085, 51.263683198699873 ], [ 3.396462848975433, 51.264099742472538 ], [ 3.394582482006068, 51.265237063651341 ], [ 3.388876383233211, 51.271137414922471 ], [ 3.388492986365905, 51.272517592301476 ], [ 3.387919158108778, 51.273111371089819 ], [ 3.38621671108975, 51.273834291258666 ], [ 3.383917595854146, 51.273741565381258 ], [ 3.382021233041487, 51.274019109430263 ], [ 3.380560349253344, 51.274471248980376 ], [ 3.379327058445635, 51.274591736557738 ], [ 3.37813615697024, 51.275042732446153 ], [ 3.37699597259789, 51.275812813967796 ], [ 3.375594521432869, 51.27718910173563 ], [ 3.375315894574963, 51.277868202862727 ], [ 3.375285922855769, 51.27881646905945 ], [ 3.375672521741711, 51.279396022302024 ], [ 3.376435667075103, 51.279901050981273 ], [ 3.377388610023496, 51.280172929747451 ], [ 3.378727332130011, 51.280141646737619 ], [ 3.379593129083672, 51.280379611699161 ], [ 3.38076701543213, 51.280845351054687 ], [ 3.381591561011097, 51.28167120985978 ], [ 3.381737589370356, 51.282309991214831 ], [ 3.380594538953364, 51.28331390603141 ], [ 3.38056339156579, 51.283914528408616 ], [ 3.380305902235689, 51.28435169950675 ], [ 3.38040600867345, 51.285189386163736 ], [ 3.380882471759526, 51.286165292070194 ], [ 3.380706560998222, 51.286916700552986 ], [ 3.379943242431479, 51.287783941674945 ], [ 3.378893531374207, 51.288424556235405 ], [ 3.377270477800726, 51.288943056351002 ], [ 3.375611847051743, 51.289734558031 ], [ 3.373764496600149, 51.290178798536829 ], [ 3.371853356269711, 51.290869057822768 ], [ 3.37022514992318, 51.291861864131242 ], [ 3.367732515432736, 51.294279836427137 ], [ 3.366639436251731, 51.295677634626287 ], [ 3.366037798160332, 51.297458831237449 ], [ 3.365903273467389, 51.298225958261938 ], [ 3.366007121106135, 51.298366328719787 ] ], [ [ 4.218935600136185, 51.352616290336293 ], [ 4.217026237244611, 51.35190723486177 ], [ 4.215510358039671, 51.35245634274451 ], [ 4.215428423576573, 51.352601356039976 ], [ 4.213367859553704, 51.351372124825048 ], [ 4.213856407099381, 51.351054804344408 ], [ 4.213897281127196, 51.350861531498182 ], [ 4.214486569784536, 51.350589491021189 ], [ 4.214143846327467, 51.3499687604711 ], [ 4.211539892450573, 51.348869536652415 ], [ 4.212031230922403, 51.348908093693957 ], [ 4.213853903562895, 51.349717591131736 ], [ 4.214270059333431, 51.350033041427906 ], [ 4.214824854602525, 51.350870539425337 ], [ 4.216127934711325, 51.351623263787275 ], [ 4.217305629189759, 51.351953970067683 ], [ 4.218935600136185, 51.352616290336293 ] ], [ [ 4.210690783111863, 51.348576724363149 ], [ 4.210587539374436, 51.348496258001887 ], [ 4.210287812083743, 51.348201173053781 ], [ 4.210736165512689, 51.348606938132129 ], [ 4.210690783111863, 51.348576724363149 ] ], [ [ 4.208812289692566, 51.347708218545471 ], [ 4.208755006549556, 51.347682253422377 ], [ 4.208651958670517, 51.347658582793144 ], [ 4.208717994235948, 51.347670580671739 ], [ 4.20878607218024, 51.347691722508088 ], [ 4.208834742089337, 51.347712507443276 ], [ 4.208812289692566, 51.347708218545471 ] ], [ [ 4.207456224887954, 51.347501403956926 ], [ 4.207163349787855, 51.347390578147333 ], [ 4.206893761353026, 51.347153184233996 ], [ 4.207599622713142, 51.347532959677622 ], [ 4.207456224887954, 51.347501403956926 ] ], [ [ 4.218079765867818, 51.353398919635595 ], [ 4.218023649482129, 51.353297243084356 ], [ 4.218062658960982, 51.353239869579724 ], [ 4.218096726359389, 51.353395373640993 ], [ 4.218079765867818, 51.353398919635595 ] ], [ [ 4.220578707842371, 51.35493705614676 ], [ 4.220576024008871, 51.354944697860255 ], [ 4.220516629950857, 51.354940125459819 ], [ 4.220525981669497, 51.354912025697274 ], [ 4.220578707842371, 51.35493705614676 ] ], [ [ 4.21667288624564, 51.359746218885647 ], [ 4.216660024226907, 51.359694829484823 ], [ 4.216760566105531, 51.359660081682478 ], [ 4.216672772254033, 51.359747727513451 ], [ 4.21667288624564, 51.359746218885647 ] ], [ [ 4.213078320969595, 51.359070781230002 ], [ 4.212974197295956, 51.359002911622753 ], [ 4.213045821175854, 51.358819459877402 ], [ 4.213031382765419, 51.358987325655598 ], [ 4.213078320969595, 51.359070781230002 ] ], [ [ 4.214174085443351, 51.361438009033563 ], [ 4.213924750096491, 51.361407146199333 ], [ 4.213819940166997, 51.361402335119898 ], [ 4.213873859977662, 51.361389713380937 ], [ 4.214247650276726, 51.361442502102278 ], [ 4.214174085443351, 51.361438009033563 ] ], [ [ 4.209857343889638, 51.364122156986845 ], [ 4.209840402237683, 51.36410305505018 ], [ 4.20986425370214, 51.364126973018088 ], [ 4.209857343889638, 51.364122156986845 ] ], [ [ 4.208901186246826, 51.367421693843887 ], [ 4.208903720178794, 51.36741969631688 ], [ 4.208904131412785, 51.367426240983605 ], [ 4.208901186246826, 51.367421693843887 ] ], [ [ 4.201874918772554, 51.363195676071413 ], [ 4.201866729764911, 51.363213214886805 ], [ 4.201855753066071, 51.363176923910252 ], [ 4.201874918772554, 51.363195676071413 ] ], [ [ 4.20252263426859, 51.373176155725112 ], [ 4.202567480443808, 51.372825716597312 ], [ 4.202480092028365, 51.372569655538648 ], [ 4.202602775929422, 51.372853271389033 ], [ 4.20252263426859, 51.373176155725112 ] ], [ [ 4.192843247265605, 51.372221371616156 ], [ 4.192843196886319, 51.372221332849485 ], [ 4.192840122644423, 51.372216000826647 ], [ 4.19284539908312, 51.372223181779745 ], [ 4.192843247265605, 51.372221371616156 ] ], [ [ 4.192760914734852, 51.372110064277926 ], [ 4.192759956437352, 51.372106898779073 ], [ 4.19276779497101, 51.37211756670083 ], [ 4.192760914734852, 51.372110064277926 ] ], [ [ 4.185366531390785, 51.369879423568989 ], [ 4.185323993014199, 51.369899145861183 ], [ 4.185243431175393, 51.369924416841251 ], [ 4.185366531390785, 51.369879423568989 ] ], [ [ 4.185797687921914, 51.369682575791437 ], [ 4.185826502457812, 51.369744639963145 ], [ 4.185511286104292, 51.369819002385974 ], [ 4.185797687921914, 51.369682575791437 ] ], [ [ 4.186416493840729, 51.369965341051888 ], [ 4.186489156394936, 51.370105784011592 ], [ 4.186520410905615, 51.370143756081632 ], [ 4.186396165186929, 51.370027618602741 ], [ 4.186341234373359, 51.369923284243093 ], [ 4.186416493840729, 51.369965341051888 ] ], [ [ 4.186962677492933, 51.37031956670576 ], [ 4.186964609754006, 51.370318297739495 ], [ 4.186970784033718, 51.37032621381595 ], [ 4.186956438245534, 51.370322826753238 ], [ 4.186962677492933, 51.37031956670576 ] ], [ [ 4.192884368126023, 51.364692547134666 ], [ 4.19303073169877, 51.364595448558511 ], [ 4.193164997108014, 51.364469446428672 ], [ 4.192797736111372, 51.364739879409889 ], [ 4.192884368126023, 51.364692547134666 ] ], [ [ 4.194462086184669, 51.364519991672601 ], [ 4.194432785010265, 51.364725119513672 ], [ 4.194292910451892, 51.364908967650216 ], [ 4.194434526553097, 51.364453315578423 ], [ 4.194462086184669, 51.364519991672601 ] ], [ [ 4.186154999479293, 51.361988032148517 ], [ 4.186199641531279, 51.361975772720506 ], [ 4.186106423216019, 51.362012848851883 ], [ 4.186154999479293, 51.361988032148517 ] ], [ [ 4.186483482483775, 51.361921135747174 ], [ 4.186723960109596, 51.361827569033039 ], [ 4.186935314540061, 51.362085181360818 ], [ 4.186658848439246, 51.361960202348797 ], [ 4.186483482483775, 51.361921135747174 ] ], [ [ 4.183070665348636, 51.363153575957277 ], [ 4.18307167298041, 51.363149043283791 ], [ 4.183081839010355, 51.363170425202007 ], [ 4.183070665348636, 51.363153575957277 ] ], [ [ 4.194667386586161, 51.358468591676996 ], [ 4.194663116882889, 51.35847332628358 ], [ 4.194652749856434, 51.358462854139482 ], [ 4.194667386586161, 51.358468591676996 ] ], [ [ 4.181140650434746, 51.357800651991319 ], [ 4.181344775047714, 51.357723625272797 ], [ 4.181670912648932, 51.357527123860983 ], [ 4.181091810905876, 51.35781647733684 ], [ 4.181140650434746, 51.357800651991319 ] ], [ [ 4.182533684308547, 51.356914592225827 ], [ 4.182547121000368, 51.356856716156436 ], [ 4.182676888409941, 51.356824199295957 ], [ 4.182531946822348, 51.356917827767241 ], [ 4.182533684308547, 51.356914592225827 ] ], [ [ 4.194964362809132, 51.347210289307021 ], [ 4.194957489243193, 51.347197398318535 ], [ 4.194977799691695, 51.347235490964842 ], [ 4.194964362809132, 51.347210289307021 ] ], [ [ 4.188869102241546, 51.348486901407703 ], [ 4.188882451230503, 51.348455995636044 ], [ 4.188791527325164, 51.34863733504077 ], [ 4.188869102241546, 51.348486901407703 ] ], [ [ 4.183769587529665, 51.351697244821771 ], [ 4.183724417546666, 51.351633137766299 ], [ 4.183639912166687, 51.351395374549355 ], [ 4.183746774582909, 51.351561965531275 ], [ 4.183769587529665, 51.351697244821771 ] ], [ [ 4.183849696032261, 51.350758227018027 ], [ 4.183863266492659, 51.350740466048542 ], [ 4.183818923145245, 51.350814263042537 ], [ 4.183849696032261, 51.350758227018027 ] ], [ [ 4.181194492011149, 51.351829460295413 ], [ 4.181297036950954, 51.351859299731792 ], [ 4.18117621663682, 51.351966843387721 ], [ 4.181194492011149, 51.351829460295413 ] ], [ [ 4.177540908215789, 51.351467586660661 ], [ 4.177559845071928, 51.35147026623568 ], [ 4.177614110200314, 51.351496267073813 ], [ 4.177514331203961, 51.351475972615304 ], [ 4.177540908215789, 51.351467586660661 ] ], [ [ 4.161410565266855, 51.350864155272959 ], [ 4.161578154108882, 51.35080687797398 ], [ 4.161672913148517, 51.350822629426972 ], [ 4.161389914243284, 51.350873300394866 ], [ 4.161410565266855, 51.350864155272959 ] ], [ [ 4.161892949972401, 51.350771630097007 ], [ 4.161938158709766, 51.350740215337787 ], [ 4.162001744323104, 51.350683717969794 ], [ 4.161868862351316, 51.350787838616029 ], [ 4.161892949972401, 51.350771630097007 ] ], [ [ 4.181452760144023, 51.34663401075963 ], [ 4.181468336817445, 51.346476532732737 ], [ 4.181499046345053, 51.346404678639331 ], [ 4.181570264197797, 51.346328494035397 ], [ 4.181452760144023, 51.34663401075963 ] ], [ [ 4.182367323366507, 51.344787253511733 ], [ 4.182722087985093, 51.344581252575743 ], [ 4.182802137188079, 51.344549034550504 ], [ 4.182649182435292, 51.344663700645079 ], [ 4.182367323366507, 51.344787253511733 ] ], [ [ 4.183369470959772, 51.341400526434803 ], [ 4.183503794571133, 51.341432512405724 ], [ 4.183511684236749, 51.341434719639679 ], [ 4.183253920502778, 51.34139035035377 ], [ 4.183369470959772, 51.341400526434803 ] ], [ [ 4.184117917315381, 51.341420060471449 ], [ 4.184123690320703, 51.341180718064493 ], [ 4.18453377352084, 51.341143376335665 ], [ 4.184407504684689, 51.341204139207264 ], [ 4.184117917315381, 51.341420060471449 ] ], [ [ 4.173172763853942, 51.346826809975759 ], [ 4.173143783173535, 51.346730804109427 ], [ 4.173281559610557, 51.346726847447698 ], [ 4.173172634764096, 51.346828161199596 ], [ 4.173172763853942, 51.346826809975759 ] ], [ [ 4.176091602463715, 51.339302406056291 ], [ 4.176121957601914, 51.339238068859444 ], [ 4.176146313851351, 51.339256463833323 ], [ 4.176088982695549, 51.339305437693156 ], [ 4.176091602463715, 51.339302406056291 ] ], [ [ 4.17609230481793, 51.33905200336882 ], [ 4.176097871305812, 51.33903206755523 ], [ 4.176098055794498, 51.339031797968531 ], [ 4.176094683267717, 51.339058228224602 ], [ 4.17609230481793, 51.33905200336882 ] ], [ [ 4.167584614873034, 51.338525663945056 ], [ 4.16763071170744, 51.338410181304113 ], [ 4.167652496034568, 51.338393411823198 ], [ 4.167607192344905, 51.338507015448982 ], [ 4.167584614873034, 51.338525663945056 ] ], [ [ 4.170529197678178, 51.338337003085236 ], [ 4.170664035541017, 51.338231210843965 ], [ 4.170693439947832, 51.338212545788807 ], [ 4.170650909080728, 51.338310690474636 ], [ 4.170529197678178, 51.338337003085236 ] ], [ [ 4.16820517150226, 51.333399682284849 ], [ 4.168210502150197, 51.33334500980893 ], [ 4.168180059228805, 51.333238942461691 ], [ 4.168317368541774, 51.333355085262134 ], [ 4.16820517150226, 51.333399682284849 ] ], [ [ 4.158098145911496, 51.340511686332114 ], [ 4.158178320705292, 51.340403484323112 ], [ 4.15874952903884, 51.34029981904019 ], [ 4.158330705290322, 51.340441654552144 ], [ 4.158098145911496, 51.340511686332114 ] ], [ [ 4.159836400337087, 51.340049800255485 ], [ 4.159860035444048, 51.340047097652516 ], [ 4.159930646645769, 51.340050934807458 ], [ 4.159817286460462, 51.340058049309022 ], [ 4.159836400337087, 51.340049800255485 ] ], [ [ 4.151463116841588, 51.344007237654097 ], [ 4.15147859630452, 51.344007401856047 ], [ 4.151500012768154, 51.344071407893686 ], [ 4.151463116841588, 51.344007237654097 ] ], [ [ 4.140362576070888, 51.343330046655964 ], [ 4.140357770300223, 51.343318780382418 ], [ 4.140373650005042, 51.343299933531036 ], [ 4.140371015263218, 51.343336830790697 ], [ 4.140362576070888, 51.343330046655964 ] ], [ [ 4.157678790434058, 51.332106720154627 ], [ 4.157990448588707, 51.331067835497954 ], [ 4.158178598371454, 51.330821050467939 ], [ 4.157913345582662, 51.331775988948664 ], [ 4.157678790434058, 51.332106720154627 ] ], [ [ 4.158704465492941, 51.330533616598217 ], [ 4.158712844368637, 51.330552821048109 ], [ 4.158682097559263, 51.330558573608151 ], [ 4.158704465492941, 51.330533616598217 ] ], [ [ 4.145159689921836, 51.331772028174704 ], [ 4.14614891217906, 51.331373819120429 ], [ 4.146760523640955, 51.331251235694374 ], [ 4.147014829504875, 51.331312990441639 ], [ 4.146335091755321, 51.33134432498283 ], [ 4.145159689921836, 51.331772028174704 ] ], [ [ 4.151449500391625, 51.330437006382176 ], [ 4.151454432820497, 51.330447691831054 ], [ 4.151455040469642, 51.330462453579166 ], [ 4.151449500391625, 51.330437006382176 ] ], [ [ 3.885879642838872, 51.34871443072209 ], [ 3.88555117914663, 51.348718979465751 ], [ 3.885494246869336, 51.34780962998461 ], [ 3.885940415971591, 51.347857141683455 ], [ 3.885998507347937, 51.348712782549136 ], [ 3.885879642838872, 51.34871443072209 ] ], [ [ 3.822240845457292, 51.341245928598845 ], [ 3.823781614662011, 51.341095570849184 ], [ 3.825781468312172, 51.342411845111826 ], [ 3.824818508972088, 51.342610433791151 ], [ 3.823360648824809, 51.342541880386371 ], [ 3.822240845457292, 51.341245928598845 ] ], [ [ 3.720260404992429, 51.35057607235661 ], [ 3.720274479766197, 51.350546427224685 ], [ 3.720261084503274, 51.350584865404151 ], [ 3.720260404992429, 51.35057607235661 ] ], [ [ 3.505077137004864, 51.40641372620248 ], [ 3.504756080470117, 51.406178236333197 ], [ 3.504363870022353, 51.406118914556309 ], [ 3.504716842769602, 51.405817023496411 ], [ 3.505639230679578, 51.405928644438355 ], [ 3.505717017122264, 51.406183020552753 ], [ 3.505253953815193, 51.4061939289519 ], [ 3.505077137004864, 51.40641372620248 ] ], [ [ 3.437045046556655, 51.387199682063574 ], [ 3.437253477278167, 51.38670292724477 ], [ 3.437141508090946, 51.386581184797834 ], [ 3.437815162127036, 51.386139324445956 ], [ 3.437831488952813, 51.385873991406498 ], [ 3.438913184699392, 51.385985589073286 ], [ 3.438196692832227, 51.386659995525193 ], [ 3.437929090684845, 51.387267540138993 ], [ 3.436901488397467, 51.387421024283199 ], [ 3.437045046556655, 51.387199682063574 ] ], [ [ 3.968128156005862, 51.40055010183913 ], [ 3.96835832151053, 51.400500896392721 ], [ 3.968474849508965, 51.400619875030031 ], [ 3.968268457868239, 51.400677719830064 ], [ 3.968128156005862, 51.40055010183913 ] ], [ [ 4.159652626814584, 51.333169537521101 ], [ 4.159649110330291, 51.333193013403154 ], [ 4.159601553007364, 51.333189194267227 ], [ 4.159652626814584, 51.333169537521101 ] ], [ [ 4.148333734546144, 51.335280195909895 ], [ 4.148273781961746, 51.335471406566555 ], [ 4.14822616383911, 51.335789827154827 ], [ 4.148381990080823, 51.335151254122906 ], [ 4.148333734546144, 51.335280195909895 ] ], [ [ 4.148237857732735, 51.335935346104058 ], [ 4.148248051155708, 51.335968943902529 ], [ 4.148225228302768, 51.335825812631306 ], [ 4.148237857732735, 51.335935346104058 ] ], [ [ 4.139094243469699, 51.338864942430497 ], [ 4.139536935528162, 51.338583948373994 ], [ 4.140217074361965, 51.338328018411502 ], [ 4.140852929576893, 51.338439967989956 ], [ 4.141493803865271, 51.338989224000315 ], [ 4.140324597429587, 51.338431592033238 ], [ 4.139094243469699, 51.338864942430497 ] ], [ [ 4.142034117914061, 51.339269083516427 ], [ 4.142023856892648, 51.33927626888692 ], [ 4.142022131847885, 51.339264929832694 ], [ 4.142034117914061, 51.339269083516427 ] ], [ [ 4.190116423230486, 51.352860257238213 ], [ 4.190410969440164, 51.352386369376731 ], [ 4.190689241426433, 51.352256961879668 ], [ 4.19109714400076, 51.352178718457758 ], [ 4.190512893835812, 51.352374512551336 ], [ 4.190343845847759, 51.35265700082531 ], [ 4.1900449150647, 51.352939517081801 ], [ 4.190116423230486, 51.352860257238213 ] ], [ [ 4.191311233787589, 51.352156606380419 ], [ 4.191475328155472, 51.352137223464311 ], [ 4.191503121236264, 51.35214823731004 ], [ 4.191216926998647, 51.35216634677505 ], [ 4.191311233787589, 51.352156606380419 ] ], [ [ 4.192399913305421, 51.351863331386916 ], [ 4.192414589505182, 51.351850581493402 ], [ 4.192375580037734, 51.351883681998117 ], [ 4.192399913305421, 51.351863331386916 ] ], [ [ 4.200142099829231, 51.358134407671514 ], [ 4.200559048000105, 51.358211975451944 ], [ 4.200817446709563, 51.358420719900415 ], [ 4.200772121549369, 51.358887917882662 ], [ 4.200678748478727, 51.358339470556096 ], [ 4.200142099829231, 51.358134407671514 ] ], [ [ 4.191211195965896, 51.3584597150682 ], [ 4.191200704354622, 51.358468538392977 ], [ 4.191190020361955, 51.358457079744873 ], [ 4.191211195965896, 51.3584597150682 ] ], [ [ 4.191418282282374, 51.365786478398832 ], [ 4.191424349708369, 51.365785785432699 ], [ 4.191419781162548, 51.365803970356275 ], [ 4.191405955068391, 51.365787889982698 ], [ 4.191418282282374, 51.365786478398832 ] ], [ [ 4.19181315542303, 51.366225909269289 ], [ 4.191808579680302, 51.366255169556389 ], [ 4.191752905150957, 51.366338946777418 ], [ 4.191792006093882, 51.366209478519394 ], [ 4.19181315542303, 51.366225909269289 ] ], [ [ 4.191641062309238, 51.366495890966647 ], [ 4.191639160364653, 51.366518152917003 ], [ 4.191633332990014, 51.366512140580433 ], [ 4.191641062309238, 51.366495890966647 ] ], [ [ 4.186152271654072, 51.367223986600344 ], [ 4.186410069971677, 51.367436167175789 ], [ 4.186513999571134, 51.367511107503333 ], [ 4.186366372292092, 51.367445238581176 ], [ 4.186152271654072, 51.367223986600344 ] ], [ [ 4.201221515331525, 51.366190854826186 ], [ 4.201213304441113, 51.366212030521503 ], [ 4.201210362989554, 51.366228963380578 ], [ 4.20123103199062, 51.366170797751806 ], [ 4.201221515331525, 51.366190854826186 ] ], [ [ 4.219068082448222, 51.353881981759379 ], [ 4.219046253204274, 51.353951390294867 ], [ 4.218944713871912, 51.353964034037354 ], [ 4.219007181819928, 51.353901464825761 ], [ 4.219068082448222, 51.353881981759379 ] ] ] } }
]
}
