{
"type": "FeatureCollection",
"name": "SWVVO2710",
"crs": { "type": "name", "properties": { "name": "urn:ogc:def:crs:OGC:1.3:CRS84" } },
"features": [
{ "type": "Feature", "properties": { "VO SWV": "VO2710", "strokeColor": "#A9A9A9", "strokeWidth": 2, "fillColor": "#ADD8E6" }, "geometry": { "type": "MultiPolygon", "coordinates": [ [ [ [ 5.016096760455446, 52.332618637015685 ], [ 5.017480984492111, 52.333503500773567 ], [ 5.018462525453724, 52.334074415076131 ], [ 5.019514274627269, 52.334517903081355 ], [ 5.020589562837866, 52.335027935241314 ], [ 5.021119113565832, 52.335262548376932 ], [ 5.021938065199172, 52.335703309994344 ], [ 5.022563674666231, 52.335981898850271 ], [ 5.023658912637679, 52.336511771130994 ], [ 5.027541037371308, 52.337736210042699 ], [ 5.02761360819511, 52.337718448969731 ], [ 5.027653225073291, 52.337653479963457 ], [ 5.027690142420875, 52.337543165474813 ], [ 5.027589092761281, 52.337460280121753 ], [ 5.027589557352404, 52.337403108236707 ], [ 5.027612220363241, 52.337342766428797 ], [ 5.02768215352653, 52.337293895927637 ], [ 5.027695441797797, 52.337228566387765 ], [ 5.02760624768624, 52.337195812713539 ], [ 5.02759918064611, 52.337138131869189 ], [ 5.027716711494587, 52.3369316285427 ], [ 5.027783992346519, 52.336878629675475 ], [ 5.027838871622526, 52.336810724580623 ], [ 5.027861682173873, 52.336750197832963 ], [ 5.027918909605444, 52.336695980514392 ], [ 5.028017943254239, 52.336670560640862 ], [ 5.028147655480408, 52.336691778835352 ], [ 5.028212412562201, 52.336684410284214 ], [ 5.028407875657734, 52.336541575358673 ], [ 5.028620189781736, 52.33653672355674 ], [ 5.028757729832771, 52.336480308907774 ], [ 5.028846063480584, 52.336483303132269 ], [ 5.02898252038699, 52.336543229502318 ], [ 5.029221484556088, 52.336519629876143 ], [ 5.029314013665563, 52.336538846260574 ], [ 5.02947259669601, 52.336609717696845 ], [ 5.029569705969581, 52.336623541741275 ], [ 5.02998076904221, 52.336605842928726 ], [ 5.030149647080776, 52.336495305013258 ], [ 5.030176630631947, 52.336438542676163 ], [ 5.030150651170487, 52.336362551895135 ], [ 5.030041538876253, 52.336199857299974 ], [ 5.029927388491323, 52.336104742254157 ], [ 5.029777669925616, 52.336042012393818 ], [ 5.029525709602055, 52.33602221391682 ], [ 5.029398096149942, 52.335973137285706 ], [ 5.029213593271756, 52.33583993416724 ], [ 5.028966586182339, 52.335782310397811 ], [ 5.028768900132634, 52.335670135167099 ], [ 5.028791122270313, 52.335624703594547 ], [ 5.028844438820781, 52.335576223412851 ], [ 5.028928694781225, 52.335546602511116 ], [ 5.028969115902384, 52.335465507622821 ], [ 5.028979261717915, 52.335340781451642 ], [ 5.029258730299627, 52.335152421828695 ], [ 5.029369185699805, 52.335179689374456 ], [ 5.02941786008915, 52.335169011679092 ], [ 5.029813999626222, 52.334818204088961 ], [ 5.029757369302388, 52.334717865016238 ], [ 5.029652307770159, 52.334609228176568 ], [ 5.029661500075945, 52.334549723136433 ], [ 5.029701816218731, 52.334490190027658 ], [ 5.029781768159644, 52.334433618603995 ], [ 5.029927647400975, 52.334374647355538 ], [ 5.030114101187593, 52.334310094504396 ], [ 5.030184588544106, 52.334302190181347 ], [ 5.030242255467223, 52.334326744669355 ], [ 5.030299304838168, 52.334394612188241 ], [ 5.03037406428149, 52.334421850594275 ], [ 5.030471368775343, 52.334411294411517 ], [ 5.030591600354194, 52.334300649279704 ], [ 5.030800259914088, 52.334174030527059 ], [ 5.030836271580617, 52.334092875156337 ], [ 5.03082377574695, 52.333998086279799 ], [ 5.030789211842151, 52.333943814395163 ], [ 5.030868587315847, 52.333880189720972 ], [ 5.030827588711023, 52.333846211158281 ], [ 5.030961407518452, 52.333810378917669 ], [ 5.031108015969727, 52.333828359245537 ], [ 5.031267191831517, 52.333826093213602 ], [ 5.031400088269338, 52.333791252762026 ], [ 5.031661917796013, 52.333637786660127 ], [ 5.031803513211885, 52.333616538501957 ], [ 5.031980224831933, 52.333614355483029 ], [ 5.032086548525981, 52.333582176427406 ], [ 5.032149722683975, 52.333536264244948 ], [ 5.032789844216154, 52.333511184022996 ], [ 5.033068162229619, 52.333517443847605 ], [ 5.033297584161568, 52.333564154539303 ], [ 5.033545089900556, 52.333559472520932 ], [ 5.034296827573977, 52.333512968809927 ], [ 5.035331905097467, 52.333423983351992 ], [ 5.035893338445951, 52.333428413460616 ], [ 5.036386522066884, 52.333478478282061 ], [ 5.036616881557597, 52.33352263557024 ], [ 5.03696420984287, 52.333650640794389 ], [ 5.037110019732729, 52.333727139950085 ], [ 5.037272414944296, 52.333868411258386 ], [ 5.037418960628471, 52.33407429605279 ], [ 5.03770002684814, 52.334094818297302 ], [ 5.037881951797859, 52.334141321802562 ], [ 5.038165714451938, 52.334174995967572 ], [ 5.038406317447967, 52.334234772513483 ], [ 5.038900675788945, 52.334268065533813 ], [ 5.039016701961078, 52.33425876562859 ], [ 5.039192009533133, 52.33428615936338 ], [ 5.039288142638622, 52.334350932021692 ], [ 5.039358673492367, 52.334372801396626 ], [ 5.039654768101059, 52.334368262337293 ], [ 5.039764896727353, 52.334384790408762 ], [ 5.03999821581105, 52.334482830482813 ], [ 5.040130487645541, 52.334403990762553 ], [ 5.040334062909062, 52.334394723640642 ], [ 5.040650066094478, 52.334421912640003 ], [ 5.040837112633279, 52.334478240847105 ], [ 5.04098133058334, 52.334544350179954 ], [ 5.041066115534193, 52.334636255660797 ], [ 5.041022837871335, 52.334810720019654 ], [ 5.041208065786049, 52.334910976214111 ], [ 5.041273098462417, 52.335350742550752 ], [ 5.041406716563022, 52.335440490553928 ], [ 5.041404831071279, 52.335458182504262 ], [ 5.041588645905178, 52.335490450637039 ], [ 5.04157699151954, 52.335530103326654 ], [ 5.041589999295012, 52.335559912564641 ], [ 5.041679151294917, 52.335627598111408 ], [ 5.041865936778059, 52.335634978864661 ], [ 5.041934316289339, 52.335727743109594 ], [ 5.042101087628224, 52.335748605960546 ], [ 5.042235648440293, 52.335796475923537 ], [ 5.042413365817835, 52.335943358821872 ], [ 5.042690546753994, 52.335929801007687 ], [ 5.042780532400641, 52.335838065314199 ], [ 5.042788949694289, 52.335891254505547 ], [ 5.042982717715876, 52.336004704957368 ], [ 5.043094367852957, 52.336010980558541 ], [ 5.043143081953185, 52.335988820937956 ], [ 5.043104725434151, 52.335927716748898 ], [ 5.043039592449035, 52.335913558928709 ], [ 5.043054266157728, 52.335869556033742 ], [ 5.043101176668012, 52.335839852081783 ], [ 5.043055691753275, 52.335761839261139 ], [ 5.043047357936274, 52.335699788385753 ], [ 5.043083378345928, 52.335623667492762 ], [ 5.043132389214514, 52.33555900908086 ], [ 5.04323012974379, 52.335491593088094 ], [ 5.04357568232975, 52.335384281898428 ], [ 5.043805745551834, 52.335352458877786 ], [ 5.04483564187147, 52.335309405908077 ], [ 5.045039063810225, 52.335320812670432 ], [ 5.045874384757458, 52.335298875793349 ], [ 5.04686245766112, 52.335548110475479 ], [ 5.048437647651411, 52.335866733080941 ], [ 5.048605155212128, 52.335921357514323 ], [ 5.048795043649157, 52.336016918936444 ], [ 5.04928801485971, 52.336223911998189 ], [ 5.050757020839159, 52.336542139745816 ], [ 5.05245911498502, 52.337064180197835 ], [ 5.052693008391945, 52.337110866606729 ], [ 5.052967647378411, 52.337125290603424 ], [ 5.05336869689894, 52.337194062009857 ], [ 5.054899164990275, 52.33763166194408 ], [ 5.055317734693313, 52.337746445043315 ], [ 5.055503241617166, 52.33777947941104 ], [ 5.055706471920639, 52.337788172232749 ], [ 5.055954217525349, 52.337772614663898 ], [ 5.057215136260388, 52.337546025580828 ], [ 5.057605349488418, 52.337506461233659 ], [ 5.057971246535978, 52.33752644766124 ], [ 5.05905746598197, 52.337708218445755 ], [ 5.059626269035037, 52.337777396732569 ], [ 5.059874338184516, 52.33778894315595 ], [ 5.060479868491154, 52.337752713991975 ], [ 5.061289266818295, 52.337671014252294 ], [ 5.061700698201911, 52.33760446881427 ], [ 5.062459113742575, 52.337426470584411 ], [ 5.063685099832974, 52.33709960802954 ], [ 5.063988071434866, 52.337052281667731 ], [ 5.064298688941353, 52.337029035366541 ], [ 5.064979733638, 52.33701639405669 ], [ 5.065101818124701, 52.33700226317788 ], [ 5.065925918170827, 52.336753100678706 ], [ 5.066451340984967, 52.336631449277881 ], [ 5.066619124473974, 52.336611383327302 ], [ 5.067135778607605, 52.336690146501525 ], [ 5.067366199788099, 52.336798756301917 ], [ 5.06815707149443, 52.336973503759836 ], [ 5.068223838310329, 52.337005571953071 ], [ 5.068399419073356, 52.337459881906085 ], [ 5.06844505041308, 52.337845439942576 ], [ 5.068461416309949, 52.338160304572462 ], [ 5.0684765155312, 52.340725753547055 ], [ 5.068474089179825, 52.341582860695105 ], [ 5.068451737175345, 52.342105174910493 ], [ 5.068563304307933, 52.342103293364843 ], [ 5.068584222443886, 52.340760257866414 ], [ 5.068549713356597, 52.337788734292104 ], [ 5.068543384509889, 52.337631282928555 ], [ 5.068427794721061, 52.33719421714612 ], [ 5.068487037490173, 52.337195624967734 ], [ 5.068531757003116, 52.337175109364864 ], [ 5.068520987447942, 52.337120444515691 ], [ 5.068447631592742, 52.336983586524859 ], [ 5.068322649577542, 52.336827746886115 ], [ 5.068123902498907, 52.336437485297118 ], [ 5.067735842743143, 52.336374092867864 ], [ 5.068024948250538, 52.335697034940402 ], [ 5.06813478972611, 52.33510845451854 ], [ 5.06825970506703, 52.334792134971117 ], [ 5.06843831962193, 52.334526650353524 ], [ 5.068434410863727, 52.33446910576108 ], [ 5.068552017633928, 52.334086184151893 ], [ 5.068553610377512, 52.33401467419516 ], [ 5.068696530778122, 52.333960323322572 ], [ 5.069190193021367, 52.33402311172609 ], [ 5.069198016511713, 52.334060963053197 ], [ 5.06928305831448, 52.33407326620955 ], [ 5.069336523241899, 52.33390686097821 ], [ 5.069289633173966, 52.33389975369203 ], [ 5.069269431505719, 52.333927844333331 ], [ 5.069238241460919, 52.33391677929238 ], [ 5.069288715051851, 52.333872866086359 ], [ 5.069597064050425, 52.333395236293661 ], [ 5.069779528962262, 52.333409031410355 ], [ 5.070018292235579, 52.332805394948693 ], [ 5.069878033858513, 52.332781758779277 ], [ 5.069949690059717, 52.332493340272904 ], [ 5.069971383812743, 52.332489534285351 ], [ 5.069906324281441, 52.332330794729451 ], [ 5.069801948677951, 52.332343821458771 ], [ 5.069710894848648, 52.332153476526351 ], [ 5.069833295249078, 52.332132155817447 ], [ 5.06980410256096, 52.332059210229211 ], [ 5.069614184500286, 52.33208819850207 ], [ 5.069581324288487, 52.332032242227505 ], [ 5.0698120110164, 52.331986142309901 ], [ 5.069520559539565, 52.331111995598434 ], [ 5.069193470258598, 52.330621694738433 ], [ 5.069241373689006, 52.330602704658098 ], [ 5.068858421980146, 52.330139540608108 ], [ 5.069271541032773, 52.330005482386241 ], [ 5.069603854662345, 52.330393907276132 ], [ 5.070150359224586, 52.331121342811421 ], [ 5.070451798614446, 52.331526269294656 ], [ 5.070594100469423, 52.331774748788177 ], [ 5.070686329572695, 52.33202274634295 ], [ 5.070916619344858, 52.332863398975327 ], [ 5.070899801653029, 52.332924096724689 ], [ 5.070998022001297, 52.333121170890571 ], [ 5.071039480849829, 52.333118174166309 ], [ 5.071277764511068, 52.333617254689656 ], [ 5.071282086102444, 52.333657586891071 ], [ 5.071265635405512, 52.333691289878836 ], [ 5.071068394463307, 52.333752268264526 ], [ 5.070957021352355, 52.333729177376014 ], [ 5.070779015551682, 52.333639791524242 ], [ 5.070689834715595, 52.333616732921485 ], [ 5.070563213434447, 52.333632350912225 ], [ 5.070503395463339, 52.33366868388876 ], [ 5.070356672353711, 52.333891776757078 ], [ 5.070387718611241, 52.334056967411335 ], [ 5.070314130259128, 52.334190423960258 ], [ 5.070119274306621, 52.334257106772291 ], [ 5.069964168733666, 52.334409629226123 ], [ 5.069854990179716, 52.33459843377878 ], [ 5.069833052953262, 52.334768318058572 ], [ 5.069769149688996, 52.334944309442619 ], [ 5.069767757149506, 52.33505779752312 ], [ 5.069796573463392, 52.335190123107694 ], [ 5.069873814803109, 52.33531572201683 ], [ 5.069944059089346, 52.33538205816884 ], [ 5.070155482191275, 52.335482955464151 ], [ 5.070481207911678, 52.33553461506326 ], [ 5.070460398841057, 52.335725586282173 ], [ 5.070328591521875, 52.33573199911109 ], [ 5.07004903116527, 52.335783699413575 ], [ 5.069937187738861, 52.335810782656097 ], [ 5.069892324043257, 52.335844869266452 ], [ 5.069984334241301, 52.335963377264918 ], [ 5.069976778850408, 52.336011137334026 ], [ 5.069804555350871, 52.33614562847179 ], [ 5.069792952948385, 52.336207159459001 ], [ 5.069822249232766, 52.336268701208084 ], [ 5.069795896223239, 52.336319061001014 ], [ 5.069847079261535, 52.336437644052658 ], [ 5.069846641164763, 52.33650162136459 ], [ 5.069831052882936, 52.336597253712711 ], [ 5.069725973052466, 52.336726918412168 ], [ 5.069714460128651, 52.336774775950126 ], [ 5.06972906321199, 52.33681588953722 ], [ 5.069865406787204, 52.336973262788312 ], [ 5.069786548075765, 52.337103370086076 ], [ 5.069812081157164, 52.33717638680158 ], [ 5.069878692444926, 52.337224546449271 ], [ 5.069889382199274, 52.337299451504691 ], [ 5.069859298491386, 52.337345259117996 ], [ 5.069858748351256, 52.337372593575139 ], [ 5.069765527749035, 52.33741132020829 ], [ 5.06972835320127, 52.337438413878296 ], [ 5.069705709519509, 52.337481683974644 ], [ 5.069610178323347, 52.33834997281884 ], [ 5.069587261922352, 52.339467590779549 ], [ 5.069589140622283, 52.340245098661995 ], [ 5.069675943476734, 52.342008733171426 ], [ 5.069790629566794, 52.342003884710401 ], [ 5.069695177943252, 52.339992385925171 ], [ 5.069729637454075, 52.338293670569392 ], [ 5.069750917755346, 52.337921949487068 ], [ 5.069805810323701, 52.33753872898162 ], [ 5.069821376435682, 52.337475010422864 ], [ 5.069914523772082, 52.337432072640588 ], [ 5.070406346824539, 52.337369540910124 ], [ 5.070968570477524, 52.337332351838924 ], [ 5.071168778500901, 52.337428584252571 ], [ 5.071591205057485, 52.337685063180999 ], [ 5.071936295446529, 52.337866267642418 ], [ 5.072444417481798, 52.338102421324542 ], [ 5.072663505422203, 52.338175989723631 ], [ 5.072927361631992, 52.338233698829214 ], [ 5.073775377837143, 52.338329476376302 ], [ 5.073894251749405, 52.338375438123215 ], [ 5.074628471839892, 52.338744447053365 ], [ 5.075579853999092, 52.338979636614567 ], [ 5.075854344452174, 52.33911034454993 ], [ 5.076699568661662, 52.339584532160558 ], [ 5.076870356354209, 52.339657984778967 ], [ 5.077186025362922, 52.339754569240824 ], [ 5.077353399602948, 52.339784652655354 ], [ 5.077594915145667, 52.339801226330323 ], [ 5.078972882980541, 52.339718174975566 ], [ 5.080350287615942, 52.33967386914599 ], [ 5.081210821933979, 52.339619064192313 ], [ 5.08550529183811, 52.339185420998774 ], [ 5.088696888886303, 52.338935826876252 ], [ 5.089695544052852, 52.338767320809772 ], [ 5.090176227111688, 52.338748005566707 ], [ 5.0928588560192, 52.338782058005059 ], [ 5.093637365498597, 52.338761171040552 ], [ 5.093901877865489, 52.338702589419562 ], [ 5.094043900007518, 52.338629936797467 ], [ 5.09434677719295, 52.338425438311809 ], [ 5.094892514386076, 52.338102859484231 ], [ 5.095471325907257, 52.337782872057979 ], [ 5.095889687264567, 52.337580869327844 ], [ 5.096904595035894, 52.337154743047648 ], [ 5.098845015699641, 52.336402357377892 ], [ 5.099356358381542, 52.336177848088617 ], [ 5.099479677759327, 52.336100619482309 ], [ 5.099562066429663, 52.33602553701968 ], [ 5.099626492367976, 52.335852412922499 ], [ 5.099694109683231, 52.335768109356337 ], [ 5.100460911220136, 52.335186142670103 ], [ 5.100868340393936, 52.334899894411144 ], [ 5.101278640882023, 52.334743578908551 ], [ 5.101714549806179, 52.334644315848919 ], [ 5.101841397500733, 52.334628625724228 ], [ 5.102217282018118, 52.334629513489361 ], [ 5.10228432885222, 52.334618272428749 ], [ 5.102355232234229, 52.334582001779381 ], [ 5.102396520234091, 52.33454323555906 ], [ 5.102464351723223, 52.334409011109763 ], [ 5.102576332889634, 52.334354455265952 ], [ 5.102872155127217, 52.334072393597737 ], [ 5.10296638682656, 52.333901493626946 ], [ 5.10330774774754, 52.333471408424508 ], [ 5.103543590124604, 52.333273510879081 ], [ 5.106633317408738, 52.331593321381092 ], [ 5.107005126046363, 52.331490138144794 ], [ 5.107251316447035, 52.331446935053528 ], [ 5.107994731564434, 52.331438957449869 ], [ 5.108069261008638, 52.331599164393388 ], [ 5.108230855364174, 52.331691649423846 ], [ 5.108341380470894, 52.331725850333193 ], [ 5.108392537313375, 52.331759842665782 ], [ 5.108545936226055, 52.331920268103637 ], [ 5.108640595659034, 52.331964125889527 ], [ 5.108703807329968, 52.331973968507533 ], [ 5.108952808793324, 52.331981842526829 ], [ 5.109004103118417, 52.332037707367967 ], [ 5.109071443142276, 52.332023315720704 ], [ 5.109091431268794, 52.331989422070507 ], [ 5.109095775726362, 52.331933753832438 ], [ 5.109119573463721, 52.331907166038249 ], [ 5.109302104512173, 52.331829930866725 ], [ 5.109385841341568, 52.33171867091864 ], [ 5.109343492721079, 52.331556354985935 ], [ 5.109363403940717, 52.331522243614074 ], [ 5.109422939903324, 52.3314932514972 ], [ 5.109624997974218, 52.331442810912712 ], [ 5.109827641068777, 52.331276143048576 ], [ 5.109887515740382, 52.331201432553875 ], [ 5.109924195242195, 52.33111299084436 ], [ 5.109979843820012, 52.330883429292271 ], [ 5.10999142580923, 52.330473931313932 ], [ 5.110000836423721, 52.330415852597469 ], [ 5.110042075835133, 52.330341097729487 ], [ 5.11017812865056, 52.330233649743946 ], [ 5.110283488894593, 52.330210257495196 ], [ 5.110886212910708, 52.330002241840653 ], [ 5.111082675800317, 52.329964050307247 ], [ 5.111525309456004, 52.330029353743363 ], [ 5.112630929434731, 52.329877683222314 ], [ 5.113154702054405, 52.329831629377601 ], [ 5.117707207778518, 52.329637770987809 ], [ 5.118796753342144, 52.329598797236741 ], [ 5.120787308777662, 52.329572713368975 ], [ 5.120786580332575, 52.329597981795253 ], [ 5.119966830434237, 52.329616089048571 ], [ 5.121296612565546, 52.329588288182975 ], [ 5.121479510131278, 52.329566704786664 ], [ 5.121809132458374, 52.329498838545589 ], [ 5.122656263773966, 52.329249580653027 ], [ 5.122688283580376, 52.329220335626211 ], [ 5.122851571165124, 52.329220712567746 ], [ 5.123185159986767, 52.329254412294631 ], [ 5.12346623198358, 52.329326334664053 ], [ 5.123642828852095, 52.329481098741631 ], [ 5.123726951090068, 52.329505027675658 ], [ 5.123798845290103, 52.329494183133768 ], [ 5.123919220754537, 52.329409962001201 ], [ 5.124022663900293, 52.329153081954132 ], [ 5.12422125315854, 52.32898831551654 ], [ 5.124479277767575, 52.328930077006397 ], [ 5.124761121697624, 52.328897623009539 ], [ 5.125001357879267, 52.328798989715615 ], [ 5.125151892623525, 52.328678104457317 ], [ 5.125350938463935, 52.328450833512221 ], [ 5.125544712108542, 52.328120656358095 ], [ 5.125683298955097, 52.327996055161016 ], [ 5.126014063115365, 52.327770953085007 ], [ 5.126176733031989, 52.327613388948173 ], [ 5.126207414755148, 52.327492127248263 ], [ 5.126196884165057, 52.327249735793501 ], [ 5.126221363385628, 52.327161723232642 ], [ 5.126286040068494, 52.32708208677942 ], [ 5.126454456881785, 52.326986944005142 ], [ 5.126892605316916, 52.326822725580897 ], [ 5.127102186013475, 52.326793799281063 ], [ 5.127209805636727, 52.326841719523578 ], [ 5.127269913243961, 52.326841909529421 ], [ 5.127420010722837, 52.326790838853135 ], [ 5.127581824675235, 52.326787492699765 ], [ 5.12801742603015, 52.326664692497566 ], [ 5.128215672719006, 52.326576991632038 ], [ 5.128317738525142, 52.326551449586248 ], [ 5.12839631681106, 52.326448784192834 ], [ 5.128504348342118, 52.326397616343797 ], [ 5.128606777740342, 52.326298668255625 ], [ 5.128835761316594, 52.325960063539227 ], [ 5.128979207086014, 52.325680430656647 ], [ 5.12880701078628, 52.325627878369922 ], [ 5.128815149193971, 52.325604701020957 ], [ 5.129030425446868, 52.325508134237751 ], [ 5.129064524986726, 52.325480488289465 ], [ 5.129083805019452, 52.325422916490957 ], [ 5.129144131259928, 52.325406795320632 ], [ 5.129511700834485, 52.325406770817004 ], [ 5.129743683169513, 52.325439260097895 ], [ 5.129975470941846, 52.325578318890699 ], [ 5.130021703651591, 52.325649884235176 ], [ 5.1300444369247, 52.32575563884928 ], [ 5.130153235011293, 52.325878753759433 ], [ 5.130157540007933, 52.32595163821447 ], [ 5.130294341905638, 52.326031812876849 ], [ 5.130296743086462, 52.326074842768961 ], [ 5.130322190956884, 52.326112070396633 ], [ 5.13051257701165, 52.3262338723857 ], [ 5.130808021739451, 52.326366020438414 ], [ 5.130891942395954, 52.326363370528604 ], [ 5.130959435732919, 52.326382073251594 ], [ 5.131357036924299, 52.326544314842252 ], [ 5.131723681047055, 52.326762008759964 ], [ 5.13220589481502, 52.32697492406637 ], [ 5.132299151338668, 52.327003728389286 ], [ 5.132552896059067, 52.32701711824815 ], [ 5.132991798867691, 52.326956612567976 ], [ 5.133096401521129, 52.326959679021122 ], [ 5.133383784777162, 52.327010439610099 ], [ 5.133576344931686, 52.327120863148664 ], [ 5.133644676490677, 52.32723942866852 ], [ 5.133657904797545, 52.327340737564924 ], [ 5.133616031724666, 52.32741714113299 ], [ 5.133491414105463, 52.327484597113084 ], [ 5.133435786848835, 52.327552198391814 ], [ 5.133407845014293, 52.327611398971229 ], [ 5.133435246520668, 52.327645303204363 ], [ 5.133698241684048, 52.327544279019669 ], [ 5.134709197839227, 52.327021697486487 ], [ 5.134986390997411, 52.326861407708151 ], [ 5.135776533139456, 52.32635511147376 ], [ 5.137079791240935, 52.325393088643757 ], [ 5.137153741848683, 52.325306991048926 ], [ 5.138324338195981, 52.325901701514226 ], [ 5.138822562176641, 52.325518522715775 ], [ 5.137661156549499, 52.324921595341287 ], [ 5.137907860766479, 52.324739357948715 ], [ 5.138122908293514, 52.324649730057324 ], [ 5.138358158112135, 52.324489325328585 ], [ 5.138956429902326, 52.324038415213231 ], [ 5.139748059845224, 52.323382869478763 ], [ 5.140287309935097, 52.322826820235704 ], [ 5.140522100825755, 52.322557091294527 ], [ 5.140834591416445, 52.322124766050749 ], [ 5.140827893488543, 52.322074726082683 ], [ 5.140793075296473, 52.322050376115499 ], [ 5.140682876486362, 52.322022131057516 ], [ 5.14063695461845, 52.322030026702784 ], [ 5.140478998535112, 52.322125091854474 ], [ 5.14039520051359, 52.322119305343428 ], [ 5.140340750433507, 52.32207171667163 ], [ 5.140290715656304, 52.322054842498638 ], [ 5.140171853296134, 52.322048939222967 ], [ 5.140063104364669, 52.322020858415875 ], [ 5.139895776039291, 52.321757786399843 ], [ 5.139672593215635, 52.321709512998723 ], [ 5.139664013056259, 52.321687080560523 ], [ 5.139815119589869, 52.321481229149946 ], [ 5.139997657788209, 52.321442286165677 ], [ 5.140070978741575, 52.321403253541533 ], [ 5.140117497166942, 52.321296660653552 ], [ 5.140186009475203, 52.321221897472462 ], [ 5.140737067219489, 52.321222867362536 ], [ 5.140940028677695, 52.32119185729146 ], [ 5.141276275222024, 52.321093967914862 ], [ 5.141447159941837, 52.320977110564854 ], [ 5.142031737586301, 52.320305239601879 ], [ 5.142086798768649, 52.320317808300416 ], [ 5.142193192865256, 52.320213307655116 ], [ 5.14224998400657, 52.320201995166322 ], [ 5.142374824971554, 52.320245717195036 ], [ 5.142517764090338, 52.320256695368037 ], [ 5.142772136199246, 52.320161623172446 ], [ 5.142785082311434, 52.32013810940763 ], [ 5.14277004745118, 52.320120958105271 ], [ 5.142647404947136, 52.320182788560139 ], [ 5.14247253821982, 52.320229485255247 ], [ 5.142177515560809, 52.320141876540404 ], [ 5.142379394496511, 52.319961371565157 ], [ 5.14249560540137, 52.319917465172452 ], [ 5.142571879427501, 52.319868557064567 ], [ 5.142757035850086, 52.319655583609517 ], [ 5.14278552767903, 52.319589255085653 ], [ 5.142890067133256, 52.319464606354472 ], [ 5.143026741124199, 52.319339811760599 ], [ 5.143075240354364, 52.319261411291443 ], [ 5.143179657977986, 52.319187972680169 ], [ 5.143207743538921, 52.319153807697013 ], [ 5.143204289307868, 52.319084924415939 ], [ 5.143300677669641, 52.318996498598452 ], [ 5.143434400227954, 52.318725594837886 ], [ 5.143512656766188, 52.318601061112794 ], [ 5.143905289765275, 52.318120935233615 ], [ 5.14436776299773, 52.317740147505809 ], [ 5.144471366363185, 52.317619951768599 ], [ 5.144576690580004, 52.317394246599662 ], [ 5.145360462738685, 52.316729097964966 ], [ 5.146276831725255, 52.315986570779884 ], [ 5.146569117170641, 52.315770433542774 ], [ 5.14658354653008, 52.315733416614641 ], [ 5.146721329356263, 52.315614226888471 ], [ 5.14698805066934, 52.315524022127271 ], [ 5.147351246579563, 52.315293695632505 ], [ 5.147399251518008, 52.31522749373044 ], [ 5.147605692828719, 52.315024725871808 ], [ 5.14768549355325, 52.314971544069913 ], [ 5.147701935995383, 52.314979363288863 ], [ 5.147749880317043, 52.315269976071647 ], [ 5.147667618668184, 52.31534260088516 ], [ 5.147681204047011, 52.315359344033531 ], [ 5.147722257609379, 52.315348224071727 ], [ 5.14776326263023, 52.315317699113336 ], [ 5.14779548134392, 52.315245325760991 ], [ 5.147735638932413, 52.314903133503137 ], [ 5.1477465424692, 52.314888107745148 ], [ 5.1497064742386, 52.313523382120216 ], [ 5.151243039750196, 52.31252818035987 ], [ 5.151314461318785, 52.312438439119916 ], [ 5.151314953143144, 52.312342741805281 ], [ 5.151239723441534, 52.312270151569635 ], [ 5.151136009956413, 52.312203240315782 ], [ 5.15096605781431, 52.312153619533234 ], [ 5.149808435255459, 52.311983163283983 ], [ 5.149500869142898, 52.311959338812237 ], [ 5.149245557695375, 52.311976211794899 ], [ 5.148966385585427, 52.312037945329116 ], [ 5.146158170049952, 52.312770076738325 ], [ 5.146110741106881, 52.312764275709021 ], [ 5.145253344234655, 52.312155214928943 ], [ 5.14524433862971, 52.312131727879574 ], [ 5.14535295849799, 52.312071246979222 ], [ 5.145353058775076, 52.312039305541852 ], [ 5.143620442066958, 52.310881137435473 ], [ 5.144553723661491, 52.310337305167025 ], [ 5.144486116279896, 52.310283287390163 ], [ 5.144595168730781, 52.310223993470288 ], [ 5.144653451250643, 52.310262126912029 ], [ 5.144691314506012, 52.31026217933033 ], [ 5.145988797371291, 52.309498721320217 ], [ 5.145951089616207, 52.309479813754052 ], [ 5.145787870856465, 52.309563514446474 ], [ 5.145706079888706, 52.309514609630291 ], [ 5.145842279448054, 52.309431926638815 ], [ 5.145887481994103, 52.309436177488564 ], [ 5.14599895333351, 52.309372768204163 ], [ 5.146105039666654, 52.309429367704809 ], [ 5.146299657578804, 52.309310945583881 ], [ 5.146375521377334, 52.309314023058761 ], [ 5.149743299556571, 52.310075444616551 ], [ 5.149858625376615, 52.310099434739897 ], [ 5.149901173938101, 52.310087944038671 ], [ 5.150352366450056, 52.309732237845459 ], [ 5.150466696549211, 52.309578799873485 ], [ 5.150818673564455, 52.309202532387069 ], [ 5.150942389097476, 52.309043424667152 ], [ 5.150990222015613, 52.308943453178991 ], [ 5.151005089209494, 52.30881591256054 ], [ 5.150972486841167, 52.308728970071158 ], [ 5.150901976309035, 52.308644670513893 ], [ 5.150788723045634, 52.308586433385614 ], [ 5.150647015979186, 52.308545543653224 ], [ 5.149929079194854, 52.30841078006975 ], [ 5.149553890565222, 52.308749057209063 ], [ 5.149520375018935, 52.308754873706597 ], [ 5.148850481330539, 52.308463417354616 ], [ 5.148841458833699, 52.308445817325349 ], [ 5.149037626771751, 52.308005980090599 ], [ 5.149066157693526, 52.307994500045162 ], [ 5.149209989210834, 52.308028789171644 ], [ 5.149252905560118, 52.307994169872906 ], [ 5.149387359090744, 52.308021902523038 ], [ 5.149449198715635, 52.307993090018847 ], [ 5.149602495333907, 52.308025242286462 ], [ 5.149631279219827, 52.307993489422024 ], [ 5.149798758920713, 52.308021280936586 ], [ 5.149839396701347, 52.308001135584419 ], [ 5.150027791944469, 52.308036240602767 ], [ 5.150081807141287, 52.308150869916766 ], [ 5.150251808024398, 52.308199029394103 ], [ 5.150297104567714, 52.308173108336874 ], [ 5.150464513993179, 52.308208165744098 ], [ 5.15049348819513, 52.30817209192319 ], [ 5.150667838610572, 52.308206395507099 ], [ 5.150710879413454, 52.308180468249603 ], [ 5.150864081957333, 52.308214036254391 ], [ 5.150909309833748, 52.308186632369839 ], [ 5.151067459225702, 52.308208624006696 ], [ 5.151100984865322, 52.308179792071854 ], [ 5.151275492672965, 52.308211959697807 ], [ 5.151311253845244, 52.308190343430162 ], [ 5.151443400241168, 52.308215190787905 ], [ 5.151679759492221, 52.308199729844389 ], [ 5.151706011750943, 52.3081808104629 ], [ 5.151757538793931, 52.307950455486719 ], [ 5.15180470325844, 52.307844832319454 ], [ 5.151873858362577, 52.307745060221286 ], [ 5.1520706349756, 52.307756512091316 ], [ 5.152064798128646, 52.307713599156905 ], [ 5.152595312405106, 52.307762958983695 ], [ 5.152535151594779, 52.307997097890819 ], [ 5.152864567498685, 52.308072217134658 ], [ 5.152872037784968, 52.308111489795309 ], [ 5.153022603149926, 52.308137800390597 ], [ 5.153025390993902, 52.308169773167506 ], [ 5.153185565222751, 52.308201946497107 ], [ 5.153190562431797, 52.308235342554973 ], [ 5.153367001855438, 52.308268918464648 ], [ 5.153365179083295, 52.30830092143848 ], [ 5.153529817879376, 52.308333023421703 ], [ 5.153527993087674, 52.308369377043718 ], [ 5.153699892332184, 52.308400085809794 ], [ 5.153707278037954, 52.308440730374116 ], [ 5.153869780074711, 52.308468562318623 ], [ 5.153877237902734, 52.308503444439431 ], [ 5.154087266220467, 52.308538594041401 ], [ 5.154436743816146, 52.308531984376955 ], [ 5.154418895431499, 52.308598214690541 ], [ 5.154224471667783, 52.308636074140857 ], [ 5.154104108262608, 52.308863997808061 ], [ 5.153888702443009, 52.308823488501211 ], [ 5.153712951549845, 52.308715065602314 ], [ 5.153617762156808, 52.308678344840835 ], [ 5.152462907315689, 52.308465676997777 ], [ 5.152238857525695, 52.308459385947394 ], [ 5.152039929687004, 52.308529505735464 ], [ 5.151333365829085, 52.309265563758082 ], [ 5.151340677891374, 52.309303678262239 ], [ 5.151467839844762, 52.309396693518359 ], [ 5.151845381974624, 52.309464081604581 ], [ 5.151855101701524, 52.309493138475624 ], [ 5.15200123263967, 52.309528231177971 ], [ 5.152010724841119, 52.309577528768024 ], [ 5.152194445989074, 52.30961550196993 ], [ 5.152199523898606, 52.309644582695476 ], [ 5.152350149454169, 52.30967670706444 ], [ 5.152350508912761, 52.309708670144154 ], [ 5.152496923065272, 52.309737940140224 ], [ 5.152587312035626, 52.309697604075637 ], [ 5.152860414867524, 52.309755952502186 ], [ 5.152865577800095, 52.309782168082727 ], [ 5.153030385927121, 52.309817195810851 ], [ 5.153035481076407, 52.309854995965701 ], [ 5.153181299513736, 52.309881625238518 ], [ 5.153128896050018, 52.309994149952246 ], [ 5.152593952764984, 52.310193292070842 ], [ 5.152541646178672, 52.310239555929577 ], [ 5.152336423385514, 52.31062292614974 ], [ 5.152293607985527, 52.310626216035431 ], [ 5.152093219338092, 52.31101091555459 ], [ 5.152036238410697, 52.311011250290932 ], [ 5.151313735888568, 52.310861110454937 ], [ 5.151433182877086, 52.310607063416505 ], [ 5.15199212198842, 52.310411021688132 ], [ 5.152154629039275, 52.310083759930585 ], [ 5.152154792440912, 52.310054740232708 ], [ 5.151910141160512, 52.309813615409332 ], [ 5.151367022458322, 52.309682071625929 ], [ 5.151050266596994, 52.309672738302531 ], [ 5.150955535706128, 52.309695741734437 ], [ 5.150047381300422, 52.310617346105531 ], [ 5.149961271351895, 52.310802716608862 ], [ 5.149922432725128, 52.310991091582878 ], [ 5.149935544187367, 52.311194068715338 ], [ 5.150010621033629, 52.31130439097381 ], [ 5.150170738216059, 52.31143082472591 ], [ 5.150293449129284, 52.311486165923597 ], [ 5.151139101945262, 52.311635721954296 ], [ 5.152041124981606, 52.311878149212831 ], [ 5.152230193710965, 52.311895906554888 ], [ 5.152613539745238, 52.311830002822624 ], [ 5.152779556330296, 52.311769359879072 ], [ 5.153538488630482, 52.31126376514743 ], [ 5.154459212798398, 52.310688446307864 ], [ 5.155763572372467, 52.309983471964316 ], [ 5.156868099752395, 52.309433407848104 ], [ 5.157777686387445, 52.309029482139827 ], [ 5.159602579005491, 52.30828333654474 ], [ 5.15974965954103, 52.308185046509195 ], [ 5.159887486199827, 52.308049041763624 ], [ 5.160039831716353, 52.307846391225318 ], [ 5.160149893792554, 52.307592918464152 ], [ 5.160169502944576, 52.307453765947329 ], [ 5.160153393623866, 52.307307531867174 ], [ 5.160170658681772, 52.307227653965576 ], [ 5.1601273373238, 52.307121904631146 ], [ 5.160066104620744, 52.307089950989138 ], [ 5.16005824296321, 52.307060843008429 ], [ 5.160237881067781, 52.307114369063818 ], [ 5.160728294008345, 52.306971480669972 ], [ 5.160984048561764, 52.306846850597182 ], [ 5.161178658928802, 52.306703341215822 ], [ 5.161506608097817, 52.306416355580978 ], [ 5.162804517010684, 52.305949815755405 ], [ 5.16298896247277, 52.305787585617445 ], [ 5.162987324913097, 52.305633938039378 ], [ 5.162955507058451, 52.305558496283851 ], [ 5.162968246577575, 52.305549113718683 ], [ 5.163016755535342, 52.305552590109592 ], [ 5.163078071371971, 52.305586400334157 ], [ 5.163220051342703, 52.305628279736041 ], [ 5.16343754718307, 52.305596492305369 ], [ 5.163622702791685, 52.305487846526511 ], [ 5.163608799550186, 52.305401538772486 ], [ 5.163617618308902, 52.305349036902108 ], [ 5.16366974774141, 52.305301329933023 ], [ 5.164092209112266, 52.305207103229485 ], [ 5.164674707507301, 52.305239871003849 ], [ 5.16487041202004, 52.305201563153162 ], [ 5.164928468995389, 52.305214954036778 ], [ 5.165483983110335, 52.304986471342779 ], [ 5.165655540693949, 52.304935415895955 ], [ 5.166098580911471, 52.304880015783631 ], [ 5.166331801390839, 52.304800919427208 ], [ 5.166560854767482, 52.304766241697862 ], [ 5.166641217129839, 52.304719592284115 ], [ 5.166802088958697, 52.304572632688334 ], [ 5.166931791083085, 52.304542426126545 ], [ 5.167277901550898, 52.304529324714601 ], [ 5.167278222526519, 52.304627004663331 ], [ 5.167350229693672, 52.304615374677667 ], [ 5.167593133652121, 52.304485860716646 ], [ 5.167737477088015, 52.304333220551037 ], [ 5.167813616283311, 52.304291368631439 ], [ 5.168041049240756, 52.304240733621249 ], [ 5.168139720595438, 52.304189881681125 ], [ 5.16825335390434, 52.304180776617002 ], [ 5.168418591777812, 52.304137205976019 ], [ 5.168514486876033, 52.304145814574341 ], [ 5.16864407004718, 52.304217300325995 ], [ 5.168848629034293, 52.304393953971456 ], [ 5.169033012941971, 52.304495030859933 ], [ 5.169436220357882, 52.304621663915981 ], [ 5.169593305401867, 52.304701664684359 ], [ 5.169770903265052, 52.304764912512283 ], [ 5.1699146472993, 52.304769369562123 ], [ 5.170387321157359, 52.304694712216367 ], [ 5.170722527451335, 52.304624115084103 ], [ 5.17114800989498, 52.304507287403275 ], [ 5.171257901761131, 52.304436162901382 ], [ 5.171326677264027, 52.304369150215855 ], [ 5.171584515413747, 52.304033798984676 ], [ 5.17169103569736, 52.303968962397015 ], [ 5.171933321505324, 52.30394622847669 ], [ 5.172296382451914, 52.304007197130908 ], [ 5.172916834805243, 52.304073285860461 ], [ 5.17328792294621, 52.304064687221278 ], [ 5.173439359721744, 52.304051028141295 ], [ 5.173681892213612, 52.30399578685897 ], [ 5.173803001939768, 52.303996002944466 ], [ 5.17415948376221, 52.304112928630268 ], [ 5.174430601407217, 52.304164194666974 ], [ 5.174672839903453, 52.304173934356747 ], [ 5.174877001524316, 52.304239260084202 ], [ 5.175020896421307, 52.304258147343397 ], [ 5.175270226184657, 52.304332789044771 ], [ 5.175385090790364, 52.304340963096401 ], [ 5.175549850782231, 52.304440041618079 ], [ 5.175776921941159, 52.30445900478837 ], [ 5.176250242507132, 52.304374525770918 ], [ 5.176441666332994, 52.304379042935828 ], [ 5.176640260307848, 52.304442396224957 ], [ 5.176913847819553, 52.304476451023774 ], [ 5.177132919143543, 52.304464240160961 ], [ 5.177304367732257, 52.304418367932861 ], [ 5.177518340395919, 52.304411055930572 ], [ 5.177609323698476, 52.304439171908896 ], [ 5.177880797464072, 52.304648417627313 ], [ 5.178236072643963, 52.304718605486293 ], [ 5.178402772645028, 52.304732861480957 ], [ 5.178516473558326, 52.304700568251782 ], [ 5.178615195249067, 52.304640441806342 ], [ 5.178698702484653, 52.304631340047109 ], [ 5.178857091852071, 52.304691827388019 ], [ 5.179038288275469, 52.304822132705844 ], [ 5.179159178854413, 52.30487805011019 ], [ 5.179416305307624, 52.304948132966167 ], [ 5.179560152493866, 52.304948384965236 ], [ 5.179910054624173, 52.304913266690768 ], [ 5.180286504294833, 52.305033189075736 ], [ 5.180384673826419, 52.30510299998447 ], [ 5.1804527595082, 52.305117046823554 ], [ 5.180922399544872, 52.305043615452064 ], [ 5.181179882081465, 52.305062619988902 ], [ 5.18131093235042, 52.305105598737299 ], [ 5.181854111182561, 52.305372410671048 ], [ 5.182057244699286, 52.305428149891078 ], [ 5.182343203145069, 52.305474840516098 ], [ 5.182470791517554, 52.305525765192968 ], [ 5.182598137701593, 52.305719938655713 ], [ 5.182725844404276, 52.305798665862554 ], [ 5.182914163165378, 52.305840590297784 ], [ 5.183531199746233, 52.305901707643109 ], [ 5.183590967977058, 52.306012539694009 ], [ 5.183703053511572, 52.306024145036147 ], [ 5.183650969898296, 52.306072669392663 ], [ 5.183710859122123, 52.306155920829973 ], [ 5.183762927380743, 52.306285164446614 ], [ 5.183762598529478, 52.306349871904771 ], [ 5.18366420976286, 52.306469735083269 ], [ 5.183648727765774, 52.306562102456319 ], [ 5.183655694831042, 52.30668671439593 ], [ 5.183767520844816, 52.306940837614 ], [ 5.183827503604046, 52.306991702184092 ], [ 5.183906727682077, 52.307010181871789 ], [ 5.183988610282972, 52.307106132986462 ], [ 5.184172272315505, 52.307198807387934 ], [ 5.184389438539447, 52.30727101379869 ], [ 5.184690804991606, 52.307292112570664 ], [ 5.184981439948085, 52.307241729243998 ], [ 5.18525252764379, 52.307149254232648 ], [ 5.185622055182391, 52.306984269201429 ], [ 5.185762445566339, 52.306963001967034 ], [ 5.186129022795395, 52.306956450269496 ], [ 5.186404141042082, 52.306918691480874 ], [ 5.186433441915498, 52.306922494292301 ], [ 5.186520567854753, 52.307010830051262 ], [ 5.186603866498195, 52.307149661031247 ], [ 5.186685391118112, 52.307231068896108 ], [ 5.186758663561306, 52.307285347485156 ], [ 5.186925781933787, 52.307352393024402 ], [ 5.187210063796988, 52.307429886257381 ], [ 5.187402408985328, 52.307450731931745 ], [ 5.187578467479414, 52.307435655346389 ], [ 5.187854558067232, 52.307441250050822 ], [ 5.187954981536628, 52.307487658780261 ], [ 5.188422939901674, 52.30763213233552 ], [ 5.188673998403211, 52.307673660247147 ], [ 5.188807969307025, 52.30767903085966 ], [ 5.18885002678556, 52.307643147457235 ], [ 5.188950166091123, 52.307607537964394 ], [ 5.189093043115713, 52.307581966327348 ], [ 5.18952529814749, 52.307613459236393 ], [ 5.189625879470576, 52.30772663943204 ], [ 5.189818231894954, 52.307768013749104 ], [ 5.190169503317485, 52.30779938742738 ], [ 5.190362047697494, 52.307799705798409 ], [ 5.190471053957869, 52.307769080157883 ], [ 5.190513074481649, 52.307738326979781 ], [ 5.190580310904386, 52.307666583527194 ], [ 5.190641147666466, 52.307556250249156 ], [ 5.190773559517435, 52.307385275775331 ], [ 5.190851879890937, 52.307409712094838 ], [ 5.191179431186403, 52.307426123588762 ], [ 5.191537959946826, 52.307492929704651 ], [ 5.191767418178185, 52.307581316745164 ], [ 5.191735082202588, 52.307686174005987 ], [ 5.191742637968574, 52.307740824175625 ], [ 5.191775843474696, 52.307795535283091 ], [ 5.19206260844816, 52.308015641573718 ], [ 5.192131936342453, 52.308114911207554 ], [ 5.192209416390758, 52.308168766016287 ], [ 5.192252477613129, 52.308146356826619 ], [ 5.192291033405319, 52.308179910660478 ], [ 5.192393365706606, 52.308363268192025 ], [ 5.192467257489374, 52.308406873653468 ], [ 5.192585411872297, 52.308438005655368 ], [ 5.192803324093358, 52.308379524391455 ], [ 5.192823544738518, 52.308417174984172 ], [ 5.192806203600466, 52.30848785736692 ], [ 5.192948333558574, 52.308546270553549 ], [ 5.193167998018144, 52.308607125019641 ], [ 5.193394981499157, 52.308610405623256 ], [ 5.193475384170014, 52.308626972245598 ], [ 5.193620794498123, 52.308698417863695 ], [ 5.193757091657505, 52.30882564960212 ], [ 5.193854043554225, 52.308881393301242 ], [ 5.194184184488063, 52.308937536232868 ], [ 5.194495136551635, 52.308945965887396 ], [ 5.19467685983521, 52.308890669780659 ], [ 5.19482579415245, 52.308871078951896 ], [ 5.19495537342466, 52.30889514131772 ], [ 5.195239240745033, 52.309020831305446 ], [ 5.195338448139566, 52.309017196933645 ], [ 5.195525569042267, 52.308960174493414 ], [ 5.195593133944141, 52.308956323681997 ], [ 5.19581931189949, 52.308980299247558 ], [ 5.196099198844145, 52.308960099104809 ], [ 5.196597194800285, 52.308994359570349 ], [ 5.196887401511617, 52.308969229749273 ], [ 5.197551848670233, 52.308828125633227 ], [ 5.197948648387641, 52.30887399716039 ], [ 5.19822579845871, 52.308829209390126 ], [ 5.198290386953786, 52.308846262420005 ], [ 5.198567029959265, 52.308852372528683 ], [ 5.198590398863391, 52.308877885470736 ], [ 5.198853219209554, 52.308906599330442 ], [ 5.19912963144014, 52.30901732968514 ], [ 5.199355677676642, 52.309043159429741 ], [ 5.199739096227736, 52.308981536670935 ], [ 5.200163647232763, 52.308959576445801 ], [ 5.200518981346684, 52.309008215203505 ], [ 5.20064833888051, 52.308982977031441 ], [ 5.200823865006363, 52.308983267220313 ], [ 5.2010895135401, 52.309035303504906 ], [ 5.201140060166746, 52.30908420156522 ], [ 5.20125824141945, 52.309095826983871 ], [ 5.201617212734971, 52.309088769027632 ], [ 5.201788219469864, 52.309054966002947 ], [ 5.201875760082215, 52.309066941949496 ], [ 5.202166767684905, 52.309008008268115 ], [ 5.202286692619176, 52.309036460695886 ], [ 5.202664790228252, 52.309017280734018 ], [ 5.202770964821743, 52.309127777859644 ], [ 5.203042578036548, 52.309263923989526 ], [ 5.203157949505333, 52.309295265784222 ], [ 5.203282495357307, 52.309309601748431 ], [ 5.203517843275912, 52.309307157988272 ], [ 5.203582479859064, 52.309327042711786 ], [ 5.203804027771916, 52.309316065871045 ], [ 5.204146433333827, 52.309259568077678 ], [ 5.204154803327736, 52.309319438362863 ], [ 5.204233051707951, 52.309378991796052 ], [ 5.204504960686839, 52.309472752218724 ], [ 5.204703403085018, 52.309495702329926 ], [ 5.204888052000933, 52.309498795811507 ], [ 5.205758665543251, 52.309408420587417 ], [ 5.205792578440386, 52.309515178741961 ], [ 5.205843803314618, 52.309577370568803 ], [ 5.205936966246223, 52.30963971110485 ], [ 5.20598514010936, 52.309664445005332 ], [ 5.206199319476554, 52.309687502621813 ], [ 5.206554084040786, 52.309670276021926 ], [ 5.206922486636518, 52.309689581186049 ], [ 5.207068903949797, 52.30968206246343 ], [ 5.207363409536086, 52.309650667067011 ], [ 5.207702417961602, 52.30957231351023 ], [ 5.207850993697745, 52.309622332402093 ], [ 5.207952762605607, 52.309637658014253 ], [ 5.208061643390841, 52.309684153816576 ], [ 5.208132848177626, 52.309692313902254 ], [ 5.208246014387544, 52.309774086582578 ], [ 5.208410139723853, 52.309859191336677 ], [ 5.208523156575731, 52.309864780167636 ], [ 5.209059098481121, 52.309961027937192 ], [ 5.209171731405369, 52.309945257609371 ], [ 5.209856574810501, 52.30971283940687 ], [ 5.210112167857022, 52.309548057768588 ], [ 5.21067610647891, 52.309320974125818 ], [ 5.211030173088994, 52.309492959809873 ], [ 5.211210955793016, 52.309547749296968 ], [ 5.211260298909727, 52.309585361228102 ], [ 5.211228973899586, 52.309630328010272 ], [ 5.211243628249888, 52.309741119754108 ], [ 5.211318489675912, 52.309847423141036 ], [ 5.211431122591787, 52.309944577108702 ], [ 5.211564204782586, 52.309990020026234 ], [ 5.21195330889015, 52.309998103287612 ], [ 5.212108734552122, 52.309959375073333 ], [ 5.2122975574151, 52.309885933830003 ], [ 5.212530584828547, 52.310024685197092 ], [ 5.212756100059601, 52.310135838524573 ], [ 5.212838708407805, 52.310154380718814 ], [ 5.212989828117453, 52.310145096417664 ], [ 5.213155304316995, 52.310164140272448 ], [ 5.213546823675121, 52.310164718879797 ], [ 5.213742654649561, 52.31019730887769 ], [ 5.214088164169285, 52.31019783006824 ], [ 5.214301254686093, 52.310317199360853 ], [ 5.21450653196337, 52.310350293500569 ], [ 5.21480420408731, 52.310337818989431 ], [ 5.214841444141876, 52.310354697902213 ], [ 5.214883514292627, 52.310408852145429 ], [ 5.215041238871463, 52.310491453807998 ], [ 5.215200400831909, 52.310517645493285 ], [ 5.215559772857967, 52.310497785787206 ], [ 5.215831120224448, 52.310437145626068 ], [ 5.216327683856206, 52.310462434722353 ], [ 5.216778337562221, 52.310373409996984 ], [ 5.217032705249069, 52.310361394749606 ], [ 5.217379442362613, 52.31039775837813 ], [ 5.217673360168768, 52.310545275199786 ], [ 5.218207501560928, 52.310658546269167 ], [ 5.218519086392095, 52.310662202785068 ], [ 5.218751822486296, 52.310711701969609 ], [ 5.21931157849039, 52.310738564207433 ], [ 5.219418350149626, 52.310807137971992 ], [ 5.219631764319812, 52.310891244955407 ], [ 5.219711934963644, 52.310914431741345 ], [ 5.219925880272474, 52.310931911936564 ], [ 5.220257841248096, 52.310893295992607 ], [ 5.220337076097078, 52.310852787571335 ], [ 5.220454217479369, 52.310824872095218 ], [ 5.220610138873115, 52.310810944663096 ], [ 5.220855124528741, 52.310753485621056 ], [ 5.221005574425724, 52.310786488568645 ], [ 5.221038162317553, 52.31072185283967 ], [ 5.221075653992392, 52.310744897832635 ], [ 5.221076979529822, 52.310800681086981 ], [ 5.221104915120877, 52.310813187454265 ], [ 5.221334302227658, 52.310872957343811 ], [ 5.221568552167676, 52.310978004171687 ], [ 5.221841109608784, 52.311033075889341 ], [ 5.222141927822197, 52.311058232647298 ], [ 5.222264427343752, 52.311050928523791 ], [ 5.222673521540437, 52.310961543098934 ], [ 5.22274924381982, 52.310973628552411 ], [ 5.222834851201906, 52.311009749731745 ], [ 5.223147742333447, 52.311059658545133 ], [ 5.223267353947444, 52.311128788386618 ], [ 5.223387019236547, 52.311175420939676 ], [ 5.223563159023793, 52.311189175548463 ], [ 5.223685498852281, 52.311195335429019 ], [ 5.22405042281538, 52.311090880476435 ], [ 5.224214341739638, 52.311067128546199 ], [ 5.224842000679523, 52.311166788419882 ], [ 5.225004766439151, 52.311157228710776 ], [ 5.225102771701893, 52.311168241667204 ], [ 5.225350790915154, 52.311221716554897 ], [ 5.225725484359914, 52.311199541677716 ], [ 5.226021030627128, 52.311221621229308 ], [ 5.226173636957349, 52.311251008960468 ], [ 5.226460063707492, 52.311264682536994 ], [ 5.226627182068072, 52.311233280015671 ], [ 5.226872211800568, 52.311160560259388 ], [ 5.227173352767418, 52.311270256792255 ], [ 5.22735305580892, 52.311316060238049 ], [ 5.227533590782643, 52.311329589071939 ], [ 5.228396665113168, 52.31125765983073 ], [ 5.228675691610041, 52.311251225593004 ], [ 5.228728940935492, 52.311271699867504 ], [ 5.228894403833856, 52.31138440949794 ], [ 5.229077721910884, 52.311461933467562 ], [ 5.229314735387829, 52.311451434356982 ], [ 5.229765761892367, 52.31152395801633 ], [ 5.230124602044476, 52.311666342021383 ], [ 5.230202546037819, 52.311708075825663 ], [ 5.230406272562132, 52.311863884523298 ], [ 5.230489967475594, 52.311902781672231 ], [ 5.230595637840339, 52.311920683183267 ], [ 5.230757791825424, 52.311908302250387 ], [ 5.231127947498251, 52.311770947403318 ], [ 5.231371806963409, 52.311755574620413 ], [ 5.231623754968257, 52.311707538125567 ], [ 5.231863569721357, 52.311775735856692 ], [ 5.232311907730979, 52.311786735729633 ], [ 5.232544608659466, 52.311871346819984 ], [ 5.232661416720114, 52.311894384196037 ], [ 5.232845744696825, 52.311891734966288 ], [ 5.232983091048907, 52.311860903833463 ], [ 5.233357273664116, 52.311826470417515 ], [ 5.233731842394941, 52.311726614221932 ], [ 5.233922322973278, 52.311772937769746 ], [ 5.234060105213151, 52.31177915343541 ], [ 5.234217608098174, 52.311761271787468 ], [ 5.234370458173404, 52.311707159939147 ], [ 5.234532845631909, 52.311683266617493 ], [ 5.234808371237429, 52.311722800640219 ], [ 5.23493630452096, 52.311722968548779 ], [ 5.235337143950359, 52.311659618104272 ], [ 5.235734042426229, 52.311633968888138 ], [ 5.235791746181466, 52.311644525262139 ], [ 5.236021975427231, 52.311748134957654 ], [ 5.236320144340278, 52.311771925439103 ], [ 5.236524205348254, 52.31174112574444 ], [ 5.236792557679238, 52.311730865070416 ], [ 5.236859480795834, 52.311738594310057 ], [ 5.237047485794879, 52.311805153047473 ], [ 5.237057889723467, 52.311779349651324 ], [ 5.237185271534781, 52.311786177902569 ], [ 5.237426441192878, 52.311765376833208 ], [ 5.237633325573653, 52.311720391920872 ], [ 5.238300821514618, 52.311697477654214 ], [ 5.238863946122128, 52.311632745568808 ], [ 5.239009810174882, 52.311597250102771 ], [ 5.239257263253589, 52.311624289296184 ], [ 5.239602170959984, 52.31150585865052 ], [ 5.239868654813854, 52.311666705792383 ], [ 5.239961068814168, 52.311690660353293 ], [ 5.240183961349618, 52.311711724561391 ], [ 5.240563807029615, 52.311636709649889 ], [ 5.240731484989802, 52.311579157632906 ], [ 5.240885467740502, 52.311627652492227 ], [ 5.241055196130215, 52.31163027067732 ], [ 5.241224737816908, 52.311608730527439 ], [ 5.241323652745057, 52.311579749397637 ], [ 5.241588493687843, 52.311391711335908 ], [ 5.241691068736907, 52.311444892966406 ], [ 5.241903810825482, 52.311488630436493 ], [ 5.242022417929964, 52.311476673037085 ], [ 5.242247243785122, 52.311418968170337 ], [ 5.242342169935109, 52.311360320698853 ], [ 5.242244292191272, 52.311003956320562 ], [ 5.242518512572913, 52.31098575479416 ], [ 5.242476534184706, 52.311201439962133 ], [ 5.242492992067062, 52.311352290107322 ], [ 5.242606947446419, 52.31151357641469 ], [ 5.242733789045043, 52.311643793166063 ], [ 5.242894806153046, 52.311696054474631 ], [ 5.24311049585376, 52.311886114532761 ], [ 5.243301117035376, 52.311964356941054 ], [ 5.243652827757046, 52.312061034496793 ], [ 5.244519025102551, 52.312551946294057 ], [ 5.245130845446526, 52.312994692196121 ], [ 5.245646592461255, 52.313469699112915 ], [ 5.245671566928126, 52.313683123449593 ], [ 5.245722101328585, 52.313802811308335 ], [ 5.245823803852108, 52.31386276348514 ], [ 5.246044455198125, 52.313912578531387 ], [ 5.24624306814618, 52.314006242095047 ], [ 5.246327598815452, 52.314086864757165 ], [ 5.246420548179851, 52.31422749120339 ], [ 5.246466651605553, 52.314404335671348 ], [ 5.246546850103862, 52.314534483028552 ], [ 5.246805116035028, 52.314683033595784 ], [ 5.247050411478156, 52.314901733231522 ], [ 5.247591139525564, 52.315601849850275 ], [ 5.248482157961787, 52.31681701538178 ], [ 5.248485780323056, 52.317082496827851 ], [ 5.248540709626464, 52.317134545482858 ], [ 5.24860852917661, 52.317158029894692 ], [ 5.248693374398111, 52.317152918051825 ], [ 5.248778285093106, 52.317119239627715 ], [ 5.248812409187887, 52.317059468475293 ], [ 5.248740930892759, 52.316859167054588 ], [ 5.248567108724318, 52.316778067292375 ], [ 5.246985496189258, 52.314391948574979 ], [ 5.245164026257434, 52.31276435888914 ], [ 5.24416671044289, 52.311955271802013 ], [ 5.24428029154856, 52.311894710156267 ], [ 5.242818025081617, 52.310605804206958 ], [ 5.244068536678732, 52.310070993672802 ], [ 5.244921186627618, 52.310819238034036 ], [ 5.245007872316423, 52.310829984677056 ], [ 5.245085727389818, 52.310818124107357 ], [ 5.245161536648652, 52.31079500171311 ], [ 5.245190305838218, 52.31075603612242 ], [ 5.245366247426036, 52.310093319030464 ], [ 5.245355592513285, 52.309907856361704 ], [ 5.245240892114464, 52.309721133369003 ], [ 5.245104799259533, 52.309574746279218 ], [ 5.244995745194039, 52.309499478992343 ], [ 5.244878894851421, 52.309490242730952 ], [ 5.244847905804317, 52.309514998978251 ], [ 5.244892600833468, 52.309588626029019 ], [ 5.244745615858171, 52.30962993930374 ], [ 5.244754649098566, 52.309644276660528 ], [ 5.244081753261407, 52.309823290872174 ], [ 5.243923029331503, 52.309550884137352 ], [ 5.24462556291371, 52.309390175279681 ], [ 5.244689542310535, 52.309414028725087 ], [ 5.244718739458495, 52.3093916807874 ], [ 5.244722028037887, 52.309325696482425 ], [ 5.244708362845462, 52.309316876682075 ], [ 5.244736767612088, 52.309289858852878 ], [ 5.243866922589483, 52.308917415537557 ], [ 5.243669849158869, 52.30894034947611 ], [ 5.24339759264655, 52.308888969387375 ], [ 5.243278156237961, 52.308648192147892 ], [ 5.242823614191731, 52.30834978966103 ], [ 5.24279290134803, 52.308355483878188 ], [ 5.242577986848886, 52.30816045467985 ], [ 5.241418497190503, 52.305912427705742 ], [ 5.241341429126287, 52.305900452667075 ], [ 5.241281673301188, 52.305754156628502 ], [ 5.241752873716064, 52.305804572287521 ], [ 5.242188249381168, 52.305731263715863 ], [ 5.243156012323053, 52.307637312908724 ], [ 5.243333013657566, 52.307956247888164 ], [ 5.243446483042517, 52.308113600673302 ], [ 5.243716655281881, 52.308328021520275 ], [ 5.244263673251466, 52.308660342674003 ], [ 5.245204658412693, 52.308325355156697 ], [ 5.245226329074603, 52.308329840245619 ], [ 5.245302530265502, 52.308410824150208 ], [ 5.245447460805603, 52.308357408701383 ], [ 5.24549288212093, 52.308395065021124 ], [ 5.245325541527932, 52.308452046046291 ], [ 5.245407140537239, 52.308529820759233 ], [ 5.245132667194357, 52.308629744828153 ], [ 5.245408613290527, 52.308914266366898 ], [ 5.244929956809481, 52.309107594433506 ], [ 5.245086047653859, 52.309260548562726 ], [ 5.245164304587729, 52.309308737789657 ], [ 5.245292521907835, 52.30929143499268 ], [ 5.245342500523708, 52.309256552541825 ], [ 5.245322106272037, 52.309216902511686 ], [ 5.245536279513878, 52.309128510312974 ], [ 5.245657999347396, 52.309258936229597 ], [ 5.245473680279408, 52.309336692735336 ], [ 5.245406930181661, 52.309294460380151 ], [ 5.245343949325411, 52.309322478349642 ], [ 5.24530207008358, 52.309391953058558 ], [ 5.245427162938022, 52.309501132037987 ], [ 5.24554102210878, 52.309628320507208 ], [ 5.245694642534096, 52.309847609244578 ], [ 5.245713599136639, 52.30995977332438 ], [ 5.245692817877806, 52.310222666547794 ], [ 5.245491027780794, 52.311022642158292 ], [ 5.245470437872597, 52.31122119434216 ], [ 5.245583829709719, 52.311597099810129 ], [ 5.245768364234447, 52.31154540374515 ], [ 5.245669559608766, 52.311285652149344 ], [ 5.245660112054151, 52.311117634349891 ], [ 5.245705660112595, 52.310891569888632 ], [ 5.245828709931994, 52.310439409689451 ], [ 5.24605756418953, 52.310379555749797 ], [ 5.247256268149732, 52.312167354843794 ], [ 5.247349673394018, 52.312171644337603 ], [ 5.247435362084143, 52.312058072117146 ], [ 5.24626964806363, 52.310311959353889 ], [ 5.246745411093378, 52.310196945887185 ], [ 5.246718543858496, 52.310152699496321 ], [ 5.246834814071342, 52.310124693886905 ], [ 5.246863422844626, 52.310168478973594 ], [ 5.247218042615359, 52.310082813719958 ], [ 5.247177907549863, 52.310017898417257 ], [ 5.247302851021477, 52.309987846719821 ], [ 5.247344620999159, 52.310052263364504 ], [ 5.247771481850479, 52.309949170166782 ], [ 5.247686123553425, 52.309813893535448 ], [ 5.247817550837777, 52.309782379836697 ], [ 5.247904365091246, 52.309917095964828 ], [ 5.248385487058616, 52.309800907888352 ], [ 5.248338324814684, 52.309521747360655 ], [ 5.250701498018715, 52.309318192288373 ], [ 5.250680644176057, 52.309222217578345 ], [ 5.250810288360413, 52.30920321823924 ], [ 5.250852157548684, 52.309243445103093 ], [ 5.250935657054682, 52.309258177540606 ], [ 5.251013366051727, 52.309221675520988 ], [ 5.251043338388774, 52.30917778430539 ], [ 5.251032523853032, 52.309093547590336 ], [ 5.251621174387163, 52.30904157835328 ], [ 5.25166373105581, 52.309261971582146 ], [ 5.251653320543569, 52.309532854005319 ], [ 5.251614383479366, 52.309683334505202 ], [ 5.25155624952916, 52.309815971447847 ], [ 5.251305566050396, 52.310104278389666 ], [ 5.251136573376063, 52.310251704408664 ], [ 5.250876584933284, 52.310416359404798 ], [ 5.250481401323738, 52.310628277093585 ], [ 5.250624771073911, 52.310756464350931 ], [ 5.250353108109806, 52.310944307097508 ], [ 5.25015341962848, 52.310847448443624 ], [ 5.25000129749096, 52.310937074213172 ], [ 5.250059882786081, 52.31099433790385 ], [ 5.249805510184514, 52.311176133157261 ], [ 5.249680689266048, 52.311103044931329 ], [ 5.249463402343194, 52.311205911341681 ], [ 5.249554601734048, 52.311266560509011 ], [ 5.249291079126261, 52.311496145860666 ], [ 5.24915446451115, 52.311398414381458 ], [ 5.248803416413002, 52.311601302694882 ], [ 5.248545066524514, 52.311892869346657 ], [ 5.248358629823397, 52.31213867444734 ], [ 5.248262230194559, 52.312318471703669 ], [ 5.248159602492911, 52.312586392722345 ], [ 5.248116632138347, 52.312922259878938 ], [ 5.248116279287472, 52.31302868773686 ], [ 5.248066198940591, 52.313149277723937 ], [ 5.248061561419552, 52.313258388518577 ], [ 5.247812966788785, 52.313749567798304 ], [ 5.24782587441579, 52.313795517402959 ], [ 5.248898857573512, 52.315459480193205 ], [ 5.248898663957216, 52.315512532466805 ], [ 5.249473935088176, 52.31629369236164 ], [ 5.249450635533811, 52.316367162482216 ], [ 5.249479227461991, 52.316423441838779 ], [ 5.249540968511128, 52.316442934734837 ], [ 5.249612352329635, 52.316427889622602 ], [ 5.249645234383575, 52.316378683756319 ], [ 5.249573999103561, 52.316299619868701 ], [ 5.249234034532147, 52.315766983632734 ], [ 5.249156320280798, 52.315705510128609 ], [ 5.249575446173065, 52.315602426879764 ], [ 5.249636298018414, 52.315842137555585 ], [ 5.249806299251428, 52.316054179476808 ], [ 5.249841274801459, 52.316032805387067 ], [ 5.249786780227429, 52.315925487800953 ], [ 5.249839915555422, 52.315827605991423 ], [ 5.249912749062039, 52.315763373119061 ], [ 5.250093964341009, 52.315692015540499 ], [ 5.250148407907114, 52.31565333117684 ], [ 5.250148513037276, 52.315616369811138 ], [ 5.25006644021953, 52.31545921227444 ], [ 5.250081406870187, 52.315440896942441 ], [ 5.25012647370407, 52.315436288063815 ], [ 5.250179453113612, 52.315362347131241 ], [ 5.250179558877814, 52.315316289032985 ], [ 5.2500744330254, 52.315219246780394 ], [ 5.249924461071041, 52.315034627963819 ], [ 5.249917210837345, 52.314886663708236 ], [ 5.24988737315019, 52.314812889943269 ], [ 5.249819813277595, 52.314706431029087 ], [ 5.249722325434658, 52.31459551155438 ], [ 5.24974517919555, 52.314480308492904 ], [ 5.249813338412039, 52.314383226727323 ], [ 5.249859061160699, 52.314203361561617 ], [ 5.249844372618491, 52.314092506294763 ], [ 5.2497546177756, 52.313884559616426 ], [ 5.249716999749003, 52.313875290580093 ], [ 5.249638010347977, 52.313889925434083 ], [ 5.249626719107075, 52.313715908770227 ], [ 5.249563692248837, 52.313591317827928 ], [ 5.249761679231319, 52.313508417082815 ], [ 5.24987249172913, 52.313608691471444 ], [ 5.249943757930147, 52.313621576467369 ], [ 5.250049502805714, 52.313529369825694 ], [ 5.250079978711041, 52.313460087122586 ], [ 5.250260985011916, 52.313354174285614 ], [ 5.250351693863627, 52.313243491796996 ], [ 5.25072946904156, 52.312869976790942 ], [ 5.251076546508154, 52.312699495860038 ], [ 5.251264959599291, 52.312543093763963 ], [ 5.251325863620896, 52.312473508462567 ], [ 5.251341037394562, 52.312436633982372 ], [ 5.251319724871728, 52.312410577174198 ], [ 5.251689268554976, 52.312344749307947 ], [ 5.251839480777643, 52.312205180129801 ], [ 5.252159673800866, 52.311818366943037 ], [ 5.252244926005844, 52.311624827806767 ], [ 5.252238638468521, 52.311560952061399 ], [ 5.252171362328821, 52.311490929201582 ], [ 5.252195580263, 52.311363218976858 ], [ 5.252263690961962, 52.311247847808914 ], [ 5.252316940802669, 52.311077092628672 ], [ 5.252287319272913, 52.310952342605546 ], [ 5.252347728285984, 52.310869341913005 ], [ 5.252370503198212, 52.310804733379811 ], [ 5.252363118690826, 52.310753933512885 ], [ 5.252333492938992, 52.310702751804968 ], [ 5.252476665150423, 52.310532670491796 ], [ 5.252597192563893, 52.310569532744061 ], [ 5.252649907447738, 52.310569589868471 ], [ 5.252674696928286, 52.310507523634243 ], [ 5.25272575073148, 52.310454151798567 ], [ 5.252808595477826, 52.310403522694486 ], [ 5.25282378450237, 52.310366649182079 ], [ 5.252801270424741, 52.310343515183234 ], [ 5.252680616398944, 52.310329463346243 ], [ 5.252620679817174, 52.310306395744874 ], [ 5.252598446558795, 52.310274164995619 ], [ 5.252650994812344, 52.310232443313737 ], [ 5.252824840606571, 52.309997379760098 ], [ 5.252855161084991, 52.309932822969692 ], [ 5.252915678872045, 52.309918955547893 ], [ 5.252975365945534, 52.309960159648575 ], [ 5.252960439747687, 52.309992794437029 ], [ 5.252907700596624, 52.310020455726338 ], [ 5.252900105226321, 52.310048070086019 ], [ 5.252915080655641, 52.310075853503974 ], [ 5.25294523763951, 52.310089747579092 ], [ 5.253058168062894, 52.31008527277919 ], [ 5.253156410293708, 52.309979200251007 ], [ 5.253171580231871, 52.309937626417415 ], [ 5.253134135301787, 52.309877578032811 ], [ 5.252991096568729, 52.309821597204696 ], [ 5.252999063107055, 52.309711223081159 ], [ 5.253074506772323, 52.309628311105342 ], [ 5.253165231985264, 52.309591375731706 ], [ 5.25327797782386, 52.309642265129462 ], [ 5.253353460929455, 52.309642280120883 ], [ 5.253398528375687, 52.309623927706483 ], [ 5.253421235494199, 52.309596249118378 ], [ 5.253436411333638, 52.309559356928638 ], [ 5.25342936396586, 52.309494551312497 ], [ 5.253527051949165, 52.309467096486564 ], [ 5.253549730681109, 52.309439402153075 ], [ 5.253534783147946, 52.309407074370412 ], [ 5.253467115711941, 52.309360848791513 ], [ 5.253421944716222, 52.309360797478426 ], [ 5.253354136492745, 52.309388339870331 ], [ 5.25333175038676, 52.309379229730744 ], [ 5.253314479800641, 52.309325399928987 ], [ 5.253251323570372, 52.309246280100794 ], [ 5.252985478509441, 52.309113486818497 ], [ 5.252856748405677, 52.309023490223105 ], [ 5.252804314901288, 52.308904813080282 ], [ 5.252816178396592, 52.3087824561253 ], [ 5.252913193276987, 52.308776133752247 ], [ 5.252935418909853, 52.308929560636443 ], [ 5.25298053718357, 52.308990679549943 ], [ 5.253041609812588, 52.309043540803316 ], [ 5.253229021387522, 52.309146345578334 ], [ 5.253406168578133, 52.309267536066528 ], [ 5.253432659857571, 52.309242684359482 ], [ 5.253512562420094, 52.30927778573411 ], [ 5.253791551798767, 52.309171916559585 ], [ 5.253851959895791, 52.309135019845243 ], [ 5.253882212325271, 52.309093533955476 ], [ 5.253897678125069, 52.308973476171992 ], [ 5.253943194364044, 52.308853505309735 ], [ 5.253928341775864, 52.308784223648935 ], [ 5.253883364152967, 52.308701054485553 ], [ 5.253838325370189, 52.30865948820869 ], [ 5.2537406032873, 52.308625031232395 ], [ 5.253841977791727, 52.308543677003563 ], [ 5.254486939897525, 52.308149585688248 ], [ 5.254616854795767, 52.3080883394964 ], [ 5.254885919359761, 52.307995505938543 ], [ 5.255160963479093, 52.30808087534956 ], [ 5.255270336309844, 52.308076532980621 ], [ 5.255387071350574, 52.308045352770378 ], [ 5.25548929049905, 52.307996320769817 ], [ 5.255591597175537, 52.307915972434813 ], [ 5.255672521808369, 52.307679172760324 ], [ 5.255665535643351, 52.307580849161504 ], [ 5.255571241444223, 52.307433320315035 ], [ 5.255556839276864, 52.307384299822481 ], [ 5.255623098781495, 52.307265958342299 ], [ 5.255984203512337, 52.307062495568708 ], [ 5.256210956101464, 52.306911668476175 ], [ 5.256384139128593, 52.306819081164747 ], [ 5.256546366151101, 52.306756302438991 ], [ 5.256616882635695, 52.306706611008131 ], [ 5.256833182244287, 52.306600885375452 ], [ 5.257049524628777, 52.306534827185367 ], [ 5.257260383539017, 52.3065085237631 ], [ 5.257590332538967, 52.30640615347005 ], [ 5.25828238123103, 52.306271035870971 ], [ 5.258709348703263, 52.306231732642694 ], [ 5.259356497647683, 52.306139626264077 ], [ 5.259880644996437, 52.306113681356287 ], [ 5.260323737256625, 52.306110847651027 ], [ 5.260942938826188, 52.306151287596734 ], [ 5.262428392952812, 52.30631522586242 ], [ 5.263052718063926, 52.306402042198371 ], [ 5.263344222667222, 52.306541545197213 ], [ 5.263468413950989, 52.306584764723382 ], [ 5.263833031013426, 52.306586746964726 ], [ 5.263929465614201, 52.306657027526249 ], [ 5.263967367118384, 52.30665815512122 ], [ 5.264133756475914, 52.306778501209344 ], [ 5.264232505176503, 52.306781879314414 ], [ 5.264269970295805, 52.306769619290314 ], [ 5.26431610634022, 52.306706036204595 ], [ 5.264149597129912, 52.306393646807855 ], [ 5.263951733332076, 52.306147690234887 ], [ 5.264050710811785, 52.306104303782107 ], [ 5.263877714470467, 52.305753621610059 ], [ 5.263923544305673, 52.3057395835745 ], [ 5.263913993857957, 52.305706715887986 ], [ 5.263998304132754, 52.30569184171496 ], [ 5.264037490510934, 52.30574842661084 ], [ 5.264279773829389, 52.305714115380646 ], [ 5.264482121957538, 52.306132464461029 ], [ 5.264559062163117, 52.306122925735075 ], [ 5.264629617163757, 52.306360448718337 ], [ 5.264768080237905, 52.306476186723764 ], [ 5.264860619691575, 52.306485010139347 ], [ 5.264931906651788, 52.306450159715737 ], [ 5.264950044513333, 52.306347588751954 ], [ 5.265021521824214, 52.306245056935815 ], [ 5.265226603526726, 52.306105558236069 ], [ 5.265529673732788, 52.305961764677612 ], [ 5.265861152058509, 52.305828950992179 ], [ 5.266178314665015, 52.305739746237599 ], [ 5.266833817362974, 52.30561597117353 ], [ 5.267989558842101, 52.305451235403005 ], [ 5.268880500079239, 52.305259973064352 ], [ 5.271805289910541, 52.304698501166079 ], [ 5.272209457606724, 52.304613781420628 ], [ 5.272750829558818, 52.30446591331475 ], [ 5.274063958259124, 52.304145095262768 ], [ 5.274637687133321, 52.303955699135464 ], [ 5.275331036801959, 52.303658329694088 ], [ 5.276521534894288, 52.303104980709314 ], [ 5.277411165688386, 52.302645086104825 ], [ 5.278160354972391, 52.302284511952294 ], [ 5.278452475493311, 52.302237358257166 ], [ 5.278727615454639, 52.302435727118386 ], [ 5.278899832038829, 52.302344775756367 ], [ 5.278891553105577, 52.302193038624878 ], [ 5.278959388318015, 52.302049634314109 ], [ 5.279058266319128, 52.301914895117868 ], [ 5.279140997930755, 52.30171959591933 ], [ 5.279218118367186, 52.301622399680944 ], [ 5.279301567660721, 52.301552862037923 ], [ 5.279657908874592, 52.301399944165247 ], [ 5.279981284373835, 52.30130500224562 ], [ 5.280208231419682, 52.301305149208758 ], [ 5.28027368416304, 52.301257134624365 ], [ 5.280279815065648, 52.301031578270155 ], [ 5.285081749286912, 52.298514757970942 ], [ 5.285457526635198, 52.298752441088318 ], [ 5.285579549031864, 52.298686766703618 ], [ 5.285434742524553, 52.298441132932652 ], [ 5.286763123272531, 52.29790987892919 ], [ 5.290208856957106, 52.296923413983258 ], [ 5.290463655633609, 52.296901846237525 ], [ 5.29056982375875, 52.296869401979436 ], [ 5.290691097986592, 52.296809158685406 ], [ 5.290871673444711, 52.296696861235326 ], [ 5.291326354424323, 52.296572891902557 ], [ 5.291373210248448, 52.296600619798106 ], [ 5.291328109212204, 52.296679488107941 ], [ 5.29135833954327, 52.296712090451543 ], [ 5.291403748294377, 52.296744633903494 ], [ 5.291562800468978, 52.29676797605665 ], [ 5.291653843200921, 52.296749451416801 ], [ 5.292002736474129, 52.296601075738117 ], [ 5.292042038921624, 52.296563879241624 ], [ 5.292090301486016, 52.29655080175678 ], [ 5.292184202586204, 52.296562384530979 ], [ 5.29244008779383, 52.296633140037713 ], [ 5.293103689185395, 52.296905927531313 ], [ 5.293356621366187, 52.296973873240312 ], [ 5.293682291685184, 52.297054967308611 ], [ 5.294451281432851, 52.297158196184064 ], [ 5.29463265501528, 52.297153973934797 ], [ 5.294928617959925, 52.297009919737505 ], [ 5.295355576562131, 52.297071468299769 ], [ 5.295365668888345, 52.297109825595477 ], [ 5.295442399645912, 52.297142238462122 ], [ 5.29555288164553, 52.297136441011325 ], [ 5.295929679296846, 52.297070611328856 ], [ 5.296182189771019, 52.297083240793818 ], [ 5.296535978882329, 52.297173376805098 ], [ 5.297524535052973, 52.297499409183352 ], [ 5.298285737559674, 52.297794353991243 ], [ 5.299870481297232, 52.298758321544916 ], [ 5.300464989470425, 52.299224112224522 ], [ 5.301021024904567, 52.299705679434325 ], [ 5.301502455189565, 52.300196931316222 ], [ 5.302070437795781, 52.300836199260544 ], [ 5.302127932247137, 52.300995726774204 ], [ 5.302127575961234, 52.301069970344813 ], [ 5.302079304168334, 52.301125845024032 ], [ 5.301781721982891, 52.301181701090002 ], [ 5.301831506006475, 52.301270942594343 ], [ 5.301810110223717, 52.301278978289055 ], [ 5.301826454451248, 52.301384612138989 ], [ 5.301966445588106, 52.301696074667959 ], [ 5.302200776298659, 52.302021476054563 ], [ 5.30231100584317, 52.302102361621394 ], [ 5.302556391717128, 52.302168005864772 ], [ 5.302770284469024, 52.302196581427147 ], [ 5.304388109870045, 52.302212790582232 ], [ 5.304440431612547, 52.302200827920053 ], [ 5.304469855956591, 52.302176818530185 ], [ 5.304463616923692, 52.302126489740253 ], [ 5.304544927880343, 52.302050921481303 ], [ 5.304679141814357, 52.302014800914151 ], [ 5.304969508049632, 52.302036994932926 ], [ 5.305110389998384, 52.302015088832754 ], [ 5.305224651755189, 52.302039179181328 ], [ 5.305495864870156, 52.302005328492278 ], [ 5.305652609383147, 52.302017439967699 ], [ 5.306002010454343, 52.302005679832838 ], [ 5.306247284674646, 52.302086124146506 ], [ 5.306892975530523, 52.302414439762828 ], [ 5.307331138356606, 52.302729248010607 ], [ 5.307985235117235, 52.303398700838478 ], [ 5.308308095329153, 52.303816427179576 ], [ 5.30846963181214, 52.304052371088702 ], [ 5.308500077145091, 52.304166625316824 ], [ 5.308668344557006, 52.304419193898312 ], [ 5.30875115729821, 52.304787037035496 ], [ 5.307944793914566, 52.305055087935699 ], [ 5.307914209591702, 52.305073805875821 ], [ 5.307903996621251, 52.305117386498104 ], [ 5.307985249256178, 52.305173589667852 ], [ 5.308097003778752, 52.305198580488273 ], [ 5.308280103454255, 52.305155090776424 ], [ 5.309358595327131, 52.30481910025356 ], [ 5.309958993105745, 52.304570092443647 ], [ 5.311129160504646, 52.304028505275419 ], [ 5.312935313006303, 52.303140552830193 ], [ 5.313412776338722, 52.303373293803929 ], [ 5.31390322707132, 52.303100865207881 ], [ 5.313475892937079, 52.302878446702643 ], [ 5.313898716275126, 52.30269820677394 ], [ 5.315129970720227, 52.3020321850138 ], [ 5.315505558958016, 52.301811879152908 ], [ 5.31657180271816, 52.301098224751968 ], [ 5.317062912245443, 52.300705427566172 ], [ 5.317219545706746, 52.300540098219571 ], [ 5.317184453618978, 52.300494562922879 ], [ 5.31711412885878, 52.300472934158968 ], [ 5.316953832917489, 52.300508780988928 ], [ 5.316546873502229, 52.30078900266242 ], [ 5.316374817625419, 52.300875156852982 ], [ 5.316249749652922, 52.300919799683001 ], [ 5.315788475636423, 52.301026001104589 ], [ 5.31565913877063, 52.301100520417215 ], [ 5.315651306455944, 52.301203101045068 ], [ 5.315567561374782, 52.301324213761376 ], [ 5.315521814708623, 52.30144516113306 ], [ 5.315438169572936, 52.301482584461738 ], [ 5.315057976876345, 52.301529012671885 ], [ 5.314822209122982, 52.30160343518461 ], [ 5.314320569393248, 52.30161247170517 ], [ 5.314259737274119, 52.301598402775355 ], [ 5.314123141189699, 52.301486486325352 ], [ 5.31403210660104, 52.301435181136419 ], [ 5.31390078130503, 52.301396477067122 ], [ 5.313715121754245, 52.301207097393615 ], [ 5.313655728009161, 52.301077627769821 ], [ 5.313547593093968, 52.300997907994997 ], [ 5.313444836229871, 52.300948044456462 ], [ 5.31331491348874, 52.300908148722449 ], [ 5.312827725548225, 52.300887907861458 ], [ 5.31249763263929, 52.300725019561085 ], [ 5.312389441760245, 52.300691798201242 ], [ 5.312140407335894, 52.300651722902188 ], [ 5.311983773635492, 52.300528902016467 ], [ 5.312005549343659, 52.300379536940618 ], [ 5.311962365407529, 52.300299833745868 ], [ 5.311746162094991, 52.300140430019631 ], [ 5.311621622804227, 52.300110430538304 ], [ 5.311491619688182, 52.30004060098274 ], [ 5.31106429088253, 52.299917580090124 ], [ 5.310604132154202, 52.299910622851158 ], [ 5.310252278599985, 52.299837369855275 ], [ 5.309754042822747, 52.299953217842642 ], [ 5.309688949649709, 52.299993022576949 ], [ 5.309683413015195, 52.300066040841358 ], [ 5.309845684898419, 52.300172373960827 ], [ 5.309997171648767, 52.300222246785182 ], [ 5.310224549678237, 52.300245670166561 ], [ 5.310333604488417, 52.30030958324231 ], [ 5.310678996040995, 52.300459700123398 ], [ 5.310766233385184, 52.300479817670684 ], [ 5.310978878964392, 52.300478283553247 ], [ 5.31102247037581, 52.300496643680361 ], [ 5.311041667516926, 52.300516912229746 ], [ 5.3110470024253, 52.300620505898102 ], [ 5.311066066569467, 52.30064396152477 ], [ 5.311202442084644, 52.300690932486134 ], [ 5.311635827071401, 52.300893595941538 ], [ 5.31173671903406, 52.300930463519137 ], [ 5.311854000663466, 52.300947288357023 ], [ 5.311935653263737, 52.300984075569978 ], [ 5.312043366703417, 52.301088750268839 ], [ 5.312146929598322, 52.301155736132408 ], [ 5.312621842060154, 52.301397196417398 ], [ 5.312752146727964, 52.301430486578901 ], [ 5.312806762208085, 52.301398753971448 ], [ 5.312818048736374, 52.301343583027325 ], [ 5.312943471886141, 52.301333695371596 ], [ 5.313022090158074, 52.301390458500407 ], [ 5.313003062843459, 52.301495909360312 ], [ 5.313054800644073, 52.301542764914537 ], [ 5.313163681104948, 52.301592864608651 ], [ 5.313171906144891, 52.301614869633944 ], [ 5.313158308570491, 52.301648210447169 ], [ 5.313177437668049, 52.301675059637766 ], [ 5.3134526545244, 52.301824064908871 ], [ 5.313899933718559, 52.301942586966305 ], [ 5.314029718790596, 52.302036363381404 ], [ 5.314064652504516, 52.30208636602741 ], [ 5.314054037726945, 52.302130328673989 ], [ 5.314096935091057, 52.302174942604722 ], [ 5.314151464617995, 52.30220235072445 ], [ 5.314185285429104, 52.302212015950417 ], [ 5.315101135128389, 52.301720572823527 ], [ 5.315314001895802, 52.301635634298322 ], [ 5.31527499677458, 52.301684800599638 ], [ 5.314219197631735, 52.302273529851654 ], [ 5.314160555202234, 52.302259380543667 ], [ 5.314013983791818, 52.302168417138581 ], [ 5.314006929435146, 52.302121897063607 ], [ 5.313507371210605, 52.302007496131715 ], [ 5.313299589604708, 52.301910901982389 ], [ 5.312893272863501, 52.301768428763545 ], [ 5.312507765198173, 52.30155330980115 ], [ 5.312349635630124, 52.301506366765985 ], [ 5.312052365135136, 52.30138400988524 ], [ 5.311410439833771, 52.301092555037791 ], [ 5.311211282607717, 52.300985287834457 ], [ 5.310788711322661, 52.30085287677197 ], [ 5.310037661937164, 52.300515298845617 ], [ 5.309615146651708, 52.300356956414795 ], [ 5.309298927742854, 52.300191131482208 ], [ 5.309186834431911, 52.300160171697627 ], [ 5.3090125156574, 52.30001880526067 ], [ 5.30869913341026, 52.299935784287563 ], [ 5.308491893523032, 52.299861745668125 ], [ 5.308325361152329, 52.299861637943764 ], [ 5.30821711094405, 52.299775808553569 ], [ 5.308064122518044, 52.299762505794362 ], [ 5.307818430056567, 52.29967738827083 ], [ 5.307523941453527, 52.2995416421413 ], [ 5.306861531210031, 52.299308696283447 ], [ 5.306579177381053, 52.299182965320199 ], [ 5.306148573427981, 52.299041360292463 ], [ 5.305462955793645, 52.298774916191931 ], [ 5.305310124009349, 52.298741296663998 ], [ 5.304857682928569, 52.298570393105692 ], [ 5.304683150569983, 52.298526749868209 ], [ 5.304424214649325, 52.298399443932567 ], [ 5.304309748005424, 52.29844944426933 ], [ 5.30420273343173, 52.298444782179274 ], [ 5.303918223327219, 52.298309681380971 ], [ 5.303911888469235, 52.298275810326402 ], [ 5.30394925553843, 52.298232300784754 ], [ 5.303812213846177, 52.298167323988991 ], [ 5.303476756116565, 52.29807669693718 ], [ 5.30325871477113, 52.297974515335227 ], [ 5.30280828829268, 52.297819723637254 ], [ 5.30267123359391, 52.297755786213678 ], [ 5.301268198417798, 52.297296238160619 ], [ 5.30065117094654, 52.297035787707934 ], [ 5.300536760769081, 52.29695543051065 ], [ 5.300411337124778, 52.296913486809622 ], [ 5.300332331975114, 52.29685823496709 ], [ 5.300217806287209, 52.29684140867522 ], [ 5.300149647460803, 52.296799533005242 ], [ 5.298045085040967, 52.296086133316848 ], [ 5.297333598599629, 52.295773547864336 ], [ 5.29680871147585, 52.295580687707599 ], [ 5.296705416163733, 52.295517146795284 ], [ 5.296078838732062, 52.295287583057821 ], [ 5.295987431806661, 52.295181389085876 ], [ 5.295797892747338, 52.295112935204585 ], [ 5.2957888394085, 52.295083092465759 ], [ 5.295855160402461, 52.294990884073144 ], [ 5.29583136124529, 52.29490558186022 ], [ 5.29584338303608, 52.294881850859902 ], [ 5.295873678549372, 52.294870920270576 ], [ 5.295981863964488, 52.294953981889904 ], [ 5.296202004338096, 52.295015269078966 ], [ 5.296328283467549, 52.295089195463156 ], [ 5.296505477045946, 52.295235094666104 ], [ 5.296686715556674, 52.295328097222409 ], [ 5.297144648034855, 52.295495729259621 ], [ 5.297464915683365, 52.295594680793918 ], [ 5.297715677385272, 52.295711976567816 ], [ 5.298081005544179, 52.295849461256381 ], [ 5.298364399961741, 52.295988500812975 ], [ 5.298780102425092, 52.296123489312002 ], [ 5.299101708548171, 52.296269259840805 ], [ 5.299221764075335, 52.296287794775772 ], [ 5.299644041802213, 52.296403427659776 ], [ 5.299950962692186, 52.296543432708432 ], [ 5.300130912287933, 52.296565335189172 ], [ 5.300204562548497, 52.296618922910071 ], [ 5.30055337876929, 52.296781432565446 ], [ 5.300947590714166, 52.296929079372966 ], [ 5.301397112408481, 52.297125876180623 ], [ 5.301819614994821, 52.297256637213103 ], [ 5.302005163754869, 52.297266830032001 ], [ 5.302200057895202, 52.297313782329049 ], [ 5.302377598322767, 52.297319017212402 ], [ 5.302570962610743, 52.297380993076693 ], [ 5.302900726904523, 52.297543497661152 ], [ 5.303301456298844, 52.297670896412527 ], [ 5.303439169998051, 52.297686074799905 ], [ 5.303529200242241, 52.297716241560515 ], [ 5.303682102524134, 52.297639449389742 ], [ 5.303780501701968, 52.297636196283506 ], [ 5.303870083647228, 52.297671238838156 ], [ 5.303886491584562, 52.297696305555512 ], [ 5.303878252990711, 52.297724887004868 ], [ 5.303801905467463, 52.297782543497689 ], [ 5.303829101971973, 52.297824364055025 ], [ 5.304003565004261, 52.297889741796681 ], [ 5.304216166749147, 52.297998604992991 ], [ 5.304265284094075, 52.297978582945397 ], [ 5.304298142617331, 52.297905070517587 ], [ 5.304347366307018, 52.297869921734517 ], [ 5.304412875505724, 52.297859950062886 ], [ 5.304492197204226, 52.297890296945333 ], [ 5.304532689649979, 52.297919102760211 ], [ 5.304521701729711, 52.297983780541749 ], [ 5.30447516715316, 52.298080777878589 ], [ 5.304477830364164, 52.298112579436392 ], [ 5.304502331454642, 52.298146041938431 ], [ 5.30460726717237, 52.298196307965938 ], [ 5.305048905068365, 52.298363904476432 ], [ 5.305500801768104, 52.298475607627118 ], [ 5.305641137622006, 52.298526387641409 ], [ 5.30577353068059, 52.298602646283868 ], [ 5.30593909560985, 52.29856216898542 ], [ 5.306004754091098, 52.298572271616671 ], [ 5.306005274081772, 52.298648529054006 ], [ 5.306071245546607, 52.298709386325804 ], [ 5.306261674729965, 52.298801076390532 ], [ 5.306319577989876, 52.298816339489861 ], [ 5.306427235431843, 52.298806277840256 ], [ 5.306518230724203, 52.29882156191519 ], [ 5.306758192055455, 52.29894361599267 ], [ 5.306907125918173, 52.298979257437175 ], [ 5.306984480791865, 52.298965185617767 ], [ 5.306972573443894, 52.298873644392437 ], [ 5.306915924482816, 52.298824570504031 ], [ 5.30678017651747, 52.298520642662069 ], [ 5.306459955407894, 52.298379281556734 ], [ 5.306269011308435, 52.298247836357419 ], [ 5.306097109909308, 52.298208190573028 ], [ 5.306066877300426, 52.298185099553429 ], [ 5.305850326479389, 52.298145239639034 ], [ 5.305760413569525, 52.298100112750852 ], [ 5.305700336888584, 52.298035524474322 ], [ 5.30561614309498, 52.297978241184431 ], [ 5.3054224573624, 52.297868466133174 ], [ 5.305320241664825, 52.297837969767322 ], [ 5.305062045112525, 52.297816604148373 ], [ 5.305049634741914, 52.297801430961776 ], [ 5.304936306450903, 52.297783704508788 ], [ 5.304646142293429, 52.297666085448071 ], [ 5.304369240585765, 52.297616362756948 ], [ 5.304292131846947, 52.297588457069118 ], [ 5.304245088169058, 52.297541851830985 ], [ 5.3040902059451, 52.29749794746602 ], [ 5.304050741637387, 52.297469989629057 ], [ 5.304026513056209, 52.297424324984888 ], [ 5.304033032660326, 52.297368269143782 ], [ 5.304002888469254, 52.29734955161031 ], [ 5.30389781418932, 52.297118312550431 ], [ 5.303875813782736, 52.296761743925543 ], [ 5.303845833288526, 52.296632233159208 ], [ 5.303778072439884, 52.296511617339135 ], [ 5.303755776138105, 52.296363712436452 ], [ 5.303808883379931, 52.296206333397542 ], [ 5.303801685260975, 52.296039814670927 ], [ 5.303749094659688, 52.295882303500754 ], [ 5.303688832327192, 52.29577105064029 ], [ 5.303553272060753, 52.295604291643514 ], [ 5.303455480551269, 52.295451574800111 ], [ 5.303115414688207, 52.29521944554488 ], [ 5.302912586730464, 52.295099401609058 ], [ 5.302656189926976, 52.29500780876635 ], [ 5.302478303808456, 52.295031521661734 ], [ 5.30245753235266, 52.295070464879267 ], [ 5.302348231455873, 52.295124817084336 ], [ 5.302165710686919, 52.295185949018631 ], [ 5.302021586403771, 52.29522160499122 ], [ 5.301963432540655, 52.295210066911757 ], [ 5.301803583448745, 52.295126677800241 ], [ 5.301711411453796, 52.295056386434737 ], [ 5.301594566275039, 52.294878427459906 ], [ 5.301440632096182, 52.294857617044975 ], [ 5.300897323258297, 52.294834087499225 ], [ 5.300829380258503, 52.294866453226497 ], [ 5.300700768749277, 52.295009790041235 ], [ 5.300610129182693, 52.295065228804852 ], [ 5.30044386257326, 52.295088336697113 ], [ 5.300006277203499, 52.29509266421401 ], [ 5.299892885456778, 52.295023137925654 ], [ 5.299636333015296, 52.295013638349985 ], [ 5.29959858389455, 52.294962691565729 ], [ 5.299598665721718, 52.294897943390033 ], [ 5.299523467698993, 52.294818736518607 ], [ 5.299561511278938, 52.294680426624097 ], [ 5.299727548597762, 52.294634181680415 ], [ 5.299742721028819, 52.294587886420715 ], [ 5.299720226524132, 52.294523097970298 ], [ 5.29943357627453, 52.294393284450237 ], [ 5.299169400127871, 52.294295784338331 ], [ 5.299056506096739, 52.294221689354039 ], [ 5.299003821334122, 52.294110550973073 ], [ 5.298935912107806, 52.294082750154082 ], [ 5.298815211850473, 52.294082642164447 ], [ 5.298739884017213, 52.294054892555735 ], [ 5.298656777653112, 52.293980712655319 ], [ 5.298445633530029, 52.293864825399318 ], [ 5.297955293230239, 52.293693161442008 ], [ 5.297842530321193, 52.293633097166605 ], [ 5.297646353354018, 52.293401312334439 ], [ 5.297382392837369, 52.293299310916787 ], [ 5.297231685988674, 52.293160336467949 ], [ 5.297194005424561, 52.29309076555014 ], [ 5.297141692417296, 52.292850153606231 ], [ 5.297028807873715, 52.292669442397099 ], [ 5.296968834081407, 52.292451886117163 ], [ 5.296902348003266, 52.292328127521358 ], [ 5.296900526414245, 52.292274741069669 ], [ 5.296991828620151, 52.292162873144562 ], [ 5.297188186720132, 52.29201321510687 ], [ 5.297280295681632, 52.291864938754728 ], [ 5.297355585353493, 52.291831509289565 ], [ 5.297368396239406, 52.291809954517191 ], [ 5.297371807734384, 52.291696265816441 ], [ 5.297341690545811, 52.291658305044436 ], [ 5.297333399002422, 52.291587024244009 ], [ 5.297306837889963, 52.291590051522014 ], [ 5.29714360665427, 52.291508857384414 ], [ 5.297047780418496, 52.291440152478451 ], [ 5.296903930434484, 52.291403763797867 ], [ 5.296830387715031, 52.291396864094366 ], [ 5.296651281213915, 52.291436911061979 ], [ 5.296504792335333, 52.291538100737711 ], [ 5.296388732686601, 52.29153288983288 ], [ 5.296223322732588, 52.2914311996865 ], [ 5.296149014353082, 52.291353694639398 ], [ 5.296099631021283, 52.291242071272315 ], [ 5.296091441916402, 52.291175998360046 ], [ 5.296042078169844, 52.291089708782216 ], [ 5.296091839359499, 52.290982872994931 ], [ 5.29608545766015, 52.290706065052802 ], [ 5.296053279802297, 52.290623470319041 ], [ 5.296026387575075, 52.290607114182237 ], [ 5.295924104121686, 52.290618865336292 ], [ 5.295851430144763, 52.290594293329107 ], [ 5.295785987846807, 52.290561872649214 ], [ 5.295740624651177, 52.290506098325615 ], [ 5.295724316003314, 52.290451464777021 ], [ 5.295704115067561, 52.290434127862312 ], [ 5.295717593666347, 52.290395258082555 ], [ 5.29568112169783, 52.290236127113403 ], [ 5.295644692521312, 52.290212344773046 ], [ 5.29559965076749, 52.290031834224202 ], [ 5.295570584375138, 52.290024939113465 ], [ 5.295532530324988, 52.289955685188097 ], [ 5.295535839242387, 52.289579978455308 ], [ 5.295713967509598, 52.289315702748674 ], [ 5.295759487559506, 52.289287864068925 ], [ 5.2958705423901, 52.289264531057725 ], [ 5.295943203064501, 52.289289090340858 ], [ 5.296246764631116, 52.289302717487807 ], [ 5.296394416131757, 52.289263794290967 ], [ 5.296456337903388, 52.289237058481625 ], [ 5.29648370046408, 52.289195824261142 ], [ 5.296483940358762, 52.289108739260797 ], [ 5.296527258119602, 52.289036813286728 ], [ 5.296497040212118, 52.288956046493048 ], [ 5.296240175346468, 52.288846655300759 ], [ 5.296236032805333, 52.288768219303151 ], [ 5.296108702611289, 52.288610322749768 ], [ 5.295971552411907, 52.288577947448246 ], [ 5.295836688713292, 52.288587565702365 ], [ 5.295929393141366, 52.288548011809439 ], [ 5.295996437118857, 52.288494370591337 ], [ 5.296094440895892, 52.288346238542779 ], [ 5.29617002861459, 52.288112508237447 ], [ 5.296187391129951, 52.28804115370022 ], [ 5.296204817086323, 52.287590523102438 ], [ 5.296183907315537, 52.287525660550344 ], [ 5.296177903724081, 52.287373029421339 ], [ 5.296203501540874, 52.287221928333096 ], [ 5.29627543481477, 52.287041228039861 ], [ 5.296313838919948, 52.286963182117212 ], [ 5.296368611153566, 52.286894973060853 ], [ 5.296480392897949, 52.286800076586374 ], [ 5.296553519400884, 52.286688204575782 ], [ 5.296778198791979, 52.286473425512746 ], [ 5.296927293078673, 52.286366261003842 ], [ 5.297120415862731, 52.2861642546779 ], [ 5.297229746420719, 52.286089570434498 ], [ 5.297448503550711, 52.285839184337142 ], [ 5.297702566513971, 52.285679827722291 ], [ 5.298091206354463, 52.28530815172703 ], [ 5.298744142527882, 52.284779235770586 ], [ 5.298923620458774, 52.284673051563608 ], [ 5.299635221872966, 52.284102373897191 ], [ 5.299701046589125, 52.284029194043015 ], [ 5.299745682869043, 52.283868167818483 ], [ 5.300039155051185, 52.283584981356718 ], [ 5.300235266673859, 52.283437279465971 ], [ 5.300589389192976, 52.283017982072927 ], [ 5.300732619635323, 52.282930283741486 ], [ 5.300898247269485, 52.282796702830098 ], [ 5.301071370752321, 52.28275063313658 ], [ 5.301049117459862, 52.282681103649359 ], [ 5.301101873797868, 52.282552358981704 ], [ 5.301177123847227, 52.28246945599092 ], [ 5.301252538233036, 52.282414096090967 ], [ 5.301418095326196, 52.282368052511458 ], [ 5.301500853364061, 52.28231282898178 ], [ 5.301459823529401, 52.282267008866789 ], [ 5.301463640047631, 52.282146849772424 ], [ 5.301516638583495, 52.282003719592964 ], [ 5.302202438439314, 52.281178683606804 ], [ 5.302238993447112, 52.281116829839746 ], [ 5.30222685390025, 52.281064857757301 ], [ 5.302245883943394, 52.280975496636792 ], [ 5.302295401471155, 52.280960812026535 ], [ 5.302321429238359, 52.280916103651109 ], [ 5.302366660597746, 52.28090075313191 ], [ 5.302600152797227, 52.280582803557664 ], [ 5.302906754758244, 52.280645974192176 ], [ 5.303005799301014, 52.280621480434107 ], [ 5.303074275324914, 52.280565138509665 ], [ 5.303138126414573, 52.280491348159991 ], [ 5.303147652640972, 52.280439333666465 ], [ 5.303126116682301, 52.280291989378725 ], [ 5.303150382988033, 52.280245534967577 ], [ 5.303234838850932, 52.280208227627796 ], [ 5.303309888917333, 52.280118418529895 ], [ 5.30328213907891, 52.280060952506417 ], [ 5.303365343214855, 52.280066519289903 ], [ 5.303417526268341, 52.280028605905855 ], [ 5.303469891919069, 52.279898850096515 ], [ 5.303564483773005, 52.279810994313117 ], [ 5.303616721996423, 52.279731167556214 ], [ 5.303613876169655, 52.279681281655719 ], [ 5.303688550318557, 52.279659247024014 ], [ 5.30384504086922, 52.279507655746592 ], [ 5.303864739084009, 52.279461667359961 ], [ 5.303850785695097, 52.27944554932688 ], [ 5.303916875743473, 52.279449702998726 ], [ 5.304151647237725, 52.279288083805632 ], [ 5.304256268697391, 52.279118342775959 ], [ 5.304438739998694, 52.27901662737937 ], [ 5.304621323257935, 52.278876963269418 ], [ 5.304761623837487, 52.278627052966577 ], [ 5.305040270508255, 52.278427226040584 ], [ 5.305112661606718, 52.278367731570064 ], [ 5.305154253029716, 52.278309237424587 ], [ 5.305141850102652, 52.27828122488404 ], [ 5.305079682566912, 52.278244280641637 ], [ 5.304985646465324, 52.278225933587315 ], [ 5.304953021404782, 52.278202357292251 ], [ 5.304705883787507, 52.278169857159149 ], [ 5.304697516610226, 52.27815619969693 ], [ 5.3050497843832, 52.278153037818008 ], [ 5.305247750932833, 52.278182878477288 ], [ 5.30553532085946, 52.278041202686595 ], [ 5.305598693671818, 52.277989495695259 ], [ 5.305602322681994, 52.277937914858036 ], [ 5.305450648105155, 52.277880808372359 ], [ 5.305454816441532, 52.277853793804056 ], [ 5.305430408632898, 52.277812057641256 ], [ 5.305373227920769, 52.277756723273349 ], [ 5.305183362853572, 52.277637256714236 ], [ 5.305235192691229, 52.277600471600095 ], [ 5.305254427120577, 52.277607309854758 ], [ 5.305281253442681, 52.277590391834224 ], [ 5.305412183518155, 52.277665970770308 ], [ 5.305529406002263, 52.277693182571859 ], [ 5.305725487341912, 52.277784038401364 ], [ 5.30580311867898, 52.277799967693468 ], [ 5.305977898059326, 52.277794779869559 ], [ 5.306288189178916, 52.27772226819873 ], [ 5.306426359003709, 52.277646978242089 ], [ 5.306506268840484, 52.277562353209973 ], [ 5.306551668536228, 52.277483061474612 ], [ 5.30651570728256, 52.277367629291007 ], [ 5.306841131127203, 52.277139373150348 ], [ 5.306912470721081, 52.277045519090372 ], [ 5.307106619551594, 52.276914098035277 ], [ 5.307283608504296, 52.276899603191936 ], [ 5.307575890495515, 52.276827049897577 ], [ 5.307696687618061, 52.276761022518599 ], [ 5.307774439956925, 52.27669098507652 ], [ 5.307823566862309, 52.276560029340189 ], [ 5.307886703998053, 52.276599795629821 ], [ 5.308005154535952, 52.276634252874572 ], [ 5.308151759236127, 52.276623771360839 ], [ 5.308545832423245, 52.276530174999742 ], [ 5.308804823294405, 52.276441025728083 ], [ 5.308975348533814, 52.276298300858961 ], [ 5.309294278567757, 52.275963127590465 ], [ 5.309320237300139, 52.275922132067159 ], [ 5.30929065727499, 52.275877087502224 ], [ 5.309615166904957, 52.275770240612793 ], [ 5.309884953744739, 52.275601034567096 ], [ 5.309921668302842, 52.27554419279965 ], [ 5.31003209980383, 52.27524745096801 ], [ 5.309859056042292, 52.275074853344769 ], [ 5.309784626425211, 52.274930411339106 ], [ 5.310221896276192, 52.274688993778206 ], [ 5.310550835786563, 52.274392699813859 ], [ 5.31097828245499, 52.274046175599786 ], [ 5.311018192467544, 52.274028993246063 ], [ 5.311175677659728, 52.274057556629529 ], [ 5.311316853291291, 52.274032217042432 ], [ 5.311454595646111, 52.274042461596345 ], [ 5.311554049686945, 52.274029310908077 ], [ 5.311921258532886, 52.273901244462103 ], [ 5.31202540540675, 52.273887512787695 ], [ 5.311737315809851, 52.273607183453699 ], [ 5.311368151375144, 52.273403396521772 ], [ 5.311217178347633, 52.273495823975665 ], [ 5.311202061987667, 52.273528091198493 ], [ 5.311278635649573, 52.273564813920927 ], [ 5.311288890739382, 52.273587470208888 ], [ 5.311265852355852, 52.273624068842139 ], [ 5.311106347900967, 52.273675554332812 ], [ 5.311001057034014, 52.273675632713505 ], [ 5.310923348958519, 52.273616201418271 ], [ 5.311036290340175, 52.273463265094911 ], [ 5.311193220825867, 52.273329627564706 ], [ 5.311338850276041, 52.27327549871665 ], [ 5.311367430085235, 52.273233422844214 ], [ 5.311442701197138, 52.273235731756742 ], [ 5.311601971043857, 52.273380427091404 ], [ 5.311940801971778, 52.273597947442816 ], [ 5.312001012086363, 52.273760000851254 ], [ 5.312113911949224, 52.273849435479718 ], [ 5.312232047878822, 52.27385134614255 ], [ 5.312279696142631, 52.273889418257205 ], [ 5.31237980541496, 52.27389829066265 ], [ 5.312512779802959, 52.27394224219934 ], [ 5.312627853573913, 52.273925200680615 ], [ 5.312655499024808, 52.273905739499547 ], [ 5.312641755657435, 52.273868459823824 ], [ 5.312552138206179, 52.273782796690561 ], [ 5.312519300137641, 52.273714733496682 ], [ 5.312592732926397, 52.27356083383026 ], [ 5.312649237353565, 52.273513608354349 ], [ 5.31273925973358, 52.273487268428475 ], [ 5.312844098376171, 52.273424751021366 ], [ 5.312871775939914, 52.273382762285614 ], [ 5.312847016826352, 52.273333610771594 ], [ 5.312809796200885, 52.273300570339153 ], [ 5.312755972059013, 52.273281041798334 ], [ 5.312462123519036, 52.273262243926695 ], [ 5.312337387822411, 52.273235744503552 ], [ 5.312192895346938, 52.273162977027212 ], [ 5.312108791597723, 52.273095193116959 ], [ 5.312052861692454, 52.272999651029529 ], [ 5.312068117153864, 52.272910744767678 ], [ 5.312098604057136, 52.272846328946898 ], [ 5.312301899538269, 52.272655485162645 ], [ 5.312315873658103, 52.272570109404604 ], [ 5.312288623564777, 52.272495946279612 ], [ 5.312499503289457, 52.272455759884949 ], [ 5.312529956897459, 52.272554655356814 ], [ 5.312535110702007, 52.272653390727498 ], [ 5.312372089177416, 52.272806469948797 ], [ 5.312307033866666, 52.272899597343262 ], [ 5.312304137583986, 52.272985130340196 ], [ 5.312341281521877, 52.273069526338638 ], [ 5.312389558528252, 52.273098350134305 ], [ 5.312531600785673, 52.273128074710478 ], [ 5.312794024635591, 52.273146906529419 ], [ 5.313017442677475, 52.273219848214467 ], [ 5.313069961813687, 52.273296253515824 ], [ 5.313086408056328, 52.273349587730337 ], [ 5.313084370137717, 52.2734189881524 ], [ 5.31305239380748, 52.273500480733837 ], [ 5.312935149690142, 52.273579029532414 ], [ 5.312773367425859, 52.273642548831241 ], [ 5.312733229144652, 52.273678114529574 ], [ 5.312741521552209, 52.273716304952806 ], [ 5.312857361275791, 52.273785809239193 ], [ 5.312922155944462, 52.273844723607212 ], [ 5.31293988055263, 52.273893908902295 ], [ 5.312879429833011, 52.274012500156438 ], [ 5.313195918366879, 52.274017717473242 ], [ 5.313220519012922, 52.274011467394175 ], [ 5.313225252107903, 52.27399275170886 ], [ 5.313260420025997, 52.273991074730937 ], [ 5.313289929680458, 52.274026541511034 ], [ 5.313332630485748, 52.274034065666442 ], [ 5.313494036180256, 52.274031659712435 ], [ 5.313518539086746, 52.274012910703085 ], [ 5.313535012079687, 52.273906424083151 ], [ 5.313486201545857, 52.273833851376963 ], [ 5.31342125628924, 52.273800258575129 ], [ 5.313441417694642, 52.273737380875517 ], [ 5.313374456528183, 52.273724925208235 ], [ 5.313368211726734, 52.273708940239807 ], [ 5.313404868083535, 52.273674787579971 ], [ 5.313766101690502, 52.27361481144019 ], [ 5.313878036163958, 52.273661898802786 ], [ 5.313839140896625, 52.273694005135894 ], [ 5.313600561798526, 52.273801343466431 ], [ 5.313575956985451, 52.273863959428425 ], [ 5.313588435908971, 52.273945048670384 ], [ 5.314559478269573, 52.273945036895128 ], [ 5.314838075222217, 52.27386986202491 ], [ 5.314928074858209, 52.273869896812137 ], [ 5.315018228810947, 52.273915203543815 ], [ 5.315067247292931, 52.274000588110809 ], [ 5.315214606717594, 52.274055979343544 ], [ 5.315443886956094, 52.274101334146188 ], [ 5.315697763419023, 52.274106522137437 ], [ 5.315771514626494, 52.274101532656587 ], [ 5.315796153609463, 52.274061355952931 ], [ 5.315796306013515, 52.274011463469343 ], [ 5.315812572295092, 52.274006110305677 ], [ 5.315870056851459, 52.27400620181087 ], [ 5.315943606098839, 52.27405138502494 ], [ 5.316082828314726, 52.274061526385303 ], [ 5.316467770907488, 52.273961323913156 ], [ 5.316599553906825, 52.27386067887312 ], [ 5.3168123841624, 52.273760468560205 ], [ 5.317049925822499, 52.273685277147152 ], [ 5.317230171024883, 52.273680347456683 ], [ 5.317393939828765, 52.273715603397513 ], [ 5.317525006280185, 52.273700591796612 ], [ 5.317705360564641, 52.273650480193304 ], [ 5.318319651077861, 52.273630745843249 ], [ 5.318508169757808, 52.273560481153105 ], [ 5.318754144401412, 52.273394866500411 ], [ 5.319024684330695, 52.273264334964807 ], [ 5.319684350089958, 52.273034224431321 ], [ 5.319774657507147, 52.272933726113138 ], [ 5.319889600054677, 52.272767900605444 ], [ 5.319840572336066, 52.272672370049058 ], [ 5.319742447689553, 52.272601973062315 ], [ 5.319685482849366, 52.272521910070672 ], [ 5.319701953770964, 52.272476183690493 ], [ 5.319816444782621, 52.27244616221023 ], [ 5.320119336444493, 52.272431251122264 ], [ 5.320406172281067, 52.272376128117905 ], [ 5.320635566130645, 52.272325992938498 ], [ 5.320705983897689, 52.272265422335458 ], [ 5.320881209039325, 52.272245746625565 ], [ 5.320938657163875, 52.272290966409912 ], [ 5.320963262081642, 52.2723563609674 ], [ 5.321159667581426, 52.272426796876772 ], [ 5.321503825944774, 52.272356629474245 ], [ 5.322298275134738, 52.272352036461108 ], [ 5.322865981848039, 52.272367930104814 ], [ 5.323455905992736, 52.272453793369259 ], [ 5.323676681305339, 52.272519278085404 ], [ 5.323717439743949, 52.27257448119132 ], [ 5.323717376860075, 52.272654898416704 ], [ 5.323750011231788, 52.27276554513216 ], [ 5.324003519357816, 52.273021987593204 ], [ 5.324355423444202, 52.273233283501931 ], [ 5.324953207025017, 52.273354268525104 ], [ 5.325297249166368, 52.273334351738512 ], [ 5.325526476553109, 52.273374672096075 ], [ 5.326050692039091, 52.273545861633153 ], [ 5.326443397535876, 52.273596290730964 ], [ 5.327157862600422, 52.273646445714313 ], [ 5.327780271489909, 52.273747298526054 ], [ 5.327903178388771, 52.273737279078958 ], [ 5.32798511258907, 52.273682091093086 ], [ 5.328083473384818, 52.273667031885402 ], [ 5.328198058133161, 52.273682154447592 ], [ 5.328320903586462, 52.273732473524511 ], [ 5.328410945374199, 52.273742572400529 ], [ 5.328972154887704, 52.273600836511868 ], [ 5.328854380435337, 52.273409050911674 ], [ 5.328914795123325, 52.273377852894598 ], [ 5.328947052450966, 52.273457483937953 ], [ 5.329063203403392, 52.273550754747482 ], [ 5.329171268495944, 52.273589205990135 ], [ 5.329210982695363, 52.273618468671962 ], [ 5.329278551232295, 52.2736258108662 ], [ 5.329505082126265, 52.273508909949967 ], [ 5.329556941274846, 52.273506431350931 ], [ 5.329743600639176, 52.273545564273398 ], [ 5.329810962838017, 52.273664818504002 ], [ 5.32981501904263, 52.27371148229544 ], [ 5.329850734868999, 52.273738327809596 ], [ 5.329914200246237, 52.273752976801902 ], [ 5.33011698408643, 52.273758001649966 ], [ 5.330232244467413, 52.273789741727178 ], [ 5.330311728615545, 52.273789779841515 ], [ 5.330351525181266, 52.273762952092817 ], [ 5.330392429528653, 52.273693773174962 ], [ 5.33050489535738, 52.273876000420245 ], [ 5.330605110276289, 52.273977760209661 ], [ 5.330808380076004, 52.274124098739897 ], [ 5.33102069601033, 52.274220668522595 ], [ 5.331081782848308, 52.274217121846135 ], [ 5.331125402077588, 52.27419215004219 ], [ 5.331116808517328, 52.274133265882298 ], [ 5.331067403123475, 52.274093963926113 ], [ 5.330852296932614, 52.274024257046534 ], [ 5.330735953172205, 52.273958120181852 ], [ 5.330625591908717, 52.273859920636923 ], [ 5.33052560185723, 52.273707063738634 ], [ 5.330806585829967, 52.273626527931164 ], [ 5.331240840437633, 52.273610671517922 ], [ 5.33035832015492, 52.27227475606977 ], [ 5.330559870119553, 52.272224231219035 ], [ 5.32885505032403, 52.269273167074608 ], [ 5.328189371187543, 52.268077756325546 ], [ 5.32770832885678, 52.267311303829409 ], [ 5.327346911849885, 52.266794058112566 ], [ 5.327050033118245, 52.266443079772635 ], [ 5.326728422349949, 52.26614494674277 ], [ 5.326435484613713, 52.265940043188991 ], [ 5.326015708800124, 52.26568610634002 ], [ 5.325258780152728, 52.265323121920439 ], [ 5.323704914354841, 52.264631932594419 ], [ 5.323227071537577, 52.264375273797278 ], [ 5.322959628395195, 52.264194062490688 ], [ 5.322542172657288, 52.263801215679457 ], [ 5.322366831253348, 52.26357780164696 ], [ 5.322133401172913, 52.263062126905076 ], [ 5.322099373142074, 52.262945481246305 ], [ 5.322045678615599, 52.262632088661334 ], [ 5.322032741860935, 52.262419156385761 ], [ 5.322040432021828, 52.262230113675095 ], [ 5.322087811829547, 52.261938945106195 ], [ 5.322135273050866, 52.261795759047857 ], [ 5.322335323243488, 52.261425534721404 ], [ 5.322537312276427, 52.261157767691508 ], [ 5.322713367497141, 52.260963810871004 ], [ 5.323177441804609, 52.260543461177313 ], [ 5.323670673692202, 52.260183528397441 ], [ 5.323851935836625, 52.260069072879297 ], [ 5.325571578690468, 52.25914620281128 ], [ 5.32630054591896, 52.258738661251854 ], [ 5.32653871226212, 52.258586955226505 ], [ 5.327286975585003, 52.258063062030757 ], [ 5.328144534370974, 52.257361049361975 ], [ 5.328368249684516, 52.257170198261264 ], [ 5.328473469771523, 52.257053053811397 ], [ 5.328676349292155, 52.256689174517057 ], [ 5.328727393651797, 52.25656333092752 ], [ 5.328834749758616, 52.256155519031296 ], [ 5.328855068545713, 52.25599120546196 ], [ 5.328842452466526, 52.255839422099484 ], [ 5.328679969867426, 52.255455572407648 ], [ 5.32853429574606, 52.255264850579437 ], [ 5.328036810066642, 52.254772626662948 ], [ 5.327275315788657, 52.254190202183054 ], [ 5.326949006013941, 52.254024783862292 ], [ 5.325797160841312, 52.253513993409548 ], [ 5.325223340876131, 52.253293771994699 ], [ 5.324447227490853, 52.253037596794407 ], [ 5.323713941776763, 52.25286827876527 ], [ 5.323044500985112, 52.252746581944642 ], [ 5.322223133381446, 52.252641073114241 ], [ 5.321691822719798, 52.252602745423857 ], [ 5.321085991504148, 52.252588046567496 ], [ 5.319564606378367, 52.252577318923144 ], [ 5.317690347005633, 52.25258973363966 ], [ 5.316795827014308, 52.252535241305026 ], [ 5.316121739293823, 52.252472888866961 ], [ 5.315581670118013, 52.252386996467116 ], [ 5.315202372662194, 52.252307772211793 ], [ 5.314644716732756, 52.252155148552227 ], [ 5.314259728599634, 52.252012867570961 ], [ 5.313952185846129, 52.251853574139126 ], [ 5.313585610412848, 52.251505326506269 ], [ 5.313373330828468, 52.251260689705056 ], [ 5.31315879770684, 52.25098037491869 ], [ 5.312976708567129, 52.250570627022469 ], [ 5.312613796577509, 52.249378494560183 ], [ 5.312422976866158, 52.248923011672694 ], [ 5.312049803742569, 52.248274104601819 ], [ 5.311778827208151, 52.247867124535794 ], [ 5.311491598421406, 52.247490287342195 ], [ 5.311022093647683, 52.246931964940075 ], [ 5.310861819569665, 52.24668183433748 ], [ 5.310680386949586, 52.246325946933887 ], [ 5.310554196807162, 52.246029245024019 ], [ 5.310456354494578, 52.245366222064604 ], [ 5.310480425246749, 52.245056706474905 ], [ 5.310529947668839, 52.24477068229897 ], [ 5.31060372444196, 52.244459453462795 ], [ 5.310780526664201, 52.243901033873108 ], [ 5.310877095892534, 52.243326899915829 ], [ 5.310914502860722, 52.241908651275807 ], [ 5.310956473631757, 52.241670321672345 ], [ 5.311064392104141, 52.241369258942058 ], [ 5.311221401794529, 52.241066531590441 ], [ 5.311486415350006, 52.240652665874649 ], [ 5.31192385561054, 52.240042633934458 ], [ 5.312160349087588, 52.239685141706815 ], [ 5.312340515058076, 52.239382531292868 ], [ 5.312471540024022, 52.239068122755391 ], [ 5.312504861681728, 52.238871737430948 ], [ 5.312489278599785, 52.238712844555486 ], [ 5.312213690700444, 52.237980623916229 ], [ 5.312172262782222, 52.237702212675984 ], [ 5.312190577723602, 52.237472010874754 ], [ 5.31226551057062, 52.237260912990457 ], [ 5.312362962951711, 52.237085328751796 ], [ 5.313050934085489, 52.236225775039024 ], [ 5.313172109207038, 52.236042016833693 ], [ 5.313307503469247, 52.23568308605131 ], [ 5.31340226588734, 52.235317036815907 ], [ 5.313430001790893, 52.234902405566181 ], [ 5.313370672081815, 52.2343899777687 ], [ 5.313282676092839, 52.234038906603899 ], [ 5.313187747802559, 52.233775496852552 ], [ 5.313101526682042, 52.233590612145022 ], [ 5.312880593479803, 52.233235771652936 ], [ 5.312765577169403, 52.233119719901843 ], [ 5.31234842695403, 52.232863144249272 ], [ 5.312125006610124, 52.232769666926089 ], [ 5.311760891001133, 52.232649679558847 ], [ 5.311097160786555, 52.232466148830952 ], [ 5.308975097147587, 52.232027977028238 ], [ 5.308262841654362, 52.231835282813584 ], [ 5.307972113407456, 52.231737566597431 ], [ 5.307806221948771, 52.231662762673508 ], [ 5.30727244383558, 52.231363603196947 ], [ 5.307057391874651, 52.231218212812117 ], [ 5.306914639781953, 52.231087521176939 ], [ 5.306768619280924, 52.230900570595544 ], [ 5.306654083600072, 52.230706902228022 ], [ 5.306597103659842, 52.230487105587827 ], [ 5.306601340541201, 52.230360383651742 ], [ 5.306637652979453, 52.23012145570538 ], [ 5.306747390471254, 52.22982725465512 ], [ 5.306836087441997, 52.229704491925403 ], [ 5.307005187321887, 52.229519449600019 ], [ 5.30735431953056, 52.229223070589406 ], [ 5.307588567222517, 52.229078722220471 ], [ 5.307937683719114, 52.228920796285948 ], [ 5.309304993747943, 52.228380890774154 ], [ 5.309907394236141, 52.228083492021156 ], [ 5.310293542479738, 52.227854524174226 ], [ 5.310433384608069, 52.227764499918003 ], [ 5.310702003197816, 52.227529950937246 ], [ 5.310935143761981, 52.227263767512262 ], [ 5.311259359862555, 52.226832377340465 ], [ 5.311593697548082, 52.226507825277793 ], [ 5.310938932168749, 52.226350266585136 ], [ 5.310785491522431, 52.226327677078594 ], [ 5.310675336480126, 52.226270449199305 ], [ 5.310697277100601, 52.226249145672014 ], [ 5.31062646626498, 52.226211091703078 ], [ 5.310661872351622, 52.226171843914436 ], [ 5.310080044912269, 52.225963662989251 ], [ 5.310304983937661, 52.225639688874153 ], [ 5.310441963702368, 52.225589214028346 ], [ 5.310555208165403, 52.225435064601228 ], [ 5.310678876043564, 52.225423222217756 ], [ 5.310710891690658, 52.22529319988795 ], [ 5.310773613432563, 52.225141507414371 ], [ 5.311292084986477, 52.22445371915861 ], [ 5.311407622675288, 52.224342985257721 ], [ 5.311753228518411, 52.224565016809557 ], [ 5.311948885558392, 52.224576648940783 ], [ 5.312041429270439, 52.224624894335037 ], [ 5.313260436665839, 52.225582360593187 ], [ 5.313761023234061, 52.225328061596073 ], [ 5.314026063237993, 52.225152966901113 ], [ 5.314190840722253, 52.225016942373493 ], [ 5.314522284687248, 52.224652513774629 ], [ 5.314672370126632, 52.224448032976817 ], [ 5.314734337634877, 52.224316358844895 ], [ 5.314757943691499, 52.224187385154053 ], [ 5.314746707562321, 52.224061060822443 ], [ 5.314706680963119, 52.22392182508522 ], [ 5.314585645123295, 52.22376071085035 ], [ 5.313565158480576, 52.222758186132708 ], [ 5.313123587780439, 52.221897724530763 ], [ 5.312918735941413, 52.221687760451758 ], [ 5.312646612680462, 52.221495335881656 ], [ 5.312199779177267, 52.221243374462105 ], [ 5.311964574704447, 52.221152578391923 ], [ 5.311528171417911, 52.221082876729085 ], [ 5.31013633079857, 52.220925768613625 ], [ 5.309274548161462, 52.220803300519258 ], [ 5.309100840135029, 52.220771540237422 ], [ 5.30867044294935, 52.22065254263731 ], [ 5.308010565068336, 52.220433029003466 ], [ 5.30768938685305, 52.220256784938826 ], [ 5.307419449148806, 52.220073982299823 ], [ 5.307291217083147, 52.219955931656905 ], [ 5.307083402582233, 52.219711296288814 ], [ 5.30687512477201, 52.219273400372948 ], [ 5.30615322969159, 52.219584745479814 ], [ 5.305707465517366, 52.219682392542147 ], [ 5.305586813729644, 52.219746768666013 ], [ 5.305817184252088, 52.220130332766978 ], [ 5.305824176060508, 52.220163394922011 ], [ 5.305779059067937, 52.220233173067911 ], [ 5.305772968110783, 52.220287432816448 ], [ 5.305802186557813, 52.22033582324049 ], [ 5.305866190194689, 52.22038127341618 ], [ 5.30505883730654, 52.22065195618304 ], [ 5.305035623386073, 52.220680987402879 ], [ 5.305066525395858, 52.220723769896018 ], [ 5.304888382708841, 52.220764489746692 ], [ 5.304518325773918, 52.220907838575592 ], [ 5.303213868924811, 52.221327965277744 ], [ 5.302654194585519, 52.22148150102813 ], [ 5.302309573749045, 52.221680064063946 ], [ 5.301755684993259, 52.222966824631925 ], [ 5.301402956996267, 52.2231788862074 ], [ 5.301115619111489, 52.223389510342678 ], [ 5.300969243659134, 52.223524279150439 ], [ 5.299628650689246, 52.223497677081326 ], [ 5.2976643074482, 52.223511207185979 ], [ 5.296720037096974, 52.223462943619033 ], [ 5.296158250906021, 52.223489665420203 ], [ 5.295591661664777, 52.223544035741902 ], [ 5.29416827096704, 52.223545126690702 ], [ 5.294089816426571, 52.223539580473762 ], [ 5.2931937798859, 52.223344447125555 ], [ 5.291933926818015, 52.223232458359426 ], [ 5.288684417834773, 52.222983225855394 ], [ 5.288540555784902, 52.222986635054454 ], [ 5.287740751567208, 52.222882090490074 ], [ 5.287464358535634, 52.222883111644364 ], [ 5.284682207755083, 52.223151426471439 ], [ 5.284453395930906, 52.223202277119981 ], [ 5.28410915916984, 52.22331116336499 ], [ 5.283850159405722, 52.223405950335675 ], [ 5.283695221864433, 52.223495873761948 ], [ 5.283061675453032, 52.223544182748384 ], [ 5.281623199298058, 52.223608635470441 ], [ 5.277053291940333, 52.223760908020871 ], [ 5.277053391850975, 52.223773381501672 ], [ 5.276539532854725, 52.223823103948213 ], [ 5.270965540626579, 52.223998113254034 ], [ 5.269326381195159, 52.224033187165205 ], [ 5.267903243440749, 52.224086577673553 ], [ 5.265814434682538, 52.224129579780374 ], [ 5.263930114142862, 52.224193996734705 ], [ 5.26375716681493, 52.224183538875302 ], [ 5.263431520096258, 52.224121259937476 ], [ 5.263359772637566, 52.224206439513694 ], [ 5.263109184690934, 52.224225521704263 ], [ 5.255839067131912, 52.22440739176163 ], [ 5.255730923134458, 52.224423192198984 ], [ 5.255725525209018, 52.224410555706122 ], [ 5.255331446670202, 52.22441760295856 ], [ 5.24920022119626, 52.224549451782195 ], [ 5.249147737609857, 52.224577298695628 ], [ 5.249104119127415, 52.224551366993936 ], [ 5.248993709728341, 52.224553567524126 ], [ 5.224730349069663, 52.225196922623837 ], [ 5.223464941357278, 52.222500623042272 ], [ 5.222587282278552, 52.220474201544079 ], [ 5.221336805901976, 52.217716369193759 ], [ 5.221232317554096, 52.217437388262404 ], [ 5.22112964715643, 52.217228700290768 ], [ 5.220912066177859, 52.216700192698077 ], [ 5.22044453863155, 52.215673289272964 ], [ 5.218908511859858, 52.212005431377577 ], [ 5.216731235084405, 52.206965747346352 ], [ 5.216487185006367, 52.206367852293774 ], [ 5.217214076199816, 52.206232786088599 ], [ 5.21550072244782, 52.204273420602355 ], [ 5.211846265332866, 52.200010920179992 ], [ 5.192585964345575, 52.177832946782097 ], [ 5.191300623233843, 52.177752797107566 ], [ 5.189316026358718, 52.17768072320974 ], [ 5.177096152439805, 52.178338498140398 ], [ 5.17346077461136, 52.178600557393821 ], [ 5.143358865562393, 52.180269894117529 ], [ 5.143207803532059, 52.179935658700003 ], [ 5.141703019118825, 52.180080902346887 ], [ 5.140943941321204, 52.180114471572551 ], [ 5.140245126738266, 52.180118783359347 ], [ 5.138445056938021, 52.180201308358264 ], [ 5.138328054586186, 52.180208415040475 ], [ 5.13827600086759, 52.180228721573556 ], [ 5.137784902298391, 52.180257016831874 ], [ 5.135503553662658, 52.180341829502233 ], [ 5.135442323929154, 52.180345790013952 ], [ 5.135338124089261, 52.18040840845854 ], [ 5.135259805366767, 52.180387878230718 ], [ 5.13410174943299, 52.180456635465433 ], [ 5.134018209377118, 52.180474044514632 ], [ 5.133615194603377, 52.180462802595677 ], [ 5.132815158742554, 52.18048600444083 ], [ 5.132591010850054, 52.180474450203491 ], [ 5.131915971436936, 52.180534980343026 ], [ 5.13140690208582, 52.180535796063751 ], [ 5.131043888179146, 52.180585409834855 ], [ 5.130540688166354, 52.18056694507105 ], [ 5.129830259320469, 52.180606222939538 ], [ 5.129746495528097, 52.180634558387084 ], [ 5.129683978601114, 52.180618487092659 ], [ 5.12819014592329, 52.180640924836936 ], [ 5.126097629672362, 52.180747042473662 ], [ 5.125741261105958, 52.180751651143709 ], [ 5.125497821853184, 52.180777982823891 ], [ 5.125026696790398, 52.180779457318145 ], [ 5.121359024363156, 52.180955236952791 ], [ 5.121176243873361, 52.180947456105812 ], [ 5.120203459518171, 52.180784556610782 ], [ 5.118601465988333, 52.18046364919865 ], [ 5.116522520921444, 52.18010533364216 ], [ 5.115293751465694, 52.179852797510229 ], [ 5.114379821792233, 52.17974374217053 ], [ 5.113603277133312, 52.179586998525672 ], [ 5.111330714750631, 52.179169626738364 ], [ 5.111209959979377, 52.179170209490159 ], [ 5.109588679468303, 52.178851375467801 ], [ 5.108660962969227, 52.178694451224302 ], [ 5.108116044448081, 52.178572897077316 ], [ 5.107115061382606, 52.178397418487648 ], [ 5.106214897092771, 52.178219027875805 ], [ 5.105322119869869, 52.178069934944524 ], [ 5.104440154522031, 52.177891858257325 ], [ 5.104087486204104, 52.17784300755271 ], [ 5.103424109849447, 52.177699415800255 ], [ 5.10190921723822, 52.177417495623224 ], [ 5.099041919061965, 52.176902975361713 ], [ 5.0946416456884, 52.176076863029451 ], [ 5.093041359041008, 52.175800704878597 ], [ 5.08245221180806, 52.173842145755593 ], [ 5.079382809873526, 52.173185959936539 ], [ 5.078650607948825, 52.172983676873756 ], [ 5.078405988680006, 52.172942430571375 ], [ 5.076263047465978, 52.172454011950599 ], [ 5.075023931599151, 52.172194501093998 ], [ 5.074685793300537, 52.172084017056996 ], [ 5.072799049101666, 52.171718925932232 ], [ 5.071634931631024, 52.171456976105617 ], [ 5.071261390608206, 52.171346538657815 ], [ 5.070658295538911, 52.17120478946088 ], [ 5.070206699786543, 52.17119517534725 ], [ 5.070229637517209, 52.17114452999035 ], [ 5.070202635975066, 52.171118214415515 ], [ 5.069555116679003, 52.170971010096316 ], [ 5.069339285617962, 52.170946125972719 ], [ 5.068789043531354, 52.170836860578099 ], [ 5.066210353169127, 52.170282149435195 ], [ 5.062947007765393, 52.169557906125 ], [ 5.060796594553345, 52.169100601205912 ], [ 5.058706156827121, 52.168621802234931 ], [ 5.055763426149695, 52.167984552038277 ], [ 5.054737631669424, 52.167742537254718 ], [ 5.048788942971547, 52.166432191848962 ], [ 5.047734823319861, 52.166185841655178 ], [ 5.046421004257303, 52.165928990480261 ], [ 5.046265527784031, 52.165989428773948 ], [ 5.046187082606889, 52.166043161971515 ], [ 5.046138466955885, 52.166108878188147 ], [ 5.046076189344018, 52.166269219593801 ], [ 5.045697454383188, 52.167701236415787 ], [ 5.04559774191678, 52.168476027019658 ], [ 5.04549081470411, 52.168986219598025 ], [ 5.045344527551346, 52.169440685582956 ], [ 5.044658233847818, 52.171286974959571 ], [ 5.044394991834809, 52.172215199350809 ], [ 5.044296697154896, 52.172650364070677 ], [ 5.044193926926249, 52.173508790274226 ], [ 5.044036317670221, 52.174125966872928 ], [ 5.043986362261672, 52.174593759215021 ], [ 5.043795365191914, 52.175240786684682 ], [ 5.043608059013042, 52.175687741961156 ], [ 5.043531188793026, 52.1762357008108 ], [ 5.042838795136371, 52.179482865739551 ], [ 5.042748391750424, 52.179990109925768 ], [ 5.042719715527844, 52.180245814310666 ], [ 5.042536725740982, 52.181129666035694 ], [ 5.04247533565592, 52.181523355876969 ], [ 5.042401412162333, 52.181772671118388 ], [ 5.042362275595168, 52.182028463593532 ], [ 5.042224368432991, 52.182584726078687 ], [ 5.04219932191606, 52.182823457841437 ], [ 5.042127673011427, 52.183196776505433 ], [ 5.042098837800146, 52.183293092626613 ], [ 5.042049332190177, 52.183369982602684 ], [ 5.041875364910362, 52.183525718293858 ], [ 5.041548523642054, 52.183751592829147 ], [ 5.039857793475801, 52.183792769753801 ], [ 5.037876853908141, 52.183887507315852 ], [ 5.037535556161591, 52.183877738390265 ], [ 5.036796939655752, 52.183905108024653 ], [ 5.036274841804302, 52.183891514749334 ], [ 5.032503228619423, 52.18411340987128 ], [ 5.032549019402214, 52.184314579019613 ], [ 5.03276980093145, 52.184378932009174 ], [ 5.03296968797137, 52.184476119160237 ], [ 5.033077431959093, 52.1845610050703 ], [ 5.033198697459468, 52.184716892408488 ], [ 5.033246767841884, 52.18481951904176 ], [ 5.03353364186944, 52.185878066963213 ], [ 5.033585761042349, 52.185991965458925 ], [ 5.033634516369336, 52.186049360916776 ], [ 5.033698487167181, 52.186115449576725 ], [ 5.033908228236497, 52.186255105863388 ], [ 5.034091883448953, 52.186326199965755 ], [ 5.034507810531415, 52.186444052718095 ], [ 5.034619499891306, 52.186489633498049 ], [ 5.034848306263933, 52.186640991499786 ], [ 5.034977201656385, 52.186802908484296 ], [ 5.035007811151873, 52.186943076887339 ], [ 5.035158517434701, 52.188378283956197 ], [ 5.035202200154479, 52.188475863764857 ], [ 5.035299358528743, 52.188621491387188 ], [ 5.035599720647327, 52.188934010316231 ], [ 5.035662452919374, 52.189053828453815 ], [ 5.035708004578401, 52.189200566398561 ], [ 5.035686355858277, 52.189403960390266 ], [ 5.03542246375725, 52.189952669936886 ], [ 5.035309179505393, 52.190469339740815 ], [ 5.035305315152626, 52.190562864011326 ], [ 5.035335764716256, 52.190699859645143 ], [ 5.035404267844959, 52.190808455408856 ], [ 5.035513207104964, 52.190924221510151 ], [ 5.036008011497738, 52.191275834119139 ], [ 5.036220451314675, 52.191488966886489 ], [ 5.036301065997434, 52.191722936764016 ], [ 5.036435202844699, 52.193327641437669 ], [ 5.036516108074815, 52.193551532302806 ], [ 5.036646288881952, 52.193733286016773 ], [ 5.036777808430142, 52.193862717700092 ], [ 5.036978715226129, 52.193997955597162 ], [ 5.03749362096251, 52.194281375302602 ], [ 5.037655106109804, 52.194395289892682 ], [ 5.0377919062347, 52.194515486416094 ], [ 5.037944218882767, 52.194738668059927 ], [ 5.03813409718611, 52.195163230494316 ], [ 5.038173050364379, 52.195395338585584 ], [ 5.038124603570796, 52.195676240734876 ], [ 5.037765350971986, 52.196564673831645 ], [ 5.037122661881473, 52.196625608770923 ], [ 5.037119850705667, 52.196659538515391 ], [ 5.037423227925379, 52.197414233513847 ], [ 5.037201272421084, 52.197948524874157 ], [ 5.03714003045182, 52.197940110953162 ], [ 5.037123871675653, 52.198052744079916 ], [ 5.034780208997755, 52.198135659695268 ], [ 5.034336332385442, 52.198108549465431 ], [ 5.033611512090857, 52.198324415899577 ], [ 5.032202180485091, 52.198536986531259 ], [ 5.032130812061944, 52.198528209253013 ], [ 5.032028469321721, 52.198465786766484 ], [ 5.031908554402505, 52.198431134900737 ], [ 5.031825504845825, 52.198436858642808 ], [ 5.03176640386735, 52.198459712276851 ], [ 5.031713096187273, 52.198504956571973 ], [ 5.031702749321396, 52.198543913334937 ], [ 5.031718815565581, 52.198626527786288 ], [ 5.031694137171162, 52.19865717688964 ], [ 5.031150233309269, 52.198707551481696 ], [ 5.031003302018823, 52.198748141699582 ], [ 5.030896779666895, 52.198819458754066 ], [ 5.03076863452309, 52.198941048515628 ], [ 5.03066987036898, 52.199079949213001 ], [ 5.030457992791067, 52.199233259911168 ], [ 5.030067794827733, 52.199446025871346 ], [ 5.029849363131898, 52.199534113754027 ], [ 5.029549416937225, 52.199564171228033 ], [ 5.029371195822246, 52.199641282061478 ], [ 5.029164503355626, 52.199765168249421 ], [ 5.028782201879093, 52.199863422162743 ], [ 5.028345104850513, 52.199945381029337 ], [ 5.027942302381738, 52.199957963357519 ], [ 5.027949981362299, 52.200086657937184 ], [ 5.027812833404917, 52.200167828729661 ], [ 5.027486155173898, 52.20028287062685 ], [ 5.027246578645261, 52.200406237172537 ], [ 5.027061322003114, 52.200558228389838 ], [ 5.026340167682502, 52.201218699704611 ], [ 5.026149179403569, 52.201340288475436 ], [ 5.026061224761161, 52.201373972555871 ], [ 5.025871513982835, 52.201424835107552 ], [ 5.025632275514607, 52.201460949842193 ], [ 5.023470510254488, 52.201524369152899 ], [ 5.023335493758432, 52.201545817055518 ], [ 5.023173027685399, 52.201595901907631 ], [ 5.022769094901442, 52.201534191499903 ], [ 5.021292961720998, 52.201885745790058 ], [ 5.02138434729695, 52.202036610629676 ], [ 5.021424590294943, 52.202025853223354 ], [ 5.021431690659942, 52.202035767679419 ], [ 5.022790943037196, 52.201713080121976 ], [ 5.023009358748768, 52.201746931950801 ], [ 5.022861850133691, 52.201822504824996 ], [ 5.022636838333399, 52.201996438651094 ], [ 5.02247736975553, 52.202146087032894 ], [ 5.022492102492637, 52.202156340696057 ], [ 5.022453693260021, 52.202184560891254 ], [ 5.022457476244168, 52.202222828646285 ], [ 5.022064785339488, 52.202374142612122 ], [ 5.021635976663497, 52.202444811035249 ], [ 5.021643096687042, 52.202466329473623 ], [ 5.021586743897242, 52.202475228882406 ], [ 5.021603896098415, 52.202541989051703 ], [ 5.021829391738533, 52.202524159293972 ], [ 5.02191879098895, 52.202500824292741 ], [ 5.02234930894948, 52.202338477709823 ], [ 5.022678212581598, 52.202240744853434 ], [ 5.023026174567612, 52.202039958075218 ], [ 5.023065749945222, 52.202319947230109 ], [ 5.023111785867931, 52.202491160361141 ], [ 5.023109985680161, 52.202743197717744 ], [ 5.023082976451128, 52.202753328941483 ], [ 5.022526198922938, 52.202675902662207 ], [ 5.022484466106971, 52.202698355138146 ], [ 5.022453626523003, 52.202814912914256 ], [ 5.022451556208524, 52.202946662360603 ], [ 5.022489300594467, 52.203285376646974 ], [ 5.022621036693331, 52.203941463499724 ], [ 5.02343285522493, 52.203828389414973 ], [ 5.023373120555843, 52.203342232488374 ], [ 5.023342091859826, 52.203264535906655 ], [ 5.023315721132415, 52.203050951221663 ], [ 5.0246885435183, 52.202989030551791 ], [ 5.024675245966027, 52.202862469535525 ], [ 5.024996078094314, 52.202844257548108 ], [ 5.025036840379291, 52.203270855796738 ], [ 5.025430651479358, 52.203256690398632 ], [ 5.025599914506082, 52.203982096382916 ], [ 5.025933801182045, 52.203928725202466 ], [ 5.025947655687058, 52.203955861076942 ], [ 5.036649802941093, 52.202138396171506 ], [ 5.036698591142178, 52.202365813857696 ], [ 5.036740191665213, 52.202406017029752 ], [ 5.0368870377374, 52.203109910569601 ], [ 5.037168291728612, 52.204139925929383 ], [ 5.037250647962535, 52.204154514638724 ], [ 5.037420750644611, 52.204964026795174 ], [ 5.035315193443727, 52.20523268757178 ], [ 5.035760023764076, 52.20700452296343 ], [ 5.035860314408621, 52.207069685048801 ], [ 5.035879464429597, 52.207197582849439 ], [ 5.035838423915339, 52.207203862517005 ], [ 5.036289052524483, 52.208914481186866 ], [ 5.036444363764399, 52.209567470900254 ], [ 5.033400588402154, 52.209836233732091 ], [ 5.033459878959888, 52.209994742153491 ], [ 5.033487647617296, 52.210141832693793 ], [ 5.033571241302966, 52.210334462979205 ], [ 5.03363878372293, 52.210330853291751 ], [ 5.033721230739349, 52.210618561788849 ], [ 5.033686785935833, 52.210624790656659 ], [ 5.033700075208686, 52.210725656608119 ], [ 5.033853306951646, 52.211169608920947 ], [ 5.034092419909373, 52.212134615000139 ], [ 5.034203017540483, 52.212132017165963 ], [ 5.034234934529464, 52.212330709351882 ], [ 5.034220930131186, 52.212535204955842 ], [ 5.034339386818488, 52.212900238054928 ], [ 5.034353113789262, 52.213117387235386 ], [ 5.033729682960799, 52.213123038552993 ], [ 5.033787957128198, 52.213713994147007 ], [ 5.035642801187175, 52.213688460020556 ], [ 5.03669922565531, 52.21364801725381 ], [ 5.036756379479709, 52.213683051535199 ], [ 5.036823145564878, 52.214022384407848 ], [ 5.036779738935619, 52.214140038005709 ], [ 5.036662886267663, 52.214157415771986 ], [ 5.036666077755036, 52.214196260755337 ], [ 5.037165741349766, 52.214185519871094 ], [ 5.037259346070753, 52.214191462899691 ], [ 5.037290347070726, 52.214215288228722 ], [ 5.037278997684285, 52.214299108931137 ], [ 5.037256669313742, 52.214324200190696 ], [ 5.037153266171374, 52.214339670520133 ], [ 5.037058939702076, 52.214391711114231 ], [ 5.036993313050496, 52.214408536163241 ], [ 5.036575616033938, 52.214422578536016 ], [ 5.035551230043994, 52.214417988907996 ], [ 5.035458975845786, 52.214383675986397 ], [ 5.035458432252517, 52.214398979206862 ], [ 5.035437120167773, 52.214399727041247 ], [ 5.035372387397101, 52.214456565688437 ], [ 5.035329561658267, 52.214462292804456 ], [ 5.035328917300471, 52.214486657327321 ], [ 5.035595371631865, 52.214517489889687 ], [ 5.035770757853705, 52.214557631450745 ], [ 5.035681866112489, 52.214730679521985 ], [ 5.035667711252586, 52.214915146342186 ], [ 5.035683426611578, 52.2151246595689 ], [ 5.035837808368077, 52.215123452933035 ], [ 5.0358671204352, 52.215159208761676 ], [ 5.036908611126424, 52.215155784919936 ], [ 5.036693446293556, 52.215691410045324 ], [ 5.036719185897812, 52.215692070374608 ], [ 5.036943260206733, 52.21591377492301 ], [ 5.037023449850984, 52.21590814936269 ], [ 5.037144529234445, 52.21620198926081 ], [ 5.036916900748265, 52.216244336541756 ], [ 5.037072780030461, 52.216408344218657 ], [ 5.037106582106569, 52.216459604494801 ], [ 5.037130014886495, 52.216549789907027 ], [ 5.036973600225586, 52.216970976466293 ], [ 5.036845248815955, 52.217191542205207 ], [ 5.036678579607991, 52.217314255233632 ], [ 5.036523660431945, 52.217386926349754 ], [ 5.036269837690676, 52.217454282563089 ], [ 5.035849000135885, 52.217529140204292 ], [ 5.036494252486828, 52.22309008534917 ], [ 5.03659244482207, 52.223567699372232 ], [ 5.036616220780763, 52.224027422590673 ], [ 5.036643654662085, 52.224206589932685 ], [ 5.036683299485642, 52.224230463653939 ], [ 5.03664529883698, 52.224245707693271 ], [ 5.036665604682406, 52.224360154689712 ], [ 5.039195604842881, 52.224023702239194 ], [ 5.039341535222828, 52.224411385556643 ], [ 5.039482115320424, 52.224393300849776 ], [ 5.039475909335314, 52.224371508100376 ], [ 5.040473005236072, 52.224213528688601 ], [ 5.041652999855454, 52.224053641385709 ], [ 5.041905334833548, 52.223992961806552 ], [ 5.041922575479877, 52.224062217501825 ], [ 5.042155751601234, 52.223986116327019 ], [ 5.042632025785769, 52.223865676705387 ], [ 5.042794879485434, 52.224039019292938 ], [ 5.041984766277618, 52.224326338529792 ], [ 5.041928814165639, 52.224088682755792 ], [ 5.03749579541141, 52.224722876033987 ], [ 5.037222099324706, 52.224776040469173 ], [ 5.036964985064866, 52.224775592645145 ], [ 5.037101784251715, 52.225341648538759 ], [ 5.038730540789747, 52.22517966498188 ], [ 5.038818566965271, 52.225358209817159 ], [ 5.03885613378861, 52.225470534145884 ], [ 5.038895849391573, 52.22549647804604 ], [ 5.038971147390391, 52.225512067356469 ], [ 5.038932210553195, 52.225679259871775 ], [ 5.039144413795815, 52.22595845949963 ], [ 5.039159819991452, 52.226011746052095 ], [ 5.039587053606236, 52.226450129045546 ], [ 5.039923237545183, 52.226859395175595 ], [ 5.040046174019934, 52.227031440209807 ], [ 5.040489316126725, 52.226942722874242 ], [ 5.040965719308994, 52.227530558633589 ], [ 5.040964889521009, 52.227561309258654 ], [ 5.040829300722693, 52.227675610043754 ], [ 5.040842241564128, 52.227692543566626 ], [ 5.041353597266287, 52.228086527989532 ], [ 5.041582702559444, 52.228212764957895 ], [ 5.041694970268104, 52.228234630840269 ], [ 5.041981343873385, 52.228418979557595 ], [ 5.042041840977774, 52.228396626548154 ], [ 5.042483284517231, 52.228778949248742 ], [ 5.041101764112414, 52.229321775395796 ], [ 5.04131178614551, 52.229493962814253 ], [ 5.040705850479062, 52.229547011461776 ], [ 5.040627667675089, 52.229697265318158 ], [ 5.040517640825979, 52.229833818258079 ], [ 5.041345300412212, 52.230076807475179 ], [ 5.041585571270044, 52.230888222276093 ], [ 5.04239760999486, 52.230547309941478 ], [ 5.043244314076969, 52.230819181622195 ], [ 5.043567258630184, 52.23111788140983 ], [ 5.043822873056174, 52.231018871719407 ], [ 5.046510465491302, 52.231858416602257 ], [ 5.049614578093754, 52.23287362174699 ], [ 5.05181344634668, 52.23356287418877 ], [ 5.05195414123245, 52.233673012138638 ], [ 5.05189969173558, 52.233704201295339 ], [ 5.052237328857931, 52.233857528922314 ], [ 5.05245494588674, 52.233765494537415 ], [ 5.052918167729544, 52.233921570548347 ], [ 5.052883542173684, 52.233940196631274 ], [ 5.05328263204976, 52.234242678585986 ], [ 5.053532544503481, 52.234117843415191 ], [ 5.056222010911466, 52.234977954961856 ], [ 5.055789551990239, 52.235213596293406 ], [ 5.056280860413133, 52.235381256688193 ], [ 5.056354881061671, 52.235337686727533 ], [ 5.056761734041528, 52.23559283747791 ], [ 5.057484394383887, 52.235206977410009 ], [ 5.057729585629165, 52.235353415794322 ], [ 5.057501567166139, 52.235835654440024 ], [ 5.05718867789878, 52.236004571390474 ], [ 5.056894428762015, 52.236535990184407 ], [ 5.056276192244614, 52.2371273990478 ], [ 5.055650631631861, 52.237514849803411 ], [ 5.049542121107988, 52.241097597498936 ], [ 5.048987820553389, 52.241458149333923 ], [ 5.048329629683147, 52.241990792999957 ], [ 5.047860516988575, 52.24213117181025 ], [ 5.047641538175731, 52.242216072697012 ], [ 5.046577599013017, 52.24283497064971 ], [ 5.045996062442309, 52.243220720452157 ], [ 5.045999779909257, 52.243252939584877 ], [ 5.045854211337983, 52.243381625644112 ], [ 5.046520877094513, 52.246971634266934 ], [ 5.046580819714952, 52.247682575825912 ], [ 5.046659441522521, 52.248201089255566 ], [ 5.046660845902929, 52.248373227946693 ], [ 5.04663402992456, 52.248541096664965 ], [ 5.046549417881931, 52.248711947873602 ], [ 5.046385837135428, 52.248903167480812 ], [ 5.046117366764374, 52.249142786222784 ], [ 5.04575144398039, 52.249432114666277 ], [ 5.045292667882956, 52.249878008042231 ], [ 5.045051295487417, 52.250210622533451 ], [ 5.044802612579983, 52.250665705207247 ], [ 5.044168270307892, 52.251966653218318 ], [ 5.044047254146923, 52.252236912357851 ], [ 5.043979157460432, 52.252448911533058 ], [ 5.043923263781301, 52.252782396744422 ], [ 5.043933502488305, 52.253213251512058 ], [ 5.043921941249337, 52.253347212136291 ], [ 5.043841013179729, 52.253603446787658 ], [ 5.043664547847796, 52.254015885415356 ], [ 5.043579997069149, 52.254298059047805 ], [ 5.043543815714481, 52.254630740138069 ], [ 5.043547578785855, 52.255008069391877 ], [ 5.043523993875617, 52.255162259085694 ], [ 5.043475132239131, 52.255335134110112 ], [ 5.043406941958503, 52.255488490927746 ], [ 5.043278697841979, 52.255671428844131 ], [ 5.043142284446519, 52.255810113602962 ], [ 5.042943394589641, 52.255976935876483 ], [ 5.042659646736787, 52.25617005631657 ], [ 5.042142730396336, 52.256456177070625 ], [ 5.041690518543889, 52.256623363862353 ], [ 5.04137953742403, 52.256698259405781 ], [ 5.041066659574066, 52.256733250368619 ], [ 5.040676317552203, 52.256694080235761 ], [ 5.04041552408979, 52.256630518407761 ], [ 5.040062312652518, 52.256498892851525 ], [ 5.039730854315478, 52.256326294106948 ], [ 5.039436006596851, 52.256124927344111 ], [ 5.039164921174031, 52.255896924534639 ], [ 5.038876563760691, 52.255594263150847 ], [ 5.038624809004687, 52.255271020549976 ], [ 5.038184942579815, 52.254541442421285 ], [ 5.03797298770646, 52.254225596304934 ], [ 5.037726560340952, 52.253920057954112 ], [ 5.03749519492504, 52.253689301723981 ], [ 5.037098540000852, 52.253366047679279 ], [ 5.036564088781226, 52.253010087805372 ], [ 5.036145537927555, 52.252793933240802 ], [ 5.035732959846542, 52.252654194526606 ], [ 5.035329899437517, 52.252641358076247 ], [ 5.034920342248022, 52.252682210146119 ], [ 5.03471941493078, 52.252741478740347 ], [ 5.034496705391321, 52.25286463814151 ], [ 5.033645071438358, 52.253510116429673 ], [ 5.032939549708209, 52.254085724017465 ], [ 5.032301333938739, 52.254672452345545 ], [ 5.031803806305954, 52.255176379173371 ], [ 5.031434863447275, 52.255617004030213 ], [ 5.031252855063356, 52.255881623282356 ], [ 5.031153050893472, 52.256060206217413 ], [ 5.031048780255035, 52.256305942173142 ], [ 5.03100248083937, 52.256456825848595 ], [ 5.030968467308898, 52.256671412839928 ], [ 5.030972095688342, 52.256820379264603 ], [ 5.03103875387004, 52.257061758079743 ], [ 5.031196571083949, 52.257314114389061 ], [ 5.031364413053558, 52.257495984987877 ], [ 5.031819938426357, 52.257876868007273 ], [ 5.032084213841861, 52.258135233415913 ], [ 5.032268705846668, 52.258366661837385 ], [ 5.032457478037071, 52.25870625184676 ], [ 5.032545622951891, 52.258929931951116 ], [ 5.032614098969277, 52.259166048564062 ], [ 5.03265695764963, 52.259329752286114 ], [ 5.032671767815824, 52.259472478615656 ], [ 5.032665800480162, 52.259609126524268 ], [ 5.032633455122908, 52.259790591439838 ], [ 5.032501595169864, 52.260141251904479 ], [ 5.032248969048205, 52.260535287860151 ], [ 5.031954813099396, 52.260877231658917 ], [ 5.031730910882774, 52.261084054214699 ], [ 5.031490192869652, 52.261277384637552 ], [ 5.031099492837879, 52.261557059278481 ], [ 5.030787630709607, 52.261757977841235 ], [ 5.030217784586177, 52.262088909655681 ], [ 5.028254403003353, 52.26306281811506 ], [ 5.027443498668123, 52.263492172829828 ], [ 5.027198015998077, 52.263639055068523 ], [ 5.02692585288369, 52.263834373451942 ], [ 5.026743336114652, 52.263985436026054 ], [ 5.026582043784884, 52.264148078003366 ], [ 5.026522772320497, 52.264268511878306 ], [ 5.026506647092154, 52.264395991320988 ], [ 5.026527633755207, 52.264520852404821 ], [ 5.026584755122974, 52.264635014552731 ], [ 5.026790499275245, 52.264863155081073 ], [ 5.0271890017323, 52.26517436039498 ], [ 5.02745526614, 52.265434482046089 ], [ 5.027646083828176, 52.265695031126278 ], [ 5.027785315914724, 52.266004127622367 ], [ 5.02787112558321, 52.266338334554931 ], [ 5.027904292487394, 52.266596990767944 ], [ 5.027912994804614, 52.266813250047434 ], [ 5.027881098105323, 52.267192808481347 ], [ 5.027778859651006, 52.267507302148275 ], [ 5.027730031636147, 52.267617876499187 ], [ 5.0276040069846, 52.267809091176858 ], [ 5.027406814165511, 52.26801885749375 ], [ 5.02720178179152, 52.268181666743672 ], [ 5.026773282628428, 52.268449784880225 ], [ 5.025869466324597, 52.268886657985952 ], [ 5.025583397567686, 52.269041290718391 ], [ 5.025326944629915, 52.269202070302988 ], [ 5.024937548120348, 52.269516429343547 ], [ 5.024316323395511, 52.270156467935671 ], [ 5.023946318200846, 52.270591272481596 ], [ 5.023553271049678, 52.271106177203791 ], [ 5.023290874582537, 52.271508914230004 ], [ 5.022886092194074, 52.272416045168434 ], [ 5.02288688792472, 52.272483437809093 ], [ 5.023020793104662, 52.272847676631258 ], [ 5.023339780600869, 52.273073400930322 ], [ 5.023710293844361, 52.27320817670217 ], [ 5.023845446035458, 52.273230094425642 ], [ 5.024078284389791, 52.273235973214682 ], [ 5.024356545146022, 52.273196390576004 ], [ 5.024720298981403, 52.273101180491125 ], [ 5.027251107663534, 52.272377413822845 ], [ 5.028331024158421, 52.272090682245135 ], [ 5.028902411901869, 52.272027515299115 ], [ 5.029518138855536, 52.272013032092758 ], [ 5.029813729401291, 52.272043508950816 ], [ 5.030368219955625, 52.27220925994277 ], [ 5.030579247512837, 52.272247787156118 ], [ 5.030775370991732, 52.272364893248131 ], [ 5.030933067226728, 52.272502844814603 ], [ 5.030994945693942, 52.27260615363523 ], [ 5.03111588580028, 52.27290454739753 ], [ 5.031256031472155, 52.273173014291444 ], [ 5.031532186314803, 52.27355065325451 ], [ 5.032686529006676, 52.27495564073309 ], [ 5.032879989200048, 52.275147640363478 ], [ 5.033156284342792, 52.275344444196975 ], [ 5.033547713696721, 52.275538549947477 ], [ 5.034001110366375, 52.275719295340203 ], [ 5.034199934390498, 52.275773835576793 ], [ 5.034706609582608, 52.27584866009726 ], [ 5.035079845170411, 52.275928311705627 ], [ 5.036069017749298, 52.276244852997678 ], [ 5.037864109535136, 52.276857067417104 ], [ 5.03847089150299, 52.277038196810608 ], [ 5.040324401417299, 52.277427092820368 ], [ 5.041947561572696, 52.277838376799025 ], [ 5.042521966313201, 52.277930300596637 ], [ 5.043013793015739, 52.277959694570328 ], [ 5.043672038635131, 52.277916634393037 ], [ 5.044389298137594, 52.277791619523306 ], [ 5.044994197162461, 52.277636624570661 ], [ 5.046834231302751, 52.277098578573373 ], [ 5.04727184992346, 52.27700276584136 ], [ 5.047644323891063, 52.276956651816072 ], [ 5.047966166579862, 52.276945333865669 ], [ 5.048304071742455, 52.27696815351797 ], [ 5.048601677852787, 52.277029597663585 ], [ 5.049009706613944, 52.277202852600084 ], [ 5.049252278519901, 52.27735467937314 ], [ 5.049468426233098, 52.277560148002749 ], [ 5.049566280002466, 52.277689208460302 ], [ 5.049621312007047, 52.27779612316764 ], [ 5.049674426365384, 52.277961000574692 ], [ 5.049687998825247, 52.27809626584456 ], [ 5.049632972652162, 52.278919394163431 ], [ 5.049644123526492, 52.280010486555298 ], [ 5.049666119846218, 52.280205893731633 ], [ 5.049725884789354, 52.280500303561425 ], [ 5.049860472066028, 52.280838994240597 ], [ 5.050059746245959, 52.281140559744749 ], [ 5.050381173528534, 52.281510355857755 ], [ 5.05057764461252, 52.281689117692245 ], [ 5.050753460867636, 52.28181780885626 ], [ 5.051147865575352, 52.282039076441571 ], [ 5.051593998553678, 52.282194761742183 ], [ 5.054163653530214, 52.282695948817491 ], [ 5.054650529560376, 52.282815036435025 ], [ 5.055292590602599, 52.283006024825028 ], [ 5.055698631620506, 52.283165950049835 ], [ 5.058906019571526, 52.284608361911211 ], [ 5.059663626941434, 52.284912850434708 ], [ 5.060009779639772, 52.285034890721263 ], [ 5.060341603053415, 52.285129039743403 ], [ 5.06055970404129, 52.285176092922448 ], [ 5.060809698633436, 52.285208085398168 ], [ 5.061118657821026, 52.285214421724703 ], [ 5.0614122102408, 52.285190729752159 ], [ 5.061855862631647, 52.285129820025332 ], [ 5.062187638645301, 52.285062937297241 ], [ 5.062442787224286, 52.284994908914875 ], [ 5.062647011522598, 52.28491800530545 ], [ 5.062791608060607, 52.284834125979295 ], [ 5.062884788825763, 52.284743089868918 ], [ 5.062907400402374, 52.284670716787183 ], [ 5.062921264422557, 52.284386992190981 ], [ 5.062794705078733, 52.282777139140784 ], [ 5.062812368026051, 52.282477474379043 ], [ 5.062841219179003, 52.282308174011803 ], [ 5.062898280390931, 52.28213767653444 ], [ 5.063002012510584, 52.281943492070461 ], [ 5.063145663254399, 52.281741044690683 ], [ 5.063480556359508, 52.281394512985059 ], [ 5.063648093745176, 52.281249071030032 ], [ 5.064173093090353, 52.28086872294223 ], [ 5.064412423189339, 52.28073760098026 ], [ 5.063985079034749, 52.280261435648057 ], [ 5.063886209644476, 52.279975835274179 ], [ 5.064938571838823, 52.279873191106546 ], [ 5.065010180458748, 52.279830330704804 ], [ 5.064713748773834, 52.2796274290166 ], [ 5.064376234503277, 52.279367828798598 ], [ 5.063803642532928, 52.278884838096658 ], [ 5.063702222590955, 52.278769739370006 ], [ 5.06360686489804, 52.278528659516887 ], [ 5.063812221886471, 52.278559531391458 ], [ 5.063855825126754, 52.278523654440278 ], [ 5.063985318554749, 52.278463637284652 ], [ 5.064359010792947, 52.278356425291818 ], [ 5.064686928964203, 52.278240213486022 ], [ 5.064875979579009, 52.278265341331917 ], [ 5.077082045913181, 52.277976625652173 ], [ 5.084615449931077, 52.279407482241979 ], [ 5.087704173284092, 52.281684924704138 ], [ 5.087803811460184, 52.281656602863826 ], [ 5.08938241819623, 52.281454377469402 ], [ 5.098895412619862, 52.280264625978091 ], [ 5.102065216638475, 52.279890984887579 ], [ 5.102174674679016, 52.280672489536713 ], [ 5.102182960273987, 52.28122675381011 ], [ 5.102157016080422, 52.281425826294601 ], [ 5.102082577970951, 52.281580486813766 ], [ 5.102013314460796, 52.281654039253112 ], [ 5.102567501699784, 52.282036360446455 ], [ 5.102673907435763, 52.282078315835925 ], [ 5.10277743682427, 52.282094217900635 ], [ 5.102796367861486, 52.282123982624626 ], [ 5.102761787814094, 52.282323992341126 ], [ 5.102816355571512, 52.28238353837515 ], [ 5.103229554020948, 52.282547736535641 ], [ 5.103487412498251, 52.282728918019991 ], [ 5.103857174330332, 52.282909864072508 ], [ 5.104175025317237, 52.283115510995238 ], [ 5.104274973104119, 52.283208232178509 ], [ 5.104306887359574, 52.283324465456019 ], [ 5.104256724560135, 52.28373919948578 ], [ 5.104263734861947, 52.28381005656842 ], [ 5.104317411468099, 52.283870772830966 ], [ 5.104693830163853, 52.284103742814168 ], [ 5.104779330848991, 52.284205055033375 ], [ 5.104805596914694, 52.284319369195188 ], [ 5.104797675232269, 52.284398261143757 ], [ 5.1048349500744, 52.284544078563925 ], [ 5.104837849777108, 52.284671572211465 ], [ 5.104672548004658, 52.284954563508585 ], [ 5.104639499060015, 52.285092841741161 ], [ 5.104644994570156, 52.285515551600547 ], [ 5.104699709326261, 52.285561615936238 ], [ 5.103337115674671, 52.286556405666055 ], [ 5.102054078467969, 52.287658350682072 ], [ 5.101647826964769, 52.288034390217192 ], [ 5.101760791691809, 52.288084281474823 ], [ 5.101581381655703, 52.288190036945011 ], [ 5.101467156930552, 52.288334934094657 ], [ 5.101252678983996, 52.28854258853648 ], [ 5.100576025735563, 52.289052966542734 ], [ 5.100242142268289, 52.289391054568561 ], [ 5.099693363475605, 52.289997361849672 ], [ 5.098841755855365, 52.290626963570787 ], [ 5.098714997834712, 52.290573705935095 ], [ 5.098644820415469, 52.290670480490249 ], [ 5.098566169568963, 52.290826461792676 ], [ 5.098457696473792, 52.291134505953146 ], [ 5.098433410594748, 52.291407902276042 ], [ 5.098473542590518, 52.291636150896707 ], [ 5.09859180955228, 52.291920476605242 ], [ 5.098738472776966, 52.292190495654879 ], [ 5.099201164690856, 52.292543054674141 ], [ 5.099481628053883, 52.292712054900697 ], [ 5.099353984162238, 52.292803505464136 ], [ 5.100606122739996, 52.29339686334923 ], [ 5.10225549481593, 52.294137018689348 ], [ 5.102918709419352, 52.294467716144837 ], [ 5.103217684131552, 52.294524453775452 ], [ 5.104658116924275, 52.294585668234248 ], [ 5.106065142820221, 52.294668555323689 ], [ 5.106448805628033, 52.295090425810073 ], [ 5.106450730478239, 52.295131880390883 ], [ 5.106415894130835, 52.295156773888721 ], [ 5.107209549568614, 52.296001207419309 ], [ 5.10731969490551, 52.29628049416695 ], [ 5.107376906094992, 52.29629063848791 ], [ 5.107417492548204, 52.296325400286783 ], [ 5.107564146026619, 52.296677247127654 ], [ 5.107665399501981, 52.296983664686742 ], [ 5.107689823321494, 52.297107318300583 ], [ 5.107693305509541, 52.297225952231706 ], [ 5.107674293649324, 52.297291716897909 ], [ 5.107413855279992, 52.297697814236763 ], [ 5.107248398275327, 52.297862471666342 ], [ 5.107048702554532, 52.297999332149132 ], [ 5.106819884408916, 52.298125588350622 ], [ 5.106495814571078, 52.298265258526463 ], [ 5.106223652707668, 52.298342616252029 ], [ 5.106100589995085, 52.298342167490652 ], [ 5.106039152875651, 52.29832386370051 ], [ 5.105255824228453, 52.298424511231161 ], [ 5.103192327667112, 52.298088370427607 ], [ 5.1019718195872, 52.297804196220561 ], [ 5.101725199866513, 52.297834960258925 ], [ 5.101301546049494, 52.297922566632174 ], [ 5.100248813369379, 52.298231896009042 ], [ 5.099998575539629, 52.298321385047807 ], [ 5.099967368285405, 52.298362574747564 ], [ 5.098943531876151, 52.298696628130152 ], [ 5.097859824115883, 52.299344282884483 ], [ 5.097358118411636, 52.299816571324804 ], [ 5.097186915771953, 52.299952785821851 ], [ 5.096841826587125, 52.300390417387739 ], [ 5.096772493745011, 52.300457039921227 ], [ 5.096643463373597, 52.30086651032191 ], [ 5.096588556255801, 52.301103851374776 ], [ 5.096387756960233, 52.301665126372363 ], [ 5.09634060172657, 52.301827956955051 ], [ 5.096318929291654, 52.301987649079159 ], [ 5.0962493445988, 52.30215923542049 ], [ 5.096053858764868, 52.302888747081859 ], [ 5.095812597797156, 52.303578412332392 ], [ 5.09582700648842, 52.303713417712935 ], [ 5.095816874172495, 52.303735524517023 ], [ 5.095771003585352, 52.303761750211578 ], [ 5.095819955483376, 52.304186589160025 ], [ 5.095847093318295, 52.304273519989771 ], [ 5.095893721411556, 52.304611069613948 ], [ 5.095900474757585, 52.304834601332999 ], [ 5.096040653311591, 52.305613001180824 ], [ 5.096082796494229, 52.305725223372214 ], [ 5.096082412692613, 52.305801923968644 ], [ 5.096159951904593, 52.306178966409803 ], [ 5.096182331275488, 52.306431048884356 ], [ 5.096219445300571, 52.306554205167011 ], [ 5.09625726713828, 52.306863568097803 ], [ 5.096482747769771, 52.307292595132637 ], [ 5.096535692337122, 52.307313696329928 ], [ 5.096816261760726, 52.307595918680946 ], [ 5.09703504435497, 52.307738326433402 ], [ 5.097365735177848, 52.307913101559855 ], [ 5.098237172894498, 52.308454502252111 ], [ 5.098706204910014, 52.308769879908013 ], [ 5.098981507496317, 52.309010646202601 ], [ 5.099502447055631, 52.309422478212184 ], [ 5.099593527590387, 52.309527841795258 ], [ 5.099723506518298, 52.309712006923739 ], [ 5.099797248566044, 52.310033833615414 ], [ 5.10010932228304, 52.310125983759512 ], [ 5.100350334318005, 52.310266969921031 ], [ 5.100566318803621, 52.310296392911283 ], [ 5.100554020640439, 52.310436784526004 ], [ 5.100442256767547, 52.310503930479278 ], [ 5.100281543106806, 52.310462926537518 ], [ 5.09884938352044, 52.311130464428871 ], [ 5.098742256332836, 52.311154687139016 ], [ 5.098182676001452, 52.311374631132232 ], [ 5.097868344528696, 52.311450811559276 ], [ 5.097666738518328, 52.311538313970239 ], [ 5.096350765380008, 52.311910841599364 ], [ 5.094618627206936, 52.312426360771305 ], [ 5.093916724371733, 52.312604312251402 ], [ 5.092106921572157, 52.313023327085787 ], [ 5.092644454524013, 52.313773141754417 ], [ 5.092793959834619, 52.313927520956881 ], [ 5.09307561713551, 52.314149662444692 ], [ 5.092808134433136, 52.314265024715766 ], [ 5.092732930453001, 52.314198650601632 ], [ 5.092639884935499, 52.314238663948935 ], [ 5.092614875453075, 52.314216673743275 ], [ 5.09165319113707, 52.314643933659752 ], [ 5.090531100377982, 52.314989705754421 ], [ 5.088861388529716, 52.315339865135691 ], [ 5.087343795434296, 52.315690010117294 ], [ 5.086748535045749, 52.315805295842615 ], [ 5.086751464810356, 52.315886822244451 ], [ 5.086639665086667, 52.3159289035112 ], [ 5.084806387314113, 52.316328691232108 ], [ 5.084840802671534, 52.316442489140726 ], [ 5.084759716979947, 52.316525742483108 ], [ 5.084930458611403, 52.316656737610344 ], [ 5.084942241082007, 52.316695100812595 ], [ 5.084907988442938, 52.31673397175836 ], [ 5.083214231905461, 52.31726723217885 ], [ 5.083140693262288, 52.317188470152381 ], [ 5.083061754241656, 52.317044990612672 ], [ 5.083008837975419, 52.317022300072189 ], [ 5.082963892886167, 52.317023387707003 ], [ 5.08096901194424, 52.317402415476117 ], [ 5.079216462331421, 52.317777751390992 ], [ 5.077514438691476, 52.31817712029104 ], [ 5.075393747151504, 52.319145209999981 ], [ 5.073888243442299, 52.319794893457782 ], [ 5.073111447730985, 52.320179455442968 ], [ 5.072861575900826, 52.319900360212067 ], [ 5.072758745796095, 52.319935099743674 ], [ 5.072010095409043, 52.320377366719853 ], [ 5.070818906563344, 52.321138314678549 ], [ 5.070375949131789, 52.321401696726006 ], [ 5.069508756823728, 52.32179321263186 ], [ 5.069356431712544, 52.321700338935706 ], [ 5.06923530751158, 52.321581898676584 ], [ 5.069083071549189, 52.321533444181377 ], [ 5.069040918556875, 52.321541175078515 ], [ 5.068971556378665, 52.321625186483878 ], [ 5.068781839960485, 52.321721335588094 ], [ 5.066157361508921, 52.322202411849453 ], [ 5.065823656077632, 52.32223950645556 ], [ 5.065527707609153, 52.322240051187002 ], [ 5.065220091415161, 52.322206228952631 ], [ 5.065051147999727, 52.322159559720006 ], [ 5.064687678253547, 52.322005774972169 ], [ 5.065167766549343, 52.321574132795099 ], [ 5.065281922488067, 52.321444175119908 ], [ 5.065528694118033, 52.320980942897592 ], [ 5.065720876187533, 52.320481616659912 ], [ 5.06525945509431, 52.319181520700283 ], [ 5.063856730753589, 52.318467116613462 ], [ 5.063298196883199, 52.318210558914906 ], [ 5.063076579779344, 52.318067042202522 ], [ 5.062686744546705, 52.317733888678674 ], [ 5.062482226915623, 52.317611797466277 ], [ 5.062305815114627, 52.3175437002905 ], [ 5.061499608737388, 52.317304647390664 ], [ 5.061368200462533, 52.317246650596907 ], [ 5.061038681597434, 52.31705455203064 ], [ 5.060839151412641, 52.316975935474048 ], [ 5.060688578578182, 52.316937017756636 ], [ 5.060215267388728, 52.316886023924162 ], [ 5.059820517767523, 52.316811853433279 ], [ 5.059591209818948, 52.31675112981091 ], [ 5.059206871295705, 52.316616800153469 ], [ 5.058591554985135, 52.31637810670572 ], [ 5.057984469615934, 52.316247929299116 ], [ 5.057751778534351, 52.316384449653953 ], [ 5.057534751387731, 52.316704073165859 ], [ 5.057484186715103, 52.316739714434092 ], [ 5.056554412936272, 52.316422999066049 ], [ 5.05579287199869, 52.31638781119225 ], [ 5.05571375101142, 52.317355756389695 ], [ 5.054790649886226, 52.318341807991949 ], [ 5.054683063318793, 52.318421712682635 ], [ 5.057206211869332, 52.320059397127814 ], [ 5.057753600992716, 52.320380642048733 ], [ 5.058035370028457, 52.320512823747421 ], [ 5.058282433214496, 52.320599551383175 ], [ 5.059289388991147, 52.320910595149918 ], [ 5.060143562457792, 52.321195766304221 ], [ 5.060651387859344, 52.321418561107514 ], [ 5.060919859421587, 52.321599422282013 ], [ 5.061096823099924, 52.321759136578066 ], [ 5.061247108143397, 52.321960714815546 ], [ 5.061338835549054, 52.322133661350058 ], [ 5.061403111042994, 52.322326617648507 ], [ 5.061210747435712, 52.32235988903625 ], [ 5.061512979996657, 52.323674794315444 ], [ 5.060123576358242, 52.324043298478195 ], [ 5.059513454919958, 52.324315044289499 ], [ 5.059014187638848, 52.324512463317525 ], [ 5.05887031339894, 52.32459865282344 ], [ 5.057949347841834, 52.324896360240139 ], [ 5.057203584191862, 52.325101917341065 ], [ 5.05581106291067, 52.325441538580051 ], [ 5.055686295714562, 52.325410539187018 ], [ 5.055645544176253, 52.325420715652591 ], [ 5.055571348054858, 52.325532521361858 ], [ 5.055361188611371, 52.325585682759034 ], [ 5.056228321041187, 52.325929025266362 ], [ 5.05461164417907, 52.326376918827521 ], [ 5.054977794297495, 52.326701908439098 ], [ 5.053885493991071, 52.327031787075157 ], [ 5.053357746550895, 52.327262524576696 ], [ 5.052907419278765, 52.327428424388877 ], [ 5.050878396198246, 52.328122048942738 ], [ 5.050638411420826, 52.327652304880687 ], [ 5.050614705330878, 52.327625964815986 ], [ 5.050573888951514, 52.327621743416465 ], [ 5.048054793362788, 52.328235156815666 ], [ 5.046841102882611, 52.328511633977996 ], [ 5.04656616133668, 52.328371232906747 ], [ 5.046409022822657, 52.328373792320434 ], [ 5.046180239363916, 52.328264358708829 ], [ 5.046090628272546, 52.328259086170995 ], [ 5.041940008402777, 52.329159553640793 ], [ 5.038885350347081, 52.329755887118033 ], [ 5.036506317956984, 52.330188320324893 ], [ 5.032871450552342, 52.330796284282428 ], [ 5.031814151179606, 52.330959159130401 ], [ 5.03140824285422, 52.331047846428902 ], [ 5.030775814652037, 52.331151104689965 ], [ 5.030700752024165, 52.331148735377433 ], [ 5.030591142648803, 52.331075354509991 ], [ 5.030532891715066, 52.331064826238631 ], [ 5.02996939202936, 52.331136776122712 ], [ 5.028183843139843, 52.331312396683842 ], [ 5.02705019712027, 52.331327867955608 ], [ 5.025997829523853, 52.331304716261819 ], [ 5.025559163967037, 52.331319503543746 ], [ 5.024857623816374, 52.331384617813086 ], [ 5.024814684479925, 52.33139766647114 ], [ 5.024797907863023, 52.331434324812314 ], [ 5.024777702898228, 52.332116154953773 ], [ 5.022162478885331, 52.331963581949182 ], [ 5.021789942559645, 52.331929268797929 ], [ 5.021349095084629, 52.332022985281917 ], [ 5.020136720503761, 52.332214423393388 ], [ 5.019178502684187, 52.332300728118469 ], [ 5.018301537384992, 52.332340794333867 ], [ 5.016341579282797, 52.332368726679277 ], [ 5.016270241710918, 52.332404183783289 ], [ 5.016096760455446, 52.332618637015685 ] ] ], [ [ [ 5.029753438996018, 52.319396753292494 ], [ 5.030102421231094, 52.319650200206993 ], [ 5.030262697414985, 52.319736219990112 ], [ 5.030631474680712, 52.31983354358352 ], [ 5.03104012182957, 52.319876538530323 ], [ 5.031085502985704, 52.319905780166977 ], [ 5.031093914459368, 52.319987425965941 ], [ 5.030765048969847, 52.321011273033335 ], [ 5.030754310363667, 52.32107238705597 ], [ 5.030766905751229, 52.321111159677443 ], [ 5.03199326612945, 52.32351250738207 ], [ 5.033110985845201, 52.325555515968716 ], [ 5.034907668052761, 52.329175345267139 ], [ 5.035259082161475, 52.329772578832468 ], [ 5.035297322475435, 52.329808841579947 ], [ 5.035393771209772, 52.329802498760138 ], [ 5.036872952417296, 52.329509646312474 ], [ 5.039542077181024, 52.329048536056483 ], [ 5.04058587013218, 52.328825779122923 ], [ 5.041391249752227, 52.328610439187393 ], [ 5.042653131705459, 52.328194786618283 ], [ 5.042932153073299, 52.328072790859835 ], [ 5.043230123905698, 52.327921596917442 ], [ 5.043530243332607, 52.327737505381315 ], [ 5.04372833863887, 52.327600834312207 ], [ 5.044191589776777, 52.327224054298426 ], [ 5.044359582239553, 52.3271257884983 ], [ 5.044813761107101, 52.32692143585146 ], [ 5.045404598334262, 52.326766929210144 ], [ 5.045930442014618, 52.326704368272281 ], [ 5.046420501645345, 52.326705875577716 ], [ 5.046911205909312, 52.326764804984379 ], [ 5.047834171747534, 52.326956887755685 ], [ 5.048116843486963, 52.326990118122005 ], [ 5.048517166556279, 52.327000905715849 ], [ 5.048875949796525, 52.326976680173608 ], [ 5.049377518770061, 52.326910299633681 ], [ 5.050167226734477, 52.326734301660522 ], [ 5.05114919524142, 52.326490475119954 ], [ 5.049996818575814, 52.325346230419612 ], [ 5.049935099135265, 52.325302459123932 ], [ 5.049385038294612, 52.325319419759523 ], [ 5.046592264311495, 52.325270576487831 ], [ 5.046618766494726, 52.324963499496469 ], [ 5.04688438732514, 52.323423493904272 ], [ 5.047655769795377, 52.319573727907553 ], [ 5.047554277735761, 52.318820270597051 ], [ 5.046898993871744, 52.316764952709143 ], [ 5.046686442369442, 52.316674805369907 ], [ 5.046638288704298, 52.316624952719991 ], [ 5.046161516341682, 52.315237502087513 ], [ 5.042601909784106, 52.315989815118101 ], [ 5.042590271180862, 52.316209252316327 ], [ 5.042445753403432, 52.31624016763061 ], [ 5.042170791505284, 52.316080740484537 ], [ 5.041724859782445, 52.315272898451823 ], [ 5.041730801901974, 52.315247489849952 ], [ 5.04177307999169, 52.315229024514167 ], [ 5.042240436740261, 52.31510686007509 ], [ 5.042170494030013, 52.315003978270553 ], [ 5.041638595050018, 52.314523657577389 ], [ 5.041686127892413, 52.31448414704105 ], [ 5.042344210722214, 52.314187884480802 ], [ 5.042353732091063, 52.314171766330247 ], [ 5.04234117687959, 52.314150081694059 ], [ 5.042202925637007, 52.314032427844914 ], [ 5.041188326062558, 52.314457936017369 ], [ 5.041144057711604, 52.314491006247323 ], [ 5.041113579713736, 52.314581997292073 ], [ 5.041054435916632, 52.314623610749713 ], [ 5.040940569763123, 52.314642996247613 ], [ 5.04080031687898, 52.314610137288589 ], [ 5.040750142160863, 52.314616646784245 ], [ 5.039169339405739, 52.315305816214583 ], [ 5.039107104213326, 52.315297703847563 ], [ 5.038706459758722, 52.315064244161981 ], [ 5.038312441325432, 52.315255323371836 ], [ 5.038249737068828, 52.315209440723365 ], [ 5.033712946812747, 52.317388246908365 ], [ 5.033249561588005, 52.317645340659446 ], [ 5.032800222123028, 52.317938983230505 ], [ 5.032141204966162, 52.318268050829758 ], [ 5.031865207789225, 52.318275515960536 ], [ 5.030887935690473, 52.318731159183649 ], [ 5.030819609797011, 52.318898954637952 ], [ 5.029853912449841, 52.319351064900417 ], [ 5.029792953042767, 52.319303777576295 ], [ 5.029699273249742, 52.319349909849848 ], [ 5.029753438996018, 52.319396753292494 ] ] ], [ [ [ 5.067595355121421, 52.364881570896763 ], [ 5.067654903925058, 52.365073591201629 ], [ 5.067859539970831, 52.365278558737153 ], [ 5.067960796531088, 52.365337534472062 ], [ 5.068096845750779, 52.365392999509183 ], [ 5.068369254217658, 52.365455941370151 ], [ 5.068807590281632, 52.365458907557382 ], [ 5.069763726203204, 52.365338811448389 ], [ 5.069941308274554, 52.365275283770039 ], [ 5.0700434489999, 52.365202680418449 ], [ 5.070137009735763, 52.365110489520326 ], [ 5.070242616307997, 52.364959663987328 ], [ 5.07028740576502, 52.364785557204719 ], [ 5.07028819329865, 52.364675344297524 ], [ 5.070190895606541, 52.364475961251742 ], [ 5.070098664408549, 52.364381504787488 ], [ 5.069887626095447, 52.364258289944729 ], [ 5.069734143967587, 52.364204552255707 ], [ 5.069522473861582, 52.364168425228925 ], [ 5.069060879157737, 52.364163621376107 ], [ 5.068465246694138, 52.364231343819441 ], [ 5.068250123227169, 52.364271654320191 ], [ 5.067953138685425, 52.364384625907164 ], [ 5.067804372132374, 52.364474898391229 ], [ 5.067640587831809, 52.364641567376161 ], [ 5.067599309949695, 52.364730346980984 ], [ 5.067595355121421, 52.364881570896763 ] ] ] ] } }
]
}
